2026-05-25 07:38:38,040 [INFO] ThemeLauncher: Theme Launcher starting...
2026-05-25 07:38:38,041 [INFO] ThemeLauncher: Requesting admin elevation...
2026-05-25 07:38:38,545 [INFO] ThemeLauncher: Theme Launcher starting...
2026-05-25 07:38:38,546 [INFO] ThemeLauncher: Running with administrator privileges
2026-05-25 07:38:38,565 [WARNING] ThemeLauncher: Component 'themes' variant[0] references missing file: themes/Black-DASH.theme
2026-05-25 07:38:38,565 [WARNING] ThemeLauncher: Component 'themes' variant[1] references missing file: themes/Black-DOTS.theme
2026-05-25 07:38:38,565 [WARNING] ThemeLauncher: Component 'themes' variant[2] references missing file: themes/Black-LIN.theme
2026-05-25 07:38:38,565 [WARNING] ThemeLauncher: Component 'themes' variant[3] references missing file: themes/Black-Mac.theme
2026-05-25 07:38:38,566 [WARNING] ThemeLauncher: Component 'themes' variant[4] references missing file: themes/Black-NU.theme
2026-05-25 07:38:38,566 [WARNING] ThemeLauncher: Component 'themes' variant[5] references missing file: themes/Black-Round.theme
2026-05-25 07:38:38,566 [WARNING] ThemeLauncher: Component 'themes' variant[6] references missing file: themes/Black-SLASH.theme
2026-05-25 07:38:38,566 [WARNING] ThemeLauncher: Component 'themes' variant[7] references missing file: themes/Black-Win.theme
2026-05-25 07:38:38,566 [WARNING] ThemeLauncher: Component 'themes' variant[8] references missing file: themes/Dark-DASH.theme
2026-05-25 07:38:38,566 [WARNING] ThemeLauncher: Component 'themes' variant[9] references missing file: themes/Dark-DOTS.theme
2026-05-25 07:38:38,566 [WARNING] ThemeLauncher: Component 'themes' variant[10] references missing file: themes/Dark-LIN.theme
2026-05-25 07:38:38,566 [WARNING] ThemeLauncher: Component 'themes' variant[11] references missing file: themes/Dark-Mac.theme
2026-05-25 07:38:38,566 [WARNING] ThemeLauncher: Component 'themes' variant[12] references missing file: themes/Dark-NU.theme
2026-05-25 07:38:38,566 [WARNING] ThemeLauncher: Component 'themes' variant[13] references missing file: themes/Dark-Round.theme
2026-05-25 07:38:38,567 [WARNING] ThemeLauncher: Component 'themes' variant[14] references missing file: themes/Dark-SLASH.theme
2026-05-25 07:38:38,567 [WARNING] ThemeLauncher: Component 'themes' variant[15] references missing file: themes/Dark-Win.theme
2026-05-25 07:38:38,567 [INFO] ThemeLauncher: Loaded theme: BlackIsBack
2026-05-25 07:38:38,567 [INFO] ThemeLauncher: Loaded theme: Buuf OS2
2026-05-25 07:38:38,568 [WARNING] ThemeLauncher: Component 'wallpapers' variant[0] references missing file: wallpapers/Delta v1/casey-horner-NIIVU-unsplash.jpg
2026-05-25 07:38:38,568 [WARNING] ThemeLauncher: Component 'wallpapers' variant[1] references missing file: wallpapers/Delta v1/daniel-mirlea-NIIVU-unsplash.jpg
2026-05-25 07:38:38,568 [WARNING] ThemeLauncher: Component 'wallpapers' variant[2] references missing file: wallpapers/Delta v1/joshua-earle-NIIVU-unsplash.jpg
2026-05-25 07:38:38,568 [WARNING] ThemeLauncher: Component 'wallpapers' variant[3] references missing file: wallpapers/Delta v1/petr-slovacek-NIIVU-unsplash.jpg
2026-05-25 07:38:38,568 [WARNING] ThemeLauncher: Component 'wallpapers' variant[4] references missing file: wallpapers/Delta v1/waves.jpeg
2026-05-25 07:38:38,568 [WARNING] ThemeLauncher: Component 'wallpapers' variant[5] references missing file: wallpapers/Delta v1/foggy.jpeg
2026-05-25 07:38:38,569 [WARNING] ThemeLauncher: Component 'wallpapers' variant[6] references missing file: wallpapers/Delta v1/geo.jpeg
2026-05-25 07:38:38,569 [WARNING] ThemeLauncher: Component 'wallpapers' variant[7] references missing file: wallpapers/Delta v1/nebula.jpeg
2026-05-25 07:38:38,569 [WARNING] ThemeLauncher: Component 'wallpapers' variant[8] references missing file: wallpapers/Delta v1/waterfall.jpeg
2026-05-25 07:38:38,569 [WARNING] ThemeLauncher: Component 'wallpapers' variant[9] references missing file: wallpapers/Delta v1/drip.jpeg
2026-05-25 07:38:38,569 [WARNING] ThemeLauncher: Unknown component type 'basebrd' in manifest
2026-05-25 07:38:38,569 [INFO] ThemeLauncher: Loaded theme: Delta v1
2026-05-25 07:38:38,571 [WARNING] ThemeLauncher: Unknown component type 'basebrd' in manifest
2026-05-25 07:38:38,572 [INFO] ThemeLauncher: Loaded theme: Delta v2
2026-05-25 07:38:38,572 [WARNING] ThemeLauncher: Component 'msstyles' variant[0] references missing file: msstyles/MAC/DRK 25 MAC.msstyles
2026-05-25 07:38:38,572 [WARNING] ThemeLauncher: Component 'msstyles' variant[1] references missing file: msstyles/MAC/DRK 25 MAC - dark.msstyles
2026-05-25 07:38:38,572 [WARNING] ThemeLauncher: Component 'msstyles' variant[2] references missing file: msstyles/MAC/DRK 25 MAC - light.msstyles
2026-05-25 07:38:38,572 [WARNING] ThemeLauncher: Component 'msstyles' variant[3] references missing file: msstyles/SQR/DRK 25 SQR.msstyles
2026-05-25 07:38:38,572 [WARNING] ThemeLauncher: Component 'msstyles' variant[4] references missing file: msstyles/SQR/DRK 25 SQR - dark.msstyles
2026-05-25 07:38:38,573 [WARNING] ThemeLauncher: Component 'msstyles' variant[5] references missing file: msstyles/SQR/DRK 25 SQR - light.msstyles
2026-05-25 07:38:38,573 [WARNING] ThemeLauncher: Component 'themes' variant[0] references missing file: themes/MAC/DRK 25 MAC.theme
2026-05-25 07:38:38,574 [WARNING] ThemeLauncher: Component 'themes' variant[1] references missing file: themes/MAC/DRK 25 MAC - Dark.theme
2026-05-25 07:38:38,574 [WARNING] ThemeLauncher: Component 'themes' variant[2] references missing file: themes/MAC/DRK 25 MAC - Light.theme
2026-05-25 07:38:38,574 [WARNING] ThemeLauncher: Component 'themes' variant[3] references missing file: themes/SQR/DRK 25 SQR.theme
2026-05-25 07:38:38,574 [WARNING] ThemeLauncher: Component 'themes' variant[4] references missing file: themes/SQR/DRK 25 SQR - Dark.theme
2026-05-25 07:38:38,574 [WARNING] ThemeLauncher: Component 'themes' variant[5] references missing file: themes/SQR/DRK 25 SQR - Light.theme
2026-05-25 07:38:38,574 [WARNING] ThemeLauncher: Component 'themes' variant[6] references missing file: themes/WIN/DRK 25 WIN.theme
2026-05-25 07:38:38,574 [WARNING] ThemeLauncher: Component 'themes' variant[7] references missing file: themes/WIN/DRK 25 WIN - Dark.theme
2026-05-25 07:38:38,574 [WARNING] ThemeLauncher: Component 'themes' variant[8] references missing file: themes/WIN/DRK 25 WIN - Light.theme
2026-05-25 07:38:38,575 [INFO] ThemeLauncher: Loaded theme: DRK 25
2026-05-25 07:38:38,575 [WARNING] ThemeLauncher: Skipping Extras: No manifest.json found in C:\\Users\\kyleh\\.gemini\\themes\Extras
2026-05-25 07:38:38,576 [INFO] ThemeLauncher: Loaded theme: Gruvbox
2026-05-25 07:38:38,576 [WARNING] ThemeLauncher: Skipping iWin: No manifest.json found in C:\\Users\\kyleh\\.gemini\\themes\iWin
2026-05-25 07:38:38,577 [INFO] ThemeLauncher: Loaded theme: Janguru
2026-05-25 07:38:38,578 [WARNING] ThemeLauncher: Folder component 'windhawk' has no 'path' key — may fail to apply
2026-05-25 07:38:38,580 [INFO] ThemeLauncher: Loaded theme: Japan 26
2026-05-25 07:38:38,581 [INFO] ThemeLauncher: Loaded theme: Kanagawa
2026-05-25 07:38:38,582 [INFO] ThemeLauncher: Loaded theme: Kripton
2026-05-25 07:38:38,583 [INFO] ThemeLauncher: Loaded theme: Night Owl
2026-05-25 07:38:38,584 [WARNING] ThemeLauncher: Component 'themes' variant[0] references missing file: themes/Paranoid Android - LUV - dark.theme
2026-05-25 07:38:38,584 [WARNING] ThemeLauncher: Component 'themes' variant[1] references missing file: themes/Paranoid Android - LUV - light.theme
2026-05-25 07:38:38,584 [WARNING] ThemeLauncher: Component 'themes' variant[2] references missing file: themes/Paranoid Android - LUV - night.theme
2026-05-25 07:38:38,584 [WARNING] ThemeLauncher: Component 'themes' variant[3] references missing file: themes/Paranoid Android - Nebula - dark.theme
2026-05-25 07:38:38,584 [WARNING] ThemeLauncher: Component 'themes' variant[4] references missing file: themes/Paranoid Android - Nebula - light.theme
2026-05-25 07:38:38,584 [WARNING] ThemeLauncher: Component 'themes' variant[5] references missing file: themes/Paranoid Android - Nebula - night.theme
2026-05-25 07:38:38,585 [WARNING] ThemeLauncher: Component 'themes' variant[6] references missing file: themes/Paranoid Android - Sweet - dark.theme
2026-05-25 07:38:38,585 [WARNING] ThemeLauncher: Component 'themes' variant[7] references missing file: themes/Paranoid Android - Sweet - light.theme
2026-05-25 07:38:38,585 [WARNING] ThemeLauncher: Component 'themes' variant[8] references missing file: themes/Paranoid Android - Sweet - night.theme
2026-05-25 07:38:38,585 [INFO] ThemeLauncher: Loaded theme: Paranoid Android
2026-05-25 07:38:38,590 [WARNING] ThemeLauncher: Component 'cursors' references missing path: cursors
2026-05-25 07:38:38,590 [INFO] ThemeLauncher: Loaded theme: Rose Pine
2026-05-25 07:38:38,592 [INFO] ThemeLauncher: Loaded theme: Solarized
2026-05-25 07:38:38,593 [WARNING] ThemeLauncher: Component 'themes' variant[0] references missing file: themes/SynthWave '84 dark - luv.theme
2026-05-25 07:38:38,593 [WARNING] ThemeLauncher: Component 'themes' variant[1] references missing file: themes/SynthWave '84 dark - mac.theme
2026-05-25 07:38:38,593 [WARNING] ThemeLauncher: Component 'themes' variant[2] references missing file: themes/SynthWave '84 dark - mac gloss.theme
2026-05-25 07:38:38,593 [WARNING] ThemeLauncher: Component 'themes' variant[3] references missing file: themes/SynthWave '84 dark - nude.theme
2026-05-25 07:38:38,593 [WARNING] ThemeLauncher: Component 'themes' variant[4] references missing file: themes/SynthWave '84 night - luv.theme
2026-05-25 07:38:38,593 [WARNING] ThemeLauncher: Component 'themes' variant[5] references missing file: themes/SynthWave '84 night - mac.theme
2026-05-25 07:38:38,594 [WARNING] ThemeLauncher: Component 'themes' variant[6] references missing file: themes/SynthWave '84 night - mac gloss.theme
2026-05-25 07:38:38,594 [WARNING] ThemeLauncher: Component 'themes' variant[7] references missing file: themes/SynthWave '84 night - nude.theme
2026-05-25 07:38:38,594 [INFO] ThemeLauncher: Loaded theme: SynthWave '84
2026-05-25 07:38:38,595 [WARNING] ThemeLauncher: Unknown component type 'startorbs' in manifest
2026-05-25 07:38:38,596 [INFO] ThemeLauncher: Loaded theme: Tokyo Night
2026-05-25 07:38:38,596 [WARNING] ThemeLauncher: Component 'themes' variant[0] references missing file: themes/Black-DASH.theme
2026-05-25 07:38:38,596 [WARNING] ThemeLauncher: Component 'themes' variant[1] references missing file: themes/Black-DOTS.theme
2026-05-25 07:38:38,597 [WARNING] ThemeLauncher: Component 'themes' variant[2] references missing file: themes/Black-LIN.theme
2026-05-25 07:38:38,597 [WARNING] ThemeLauncher: Component 'themes' variant[3] references missing file: themes/Black-Mac.theme
2026-05-25 07:38:38,597 [WARNING] ThemeLauncher: Component 'themes' variant[4] references missing file: themes/Black-NU.theme
2026-05-25 07:38:38,597 [WARNING] ThemeLauncher: Component 'themes' variant[5] references missing file: themes/Black-Round.theme
2026-05-25 07:38:38,597 [WARNING] ThemeLauncher: Component 'themes' variant[6] references missing file: themes/Black-SLASH.theme
2026-05-25 07:38:38,597 [WARNING] ThemeLauncher: Component 'themes' variant[7] references missing file: themes/Black-Win.theme
2026-05-25 07:38:38,597 [WARNING] ThemeLauncher: Component 'themes' variant[8] references missing file: themes/Dark-DASH.theme
2026-05-25 07:38:38,597 [WARNING] ThemeLauncher: Component 'themes' variant[9] references missing file: themes/Dark-DOTS.theme
2026-05-25 07:38:38,598 [WARNING] ThemeLauncher: Component 'themes' variant[10] references missing file: themes/Dark-LIN.theme
2026-05-25 07:38:38,598 [WARNING] ThemeLauncher: Component 'themes' variant[11] references missing file: themes/Dark-Mac.theme
2026-05-25 07:38:38,598 [WARNING] ThemeLauncher: Component 'themes' variant[12] references missing file: themes/Dark-NU.theme
2026-05-25 07:38:38,598 [WARNING] ThemeLauncher: Component 'themes' variant[13] references missing file: themes/Dark-Round.theme
2026-05-25 07:38:38,598 [WARNING] ThemeLauncher: Component 'themes' variant[14] references missing file: themes/Dark-SLASH.theme
2026-05-25 07:38:38,598 [WARNING] ThemeLauncher: Component 'themes' variant[15] references missing file: themes/Dark-Win.theme
2026-05-25 07:38:38,598 [INFO] ThemeLauncher: Loaded theme: BlackIsBack
2026-05-25 07:38:38,599 [INFO] ThemeLauncher: Loaded theme: Buuf OS2
2026-05-25 07:38:38,599 [WARNING] ThemeLauncher: Component 'wallpapers' variant[0] references missing file: wallpapers/Delta v1/casey-horner-NIIVU-unsplash.jpg
2026-05-25 07:38:38,600 [WARNING] ThemeLauncher: Component 'wallpapers' variant[1] references missing file: wallpapers/Delta v1/daniel-mirlea-NIIVU-unsplash.jpg
2026-05-25 07:38:38,600 [WARNING] ThemeLauncher: Component 'wallpapers' variant[2] references missing file: wallpapers/Delta v1/joshua-earle-NIIVU-unsplash.jpg
2026-05-25 07:38:38,600 [WARNING] ThemeLauncher: Component 'wallpapers' variant[3] references missing file: wallpapers/Delta v1/petr-slovacek-NIIVU-unsplash.jpg
2026-05-25 07:38:38,600 [WARNING] ThemeLauncher: Component 'wallpapers' variant[4] references missing file: wallpapers/Delta v1/waves.jpeg
2026-05-25 07:38:38,600 [WARNING] ThemeLauncher: Component 'wallpapers' variant[5] references missing file: wallpapers/Delta v1/foggy.jpeg
2026-05-25 07:38:38,600 [WARNING] ThemeLauncher: Component 'wallpapers' variant[6] references missing file: wallpapers/Delta v1/geo.jpeg
2026-05-25 07:38:38,600 [WARNING] ThemeLauncher: Component 'wallpapers' variant[7] references missing file: wallpapers/Delta v1/nebula.jpeg
2026-05-25 07:38:38,601 [WARNING] ThemeLauncher: Component 'wallpapers' variant[8] references missing file: wallpapers/Delta v1/waterfall.jpeg
2026-05-25 07:38:38,601 [WARNING] ThemeLauncher: Component 'wallpapers' variant[9] references missing file: wallpapers/Delta v1/drip.jpeg
2026-05-25 07:38:38,601 [WARNING] ThemeLauncher: Unknown component type 'basebrd' in manifest
2026-05-25 07:38:38,601 [INFO] ThemeLauncher: Loaded theme: Delta v1
2026-05-25 07:38:38,602 [WARNING] ThemeLauncher: Unknown component type 'basebrd' in manifest
2026-05-25 07:38:38,602 [INFO] ThemeLauncher: Loaded theme: Delta v2
2026-05-25 07:38:38,602 [WARNING] ThemeLauncher: Component 'msstyles' variant[0] references missing file: msstyles/MAC/DRK 25 MAC.msstyles
2026-05-25 07:38:38,602 [WARNING] ThemeLauncher: Component 'msstyles' variant[1] references missing file: msstyles/MAC/DRK 25 MAC - dark.msstyles
2026-05-25 07:38:38,602 [WARNING] ThemeLauncher: Component 'msstyles' variant[2] references missing file: msstyles/MAC/DRK 25 MAC - light.msstyles
2026-05-25 07:38:38,602 [WARNING] ThemeLauncher: Component 'msstyles' variant[3] references missing file: msstyles/SQR/DRK 25 SQR.msstyles
2026-05-25 07:38:38,603 [WARNING] ThemeLauncher: Component 'msstyles' variant[4] references missing file: msstyles/SQR/DRK 25 SQR - dark.msstyles
2026-05-25 07:38:38,603 [WARNING] ThemeLauncher: Component 'msstyles' variant[5] references missing file: msstyles/SQR/DRK 25 SQR - light.msstyles
2026-05-25 07:38:38,603 [WARNING] ThemeLauncher: Component 'themes' variant[0] references missing file: themes/MAC/DRK 25 MAC.theme
2026-05-25 07:38:38,603 [WARNING] ThemeLauncher: Component 'themes' variant[1] references missing file: themes/MAC/DRK 25 MAC - Dark.theme
2026-05-25 07:38:38,603 [WARNING] ThemeLauncher: Component 'themes' variant[2] references missing file: themes/MAC/DRK 25 MAC - Light.theme
2026-05-25 07:38:38,603 [WARNING] ThemeLauncher: Component 'themes' variant[3] references missing file: themes/SQR/DRK 25 SQR.theme
2026-05-25 07:38:38,603 [WARNING] ThemeLauncher: Component 'themes' variant[4] references missing file: themes/SQR/DRK 25 SQR - Dark.theme
2026-05-25 07:38:38,604 [WARNING] ThemeLauncher: Component 'themes' variant[5] references missing file: themes/SQR/DRK 25 SQR - Light.theme
2026-05-25 07:38:38,604 [WARNING] ThemeLauncher: Component 'themes' variant[6] references missing file: themes/WIN/DRK 25 WIN.theme
2026-05-25 07:38:38,604 [WARNING] ThemeLauncher: Component 'themes' variant[7] references missing file: themes/WIN/DRK 25 WIN - Dark.theme
2026-05-25 07:38:38,604 [WARNING] ThemeLauncher: Component 'themes' variant[8] references missing file: themes/WIN/DRK 25 WIN - Light.theme
2026-05-25 07:38:38,604 [INFO] ThemeLauncher: Loaded theme: DRK 25
2026-05-25 07:38:38,604 [WARNING] ThemeLauncher: Skipping Extras: No manifest.json found in C:\\Users\\kyleh\\.gemini\\themes\Extras
2026-05-25 07:38:38,605 [INFO] ThemeLauncher: Loaded theme: Gruvbox
2026-05-25 07:38:38,606 [WARNING] ThemeLauncher: Skipping iWin: No manifest.json found in C:\\Users\\kyleh\\.gemini\\themes\iWin
2026-05-25 07:38:38,606 [INFO] ThemeLauncher: Loaded theme: Janguru
2026-05-25 07:38:38,607 [WARNING] ThemeLauncher: Folder component 'windhawk' has no 'path' key — may fail to apply
2026-05-25 07:38:38,607 [INFO] ThemeLauncher: Loaded theme: Japan 26
2026-05-25 07:38:38,608 [INFO] ThemeLauncher: Loaded theme: Kanagawa
2026-05-25 07:38:38,609 [INFO] ThemeLauncher: Loaded theme: Kripton
2026-05-25 07:38:38,610 [INFO] ThemeLauncher: Loaded theme: Night Owl
2026-05-25 07:38:38,611 [WARNING] ThemeLauncher: Component 'themes' variant[0] references missing file: themes/Paranoid Android - LUV - dark.theme
2026-05-25 07:38:38,611 [WARNING] ThemeLauncher: Component 'themes' variant[1] references missing file: themes/Paranoid Android - LUV - light.theme
2026-05-25 07:38:38,611 [WARNING] ThemeLauncher: Component 'themes' variant[2] references missing file: themes/Paranoid Android - LUV - night.theme
2026-05-25 07:38:38,611 [WARNING] ThemeLauncher: Component 'themes' variant[3] references missing file: themes/Paranoid Android - Nebula - dark.theme
2026-05-25 07:38:38,611 [WARNING] ThemeLauncher: Component 'themes' variant[4] references missing file: themes/Paranoid Android - Nebula - light.theme
2026-05-25 07:38:38,612 [WARNING] ThemeLauncher: Component 'themes' variant[5] references missing file: themes/Paranoid Android - Nebula - night.theme
2026-05-25 07:38:38,612 [WARNING] ThemeLauncher: Component 'themes' variant[6] references missing file: themes/Paranoid Android - Sweet - dark.theme
2026-05-25 07:38:38,612 [WARNING] ThemeLauncher: Component 'themes' variant[7] references missing file: themes/Paranoid Android - Sweet - light.theme
2026-05-25 07:38:38,612 [WARNING] ThemeLauncher: Component 'themes' variant[8] references missing file: themes/Paranoid Android - Sweet - night.theme
2026-05-25 07:38:38,612 [INFO] ThemeLauncher: Loaded theme: Paranoid Android
2026-05-25 07:38:38,613 [WARNING] ThemeLauncher: Component 'cursors' references missing path: cursors
2026-05-25 07:38:38,614 [INFO] ThemeLauncher: Loaded theme: Rose Pine
2026-05-25 07:38:38,614 [INFO] ThemeLauncher: Loaded theme: Solarized
2026-05-25 07:38:38,615 [WARNING] ThemeLauncher: Component 'themes' variant[0] references missing file: themes/SynthWave '84 dark - luv.theme
2026-05-25 07:38:38,615 [WARNING] ThemeLauncher: Component 'themes' variant[1] references missing file: themes/SynthWave '84 dark - mac.theme
2026-05-25 07:38:38,615 [WARNING] ThemeLauncher: Component 'themes' variant[2] references missing file: themes/SynthWave '84 dark - mac gloss.theme
2026-05-25 07:38:38,615 [WARNING] ThemeLauncher: Component 'themes' variant[3] references missing file: themes/SynthWave '84 dark - nude.theme
2026-05-25 07:38:38,615 [WARNING] ThemeLauncher: Component 'themes' variant[4] references missing file: themes/SynthWave '84 night - luv.theme
2026-05-25 07:38:38,616 [WARNING] ThemeLauncher: Component 'themes' variant[5] references missing file: themes/SynthWave '84 night - mac.theme
2026-05-25 07:38:38,616 [WARNING] ThemeLauncher: Component 'themes' variant[6] references missing file: themes/SynthWave '84 night - mac gloss.theme
2026-05-25 07:38:38,616 [WARNING] ThemeLauncher: Component 'themes' variant[7] references missing file: themes/SynthWave '84 night - nude.theme
2026-05-25 07:38:38,616 [INFO] ThemeLauncher: Loaded theme: SynthWave '84
2026-05-25 07:38:38,617 [WARNING] ThemeLauncher: Unknown component type 'startorbs' in manifest
2026-05-25 07:38:38,617 [INFO] ThemeLauncher: Loaded theme: Tokyo Night
2026-05-25 07:38:38,617 [INFO] ThemeLauncher: Discovered 16 theme(s)
2026-05-25 07:38:38,618 [INFO] ThemeLauncher: Windows Update Resilience Monitor active
2026-05-25 07:38:38,619 [INFO] ThemeLauncher: Scheduled Theme Switcher active
2026-05-25 07:39:46,602 [INFO] ThemeLauncher: Theme Launcher starting...
2026-05-25 07:39:46,602 [INFO] ThemeLauncher: Requesting admin elevation...
2026-05-25 07:39:47,033 [INFO] ThemeLauncher: Theme Launcher starting...
2026-05-25 07:39:47,033 [INFO] ThemeLauncher: Running with administrator privileges
2026-05-25 07:39:47,034 [WARNING] ThemeLauncher: Component 'themes' variant[0] references missing file: themes/Black-DASH.theme
2026-05-25 07:39:47,034 [WARNING] ThemeLauncher: Component 'themes' variant[1] references missing file: themes/Black-DOTS.theme
2026-05-25 07:39:47,035 [WARNING] ThemeLauncher: Component 'themes' variant[2] references missing file: themes/Black-LIN.theme
2026-05-25 07:39:47,035 [WARNING] ThemeLauncher: Component 'themes' variant[3] references missing file: themes/Black-Mac.theme
2026-05-25 07:39:47,035 [WARNING] ThemeLauncher: Component 'themes' variant[4] references missing file: themes/Black-NU.theme
2026-05-25 07:39:47,035 [WARNING] ThemeLauncher: Component 'themes' variant[5] references missing file: themes/Black-Round.theme
2026-05-25 07:39:47,035 [WARNING] ThemeLauncher: Component 'themes' variant[6] references missing file: themes/Black-SLASH.theme
2026-05-25 07:39:47,035 [WARNING] ThemeLauncher: Component 'themes' variant[7] references missing file: themes/Black-Win.theme
2026-05-25 07:39:47,035 [WARNING] ThemeLauncher: Component 'themes' variant[8] references missing file: themes/Dark-DASH.theme
2026-05-25 07:39:47,035 [WARNING] ThemeLauncher: Component 'themes' variant[9] references missing file: themes/Dark-DOTS.theme
2026-05-25 07:39:47,035 [WARNING] ThemeLauncher: Component 'themes' variant[10] references missing file: themes/Dark-LIN.theme
2026-05-25 07:39:47,035 [WARNING] ThemeLauncher: Component 'themes' variant[11] references missing file: themes/Dark-Mac.theme
2026-05-25 07:39:47,035 [WARNING] ThemeLauncher: Component 'themes' variant[12] references missing file: themes/Dark-NU.theme
2026-05-25 07:39:47,036 [WARNING] ThemeLauncher: Component 'themes' variant[13] references missing file: themes/Dark-Round.theme
2026-05-25 07:39:47,036 [WARNING] ThemeLauncher: Component 'themes' variant[14] references missing file: themes/Dark-SLASH.theme
2026-05-25 07:39:47,036 [WARNING] ThemeLauncher: Component 'themes' variant[15] references missing file: themes/Dark-Win.theme
2026-05-25 07:39:47,036 [INFO] ThemeLauncher: Loaded theme: BlackIsBack
2026-05-25 07:39:47,036 [INFO] ThemeLauncher: Loaded theme: Buuf OS2
2026-05-25 07:39:47,037 [WARNING] ThemeLauncher: Component 'wallpapers' variant[0] references missing file: wallpapers/Delta v1/casey-horner-NIIVU-unsplash.jpg
2026-05-25 07:39:47,037 [WARNING] ThemeLauncher: Component 'wallpapers' variant[1] references missing file: wallpapers/Delta v1/daniel-mirlea-NIIVU-unsplash.jpg
2026-05-25 07:39:47,037 [WARNING] ThemeLauncher: Component 'wallpapers' variant[2] references missing file: wallpapers/Delta v1/joshua-earle-NIIVU-unsplash.jpg
2026-05-25 07:39:47,038 [WARNING] ThemeLauncher: Component 'wallpapers' variant[3] references missing file: wallpapers/Delta v1/petr-slovacek-NIIVU-unsplash.jpg
2026-05-25 07:39:47,038 [WARNING] ThemeLauncher: Component 'wallpapers' variant[4] references missing file: wallpapers/Delta v1/waves.jpeg
2026-05-25 07:39:47,038 [WARNING] ThemeLauncher: Component 'wallpapers' variant[5] references missing file: wallpapers/Delta v1/foggy.jpeg
2026-05-25 07:39:47,038 [WARNING] ThemeLauncher: Component 'wallpapers' variant[6] references missing file: wallpapers/Delta v1/geo.jpeg
2026-05-25 07:39:47,038 [WARNING] ThemeLauncher: Component 'wallpapers' variant[7] references missing file: wallpapers/Delta v1/nebula.jpeg
2026-05-25 07:39:47,038 [WARNING] ThemeLauncher: Component 'wallpapers' variant[8] references missing file: wallpapers/Delta v1/waterfall.jpeg
2026-05-25 07:39:47,039 [WARNING] ThemeLauncher: Component 'wallpapers' variant[9] references missing file: wallpapers/Delta v1/drip.jpeg
2026-05-25 07:39:47,039 [WARNING] ThemeLauncher: Unknown component type 'basebrd' in manifest
2026-05-25 07:39:47,039 [INFO] ThemeLauncher: Loaded theme: Delta v1
2026-05-25 07:39:47,040 [WARNING] ThemeLauncher: Unknown component type 'basebrd' in manifest
2026-05-25 07:39:47,040 [INFO] ThemeLauncher: Loaded theme: Delta v2
2026-05-25 07:39:47,040 [WARNING] ThemeLauncher: Component 'msstyles' variant[0] references missing file: msstyles/MAC/DRK 25 MAC.msstyles
2026-05-25 07:39:47,040 [WARNING] ThemeLauncher: Component 'msstyles' variant[1] references missing file: msstyles/MAC/DRK 25 MAC - dark.msstyles
2026-05-25 07:39:47,040 [WARNING] ThemeLauncher: Component 'msstyles' variant[2] references missing file: msstyles/MAC/DRK 25 MAC - light.msstyles
2026-05-25 07:39:47,040 [WARNING] ThemeLauncher: Component 'msstyles' variant[3] references missing file: msstyles/SQR/DRK 25 SQR.msstyles
2026-05-25 07:39:47,041 [WARNING] ThemeLauncher: Component 'msstyles' variant[4] references missing file: msstyles/SQR/DRK 25 SQR - dark.msstyles
2026-05-25 07:39:47,041 [WARNING] ThemeLauncher: Component 'msstyles' variant[5] references missing file: msstyles/SQR/DRK 25 SQR - light.msstyles
2026-05-25 07:39:47,041 [WARNING] ThemeLauncher: Component 'themes' variant[0] references missing file: themes/MAC/DRK 25 MAC.theme
2026-05-25 07:39:47,041 [WARNING] ThemeLauncher: Component 'themes' variant[1] references missing file: themes/MAC/DRK 25 MAC - Dark.theme
2026-05-25 07:39:47,041 [WARNING] ThemeLauncher: Component 'themes' variant[2] references missing file: themes/MAC/DRK 25 MAC - Light.theme
2026-05-25 07:39:47,041 [WARNING] ThemeLauncher: Component 'themes' variant[3] references missing file: themes/SQR/DRK 25 SQR.theme
2026-05-25 07:39:47,041 [WARNING] ThemeLauncher: Component 'themes' variant[4] references missing file: themes/SQR/DRK 25 SQR - Dark.theme
2026-05-25 07:39:47,041 [WARNING] ThemeLauncher: Component 'themes' variant[5] references missing file: themes/SQR/DRK 25 SQR - Light.theme
2026-05-25 07:39:47,041 [WARNING] ThemeLauncher: Component 'themes' variant[6] references missing file: themes/WIN/DRK 25 WIN.theme
2026-05-25 07:39:47,041 [WARNING] ThemeLauncher: Component 'themes' variant[7] references missing file: themes/WIN/DRK 25 WIN - Dark.theme
2026-05-25 07:39:47,042 [WARNING] ThemeLauncher: Component 'themes' variant[8] references missing file: themes/WIN/DRK 25 WIN - Light.theme
2026-05-25 07:39:47,042 [INFO] ThemeLauncher: Loaded theme: DRK 25
2026-05-25 07:39:47,042 [WARNING] ThemeLauncher: Skipping Extras: No manifest.json found in C:\\Users\\kyleh\\.gemini\\themes\Extras
2026-05-25 07:39:47,043 [INFO] ThemeLauncher: Loaded theme: Gruvbox
2026-05-25 07:39:47,043 [WARNING] ThemeLauncher: Skipping iWin: No manifest.json found in C:\\Users\\kyleh\\.gemini\\themes\iWin
2026-05-25 07:39:47,044 [INFO] ThemeLauncher: Loaded theme: Janguru
2026-05-25 07:39:47,044 [WARNING] ThemeLauncher: Folder component 'windhawk' has no 'path' key — may fail to apply
2026-05-25 07:39:47,044 [INFO] ThemeLauncher: Loaded theme: Japan 26
2026-05-25 07:39:47,045 [INFO] ThemeLauncher: Loaded theme: Kanagawa
2026-05-25 07:39:47,046 [INFO] ThemeLauncher: Loaded theme: Kripton
2026-05-25 07:39:47,047 [INFO] ThemeLauncher: Loaded theme: Night Owl
2026-05-25 07:39:47,048 [WARNING] ThemeLauncher: Component 'themes' variant[0] references missing file: themes/Paranoid Android - LUV - dark.theme
2026-05-25 07:39:47,048 [WARNING] ThemeLauncher: Component 'themes' variant[1] references missing file: themes/Paranoid Android - LUV - light.theme
2026-05-25 07:39:47,048 [WARNING] ThemeLauncher: Component 'themes' variant[2] references missing file: themes/Paranoid Android - LUV - night.theme
2026-05-25 07:39:47,048 [WARNING] ThemeLauncher: Component 'themes' variant[3] references missing file: themes/Paranoid Android - Nebula - dark.theme
2026-05-25 07:39:47,048 [WARNING] ThemeLauncher: Component 'themes' variant[4] references missing file: themes/Paranoid Android - Nebula - light.theme
2026-05-25 07:39:47,048 [WARNING] ThemeLauncher: Component 'themes' variant[5] references missing file: themes/Paranoid Android - Nebula - night.theme
2026-05-25 07:39:47,048 [WARNING] ThemeLauncher: Component 'themes' variant[6] references missing file: themes/Paranoid Android - Sweet - dark.theme
2026-05-25 07:39:47,048 [WARNING] ThemeLauncher: Component 'themes' variant[7] references missing file: themes/Paranoid Android - Sweet - light.theme
2026-05-25 07:39:47,050 [WARNING] ThemeLauncher: Component 'themes' variant[8] references missing file: themes/Paranoid Android - Sweet - night.theme
2026-05-25 07:39:47,050 [INFO] ThemeLauncher: Loaded theme: Paranoid Android
2026-05-25 07:39:47,051 [WARNING] ThemeLauncher: Component 'cursors' references missing path: cursors
2026-05-25 07:39:47,051 [INFO] ThemeLauncher: Loaded theme: Rose Pine
2026-05-25 07:39:47,052 [INFO] ThemeLauncher: Loaded theme: Solarized
2026-05-25 07:39:47,052 [WARNING] ThemeLauncher: Component 'themes' variant[0] references missing file: themes/SynthWave '84 dark - luv.theme
2026-05-25 07:39:47,053 [WARNING] ThemeLauncher: Component 'themes' variant[1] references missing file: themes/SynthWave '84 dark - mac.theme
2026-05-25 07:39:47,053 [WARNING] ThemeLauncher: Component 'themes' variant[2] references missing file: themes/SynthWave '84 dark - mac gloss.theme
2026-05-25 07:39:47,053 [WARNING] ThemeLauncher: Component 'themes' variant[3] references missing file: themes/SynthWave '84 dark - nude.theme
2026-05-25 07:39:47,053 [WARNING] ThemeLauncher: Component 'themes' variant[4] references missing file: themes/SynthWave '84 night - luv.theme
2026-05-25 07:39:47,053 [WARNING] ThemeLauncher: Component 'themes' variant[5] references missing file: themes/SynthWave '84 night - mac.theme
2026-05-25 07:39:47,053 [WARNING] ThemeLauncher: Component 'themes' variant[6] references missing file: themes/SynthWave '84 night - mac gloss.theme
2026-05-25 07:39:47,053 [WARNING] ThemeLauncher: Component 'themes' variant[7] references missing file: themes/SynthWave '84 night - nude.theme
2026-05-25 07:39:47,054 [INFO] ThemeLauncher: Loaded theme: SynthWave '84
2026-05-25 07:39:47,055 [WARNING] ThemeLauncher: Unknown component type 'startorbs' in manifest
2026-05-25 07:39:47,055 [INFO] ThemeLauncher: Loaded theme: Tokyo Night
2026-05-25 07:39:47,055 [WARNING] ThemeLauncher: Component 'themes' variant[0] references missing file: themes/Black-DASH.theme
2026-05-25 07:39:47,055 [WARNING] ThemeLauncher: Component 'themes' variant[1] references missing file: themes/Black-DOTS.theme
2026-05-25 07:39:47,056 [WARNING] ThemeLauncher: Component 'themes' variant[2] references missing file: themes/Black-LIN.theme
2026-05-25 07:39:47,056 [WARNING] ThemeLauncher: Component 'themes' variant[3] references missing file: themes/Black-Mac.theme
2026-05-25 07:39:47,056 [WARNING] ThemeLauncher: Component 'themes' variant[4] references missing file: themes/Black-NU.theme
2026-05-25 07:39:47,056 [WARNING] ThemeLauncher: Component 'themes' variant[5] references missing file: themes/Black-Round.theme
2026-05-25 07:39:47,056 [WARNING] ThemeLauncher: Component 'themes' variant[6] references missing file: themes/Black-SLASH.theme
2026-05-25 07:39:47,056 [WARNING] ThemeLauncher: Component 'themes' variant[7] references missing file: themes/Black-Win.theme
2026-05-25 07:39:47,056 [WARNING] ThemeLauncher: Component 'themes' variant[8] references missing file: themes/Dark-DASH.theme
2026-05-25 07:39:47,056 [WARNING] ThemeLauncher: Component 'themes' variant[9] references missing file: themes/Dark-DOTS.theme
2026-05-25 07:39:47,057 [WARNING] ThemeLauncher: Component 'themes' variant[10] references missing file: themes/Dark-LIN.theme
2026-05-25 07:39:47,057 [WARNING] ThemeLauncher: Component 'themes' variant[11] references missing file: themes/Dark-Mac.theme
2026-05-25 07:39:47,057 [WARNING] ThemeLauncher: Component 'themes' variant[12] references missing file: themes/Dark-NU.theme
2026-05-25 07:39:47,057 [WARNING] ThemeLauncher: Component 'themes' variant[13] references missing file: themes/Dark-Round.theme
2026-05-25 07:39:47,057 [WARNING] ThemeLauncher: Component 'themes' variant[14] references missing file: themes/Dark-SLASH.theme
2026-05-25 07:39:47,057 [WARNING] ThemeLauncher: Component 'themes' variant[15] references missing file: themes/Dark-Win.theme
2026-05-25 07:39:47,057 [INFO] ThemeLauncher: Loaded theme: BlackIsBack
2026-05-25 07:39:47,058 [INFO] ThemeLauncher: Loaded theme: Buuf OS2
2026-05-25 07:39:47,058 [WARNING] ThemeLauncher: Component 'wallpapers' variant[0] references missing file: wallpapers/Delta v1/casey-horner-NIIVU-unsplash.jpg
2026-05-25 07:39:47,058 [WARNING] ThemeLauncher: Component 'wallpapers' variant[1] references missing file: wallpapers/Delta v1/daniel-mirlea-NIIVU-unsplash.jpg
2026-05-25 07:39:47,058 [WARNING] ThemeLauncher: Component 'wallpapers' variant[2] references missing file: wallpapers/Delta v1/joshua-earle-NIIVU-unsplash.jpg
2026-05-25 07:39:47,058 [WARNING] ThemeLauncher: Component 'wallpapers' variant[3] references missing file: wallpapers/Delta v1/petr-slovacek-NIIVU-unsplash.jpg
2026-05-25 07:39:47,059 [WARNING] ThemeLauncher: Component 'wallpapers' variant[4] references missing file: wallpapers/Delta v1/waves.jpeg
2026-05-25 07:39:47,059 [WARNING] ThemeLauncher: Component 'wallpapers' variant[5] references missing file: wallpapers/Delta v1/foggy.jpeg
2026-05-25 07:39:47,059 [WARNING] ThemeLauncher: Component 'wallpapers' variant[6] references missing file: wallpapers/Delta v1/geo.jpeg
2026-05-25 07:39:47,059 [WARNING] ThemeLauncher: Component 'wallpapers' variant[7] references missing file: wallpapers/Delta v1/nebula.jpeg
2026-05-25 07:39:47,059 [WARNING] ThemeLauncher: Component 'wallpapers' variant[8] references missing file: wallpapers/Delta v1/waterfall.jpeg
2026-05-25 07:39:47,059 [WARNING] ThemeLauncher: Component 'wallpapers' variant[9] references missing file: wallpapers/Delta v1/drip.jpeg
2026-05-25 07:39:47,059 [WARNING] ThemeLauncher: Unknown component type 'basebrd' in manifest
2026-05-25 07:39:47,059 [INFO] ThemeLauncher: Loaded theme: Delta v1
2026-05-25 07:39:47,060 [WARNING] ThemeLauncher: Unknown component type 'basebrd' in manifest
2026-05-25 07:39:47,060 [INFO] ThemeLauncher: Loaded theme: Delta v2
2026-05-25 07:39:47,060 [WARNING] ThemeLauncher: Component 'msstyles' variant[0] references missing file: msstyles/MAC/DRK 25 MAC.msstyles
2026-05-25 07:39:47,060 [WARNING] ThemeLauncher: Component 'msstyles' variant[1] references missing file: msstyles/MAC/DRK 25 MAC - dark.msstyles
2026-05-25 07:39:47,060 [WARNING] ThemeLauncher: Component 'msstyles' variant[2] references missing file: msstyles/MAC/DRK 25 MAC - light.msstyles
2026-05-25 07:39:47,061 [WARNING] ThemeLauncher: Component 'msstyles' variant[3] references missing file: msstyles/SQR/DRK 25 SQR.msstyles
2026-05-25 07:39:47,061 [WARNING] ThemeLauncher: Component 'msstyles' variant[4] references missing file: msstyles/SQR/DRK 25 SQR - dark.msstyles
2026-05-25 07:39:47,061 [WARNING] ThemeLauncher: Component 'msstyles' variant[5] references missing file: msstyles/SQR/DRK 25 SQR - light.msstyles
2026-05-25 07:39:47,061 [WARNING] ThemeLauncher: Component 'themes' variant[0] references missing file: themes/MAC/DRK 25 MAC.theme
2026-05-25 07:39:47,061 [WARNING] ThemeLauncher: Component 'themes' variant[1] references missing file: themes/MAC/DRK 25 MAC - Dark.theme
2026-05-25 07:39:47,061 [WARNING] ThemeLauncher: Component 'themes' variant[2] references missing file: themes/MAC/DRK 25 MAC - Light.theme
2026-05-25 07:39:47,061 [WARNING] ThemeLauncher: Component 'themes' variant[3] references missing file: themes/SQR/DRK 25 SQR.theme
2026-05-25 07:39:47,061 [WARNING] ThemeLauncher: Component 'themes' variant[4] references missing file: themes/SQR/DRK 25 SQR - Dark.theme
2026-05-25 07:39:47,061 [WARNING] ThemeLauncher: Component 'themes' variant[5] references missing file: themes/SQR/DRK 25 SQR - Light.theme
2026-05-25 07:39:47,062 [WARNING] ThemeLauncher: Component 'themes' variant[6] references missing file: themes/WIN/DRK 25 WIN.theme
2026-05-25 07:39:47,062 [WARNING] ThemeLauncher: Component 'themes' variant[7] references missing file: themes/WIN/DRK 25 WIN - Dark.theme
2026-05-25 07:39:47,062 [WARNING] ThemeLauncher: Component 'themes' variant[8] references missing file: themes/WIN/DRK 25 WIN - Light.theme
2026-05-25 07:39:47,062 [INFO] ThemeLauncher: Loaded theme: DRK 25
2026-05-25 07:39:47,062 [WARNING] ThemeLauncher: Skipping Extras: No manifest.json found in C:\\Users\\kyleh\\.gemini\\themes\Extras
2026-05-25 07:39:47,063 [INFO] ThemeLauncher: Loaded theme: Gruvbox
2026-05-25 07:39:47,063 [WARNING] ThemeLauncher: Skipping iWin: No manifest.json found in C:\\Users\\kyleh\\.gemini\\themes\iWin
2026-05-25 07:39:47,064 [INFO] ThemeLauncher: Loaded theme: Janguru
2026-05-25 07:39:47,065 [WARNING] ThemeLauncher: Folder component 'windhawk' has no 'path' key — may fail to apply
2026-05-25 07:39:47,065 [INFO] ThemeLauncher: Loaded theme: Japan 26
2026-05-25 07:39:47,066 [INFO] ThemeLauncher: Loaded theme: Kanagawa
2026-05-25 07:39:47,067 [INFO] ThemeLauncher: Loaded theme: Kripton
2026-05-25 07:39:47,068 [INFO] ThemeLauncher: Loaded theme: Night Owl
2026-05-25 07:39:47,069 [WARNING] ThemeLauncher: Component 'themes' variant[0] references missing file: themes/Paranoid Android - LUV - dark.theme
2026-05-25 07:39:47,069 [WARNING] ThemeLauncher: Component 'themes' variant[1] references missing file: themes/Paranoid Android - LUV - light.theme
2026-05-25 07:39:47,069 [WARNING] ThemeLauncher: Component 'themes' variant[2] references missing file: themes/Paranoid Android - LUV - night.theme
2026-05-25 07:39:47,069 [WARNING] ThemeLauncher: Component 'themes' variant[3] references missing file: themes/Paranoid Android - Nebula - dark.theme
2026-05-25 07:39:47,069 [WARNING] ThemeLauncher: Component 'themes' variant[4] references missing file: themes/Paranoid Android - Nebula - light.theme
2026-05-25 07:39:47,069 [WARNING] ThemeLauncher: Component 'themes' variant[5] references missing file: themes/Paranoid Android - Nebula - night.theme
2026-05-25 07:39:47,069 [WARNING] ThemeLauncher: Component 'themes' variant[6] references missing file: themes/Paranoid Android - Sweet - dark.theme
2026-05-25 07:39:47,070 [WARNING] ThemeLauncher: Component 'themes' variant[7] references missing file: themes/Paranoid Android - Sweet - light.theme
2026-05-25 07:39:47,070 [WARNING] ThemeLauncher: Component 'themes' variant[8] references missing file: themes/Paranoid Android - Sweet - night.theme
2026-05-25 07:39:47,070 [INFO] ThemeLauncher: Loaded theme: Paranoid Android
2026-05-25 07:39:47,071 [WARNING] ThemeLauncher: Component 'cursors' references missing path: cursors
2026-05-25 07:39:47,071 [INFO] ThemeLauncher: Loaded theme: Rose Pine
2026-05-25 07:39:47,072 [INFO] ThemeLauncher: Loaded theme: Solarized
2026-05-25 07:39:47,072 [WARNING] ThemeLauncher: Component 'themes' variant[0] references missing file: themes/SynthWave '84 dark - luv.theme
2026-05-25 07:39:47,073 [WARNING] ThemeLauncher: Component 'themes' variant[1] references missing file: themes/SynthWave '84 dark - mac.theme
2026-05-25 07:39:47,073 [WARNING] ThemeLauncher: Component 'themes' variant[2] references missing file: themes/SynthWave '84 dark - mac gloss.theme
2026-05-25 07:39:47,073 [WARNING] ThemeLauncher: Component 'themes' variant[3] references missing file: themes/SynthWave '84 dark - nude.theme
2026-05-25 07:39:47,073 [WARNING] ThemeLauncher: Component 'themes' variant[4] references missing file: themes/SynthWave '84 night - luv.theme
2026-05-25 07:39:47,073 [WARNING] ThemeLauncher: Component 'themes' variant[5] references missing file: themes/SynthWave '84 night - mac.theme
2026-05-25 07:39:47,073 [WARNING] ThemeLauncher: Component 'themes' variant[6] references missing file: themes/SynthWave '84 night - mac gloss.theme
2026-05-25 07:39:47,073 [WARNING] ThemeLauncher: Component 'themes' variant[7] references missing file: themes/SynthWave '84 night - nude.theme
2026-05-25 07:39:47,073 [INFO] ThemeLauncher: Loaded theme: SynthWave '84
2026-05-25 07:39:47,075 [WARNING] ThemeLauncher: Unknown component type 'startorbs' in manifest
2026-05-25 07:39:47,075 [INFO] ThemeLauncher: Loaded theme: Tokyo Night
2026-05-25 07:39:47,075 [INFO] ThemeLauncher: Discovered 16 theme(s)
2026-05-25 07:39:47,075 [INFO] ThemeLauncher: Windows Update Resilience Monitor active
2026-05-25 07:39:47,076 [INFO] ThemeLauncher: Scheduled Theme Switcher active
2026-05-25 07:41:48,429 [INFO] ThemeLauncher: Theme Launcher starting...
2026-05-25 07:41:48,430 [WARNING] ThemeLauncher: Not running as administrator. Font installation and some registry operations will fail. Re-launch with --admin flag for full functionality.
2026-05-25 07:41:48,431 [WARNING] ThemeLauncher: Component 'themes' variant[0] references missing file: themes/Black-DASH.theme
2026-05-25 07:41:48,431 [WARNING] ThemeLauncher: Component 'themes' variant[1] references missing file: themes/Black-DOTS.theme
2026-05-25 07:41:48,431 [WARNING] ThemeLauncher: Component 'themes' variant[2] references missing file: themes/Black-LIN.theme
2026-05-25 07:41:48,431 [WARNING] ThemeLauncher: Component 'themes' variant[3] references missing file: themes/Black-Mac.theme
2026-05-25 07:41:48,431 [WARNING] ThemeLauncher: Component 'themes' variant[4] references missing file: themes/Black-NU.theme
2026-05-25 07:41:48,431 [WARNING] ThemeLauncher: Component 'themes' variant[5] references missing file: themes/Black-Round.theme
2026-05-25 07:41:48,431 [WARNING] ThemeLauncher: Component 'themes' variant[6] references missing file: themes/Black-SLASH.theme
2026-05-25 07:41:48,431 [WARNING] ThemeLauncher: Component 'themes' variant[7] references missing file: themes/Black-Win.theme
2026-05-25 07:41:48,431 [WARNING] ThemeLauncher: Component 'themes' variant[8] references missing file: themes/Dark-DASH.theme
2026-05-25 07:41:48,431 [WARNING] ThemeLauncher: Component 'themes' variant[9] references missing file: themes/Dark-DOTS.theme
2026-05-25 07:41:48,431 [WARNING] ThemeLauncher: Component 'themes' variant[10] references missing file: themes/Dark-LIN.theme
2026-05-25 07:41:48,432 [WARNING] ThemeLauncher: Component 'themes' variant[11] references missing file: themes/Dark-Mac.theme
2026-05-25 07:41:48,432 [WARNING] ThemeLauncher: Component 'themes' variant[12] references missing file: themes/Dark-NU.theme
2026-05-25 07:41:48,432 [WARNING] ThemeLauncher: Component 'themes' variant[13] references missing file: themes/Dark-Round.theme
2026-05-25 07:41:48,432 [WARNING] ThemeLauncher: Component 'themes' variant[14] references missing file: themes/Dark-SLASH.theme
2026-05-25 07:41:48,432 [WARNING] ThemeLauncher: Component 'themes' variant[15] references missing file: themes/Dark-Win.theme
2026-05-25 07:41:48,432 [INFO] ThemeLauncher: Loaded theme: BlackIsBack
2026-05-25 07:41:48,432 [INFO] ThemeLauncher: Loaded theme: Buuf OS2
2026-05-25 07:41:48,433 [WARNING] ThemeLauncher: Component 'wallpapers' variant[0] references missing file: wallpapers/Delta v1/casey-horner-NIIVU-unsplash.jpg
2026-05-25 07:41:48,433 [WARNING] ThemeLauncher: Component 'wallpapers' variant[1] references missing file: wallpapers/Delta v1/daniel-mirlea-NIIVU-unsplash.jpg
2026-05-25 07:41:48,433 [WARNING] ThemeLauncher: Component 'wallpapers' variant[2] references missing file: wallpapers/Delta v1/joshua-earle-NIIVU-unsplash.jpg
2026-05-25 07:41:48,433 [WARNING] ThemeLauncher: Component 'wallpapers' variant[3] references missing file: wallpapers/Delta v1/petr-slovacek-NIIVU-unsplash.jpg
2026-05-25 07:41:48,433 [WARNING] ThemeLauncher: Component 'wallpapers' variant[4] references missing file: wallpapers/Delta v1/waves.jpeg
2026-05-25 07:41:48,433 [WARNING] ThemeLauncher: Component 'wallpapers' variant[5] references missing file: wallpapers/Delta v1/foggy.jpeg
2026-05-25 07:41:48,433 [WARNING] ThemeLauncher: Component 'wallpapers' variant[6] references missing file: wallpapers/Delta v1/geo.jpeg
2026-05-25 07:41:48,433 [WARNING] ThemeLauncher: Component 'wallpapers' variant[7] references missing file: wallpapers/Delta v1/nebula.jpeg
2026-05-25 07:41:48,433 [WARNING] ThemeLauncher: Component 'wallpapers' variant[8] references missing file: wallpapers/Delta v1/waterfall.jpeg
2026-05-25 07:41:48,433 [WARNING] ThemeLauncher: Component 'wallpapers' variant[9] references missing file: wallpapers/Delta v1/drip.jpeg
2026-05-25 07:41:48,434 [WARNING] ThemeLauncher: Unknown component type 'basebrd' in manifest
2026-05-25 07:41:48,434 [INFO] ThemeLauncher: Loaded theme: Delta v1
2026-05-25 07:41:48,434 [WARNING] ThemeLauncher: Unknown component type 'basebrd' in manifest
2026-05-25 07:41:48,434 [INFO] ThemeLauncher: Loaded theme: Delta v2
2026-05-25 07:41:48,434 [WARNING] ThemeLauncher: Component 'msstyles' variant[0] references missing file: msstyles/MAC/DRK 25 MAC.msstyles
2026-05-25 07:41:48,435 [WARNING] ThemeLauncher: Component 'msstyles' variant[1] references missing file: msstyles/MAC/DRK 25 MAC - dark.msstyles
2026-05-25 07:41:48,435 [WARNING] ThemeLauncher: Component 'msstyles' variant[2] references missing file: msstyles/MAC/DRK 25 MAC - light.msstyles
2026-05-25 07:41:48,435 [WARNING] ThemeLauncher: Component 'msstyles' variant[3] references missing file: msstyles/SQR/DRK 25 SQR.msstyles
2026-05-25 07:41:48,435 [WARNING] ThemeLauncher: Component 'msstyles' variant[4] references missing file: msstyles/SQR/DRK 25 SQR - dark.msstyles
2026-05-25 07:41:48,435 [WARNING] ThemeLauncher: Component 'msstyles' variant[5] references missing file: msstyles/SQR/DRK 25 SQR - light.msstyles
2026-05-25 07:41:48,435 [WARNING] ThemeLauncher: Component 'themes' variant[0] references missing file: themes/MAC/DRK 25 MAC.theme
2026-05-25 07:41:48,435 [WARNING] ThemeLauncher: Component 'themes' variant[1] references missing file: themes/MAC/DRK 25 MAC - Dark.theme
2026-05-25 07:41:48,435 [WARNING] ThemeLauncher: Component 'themes' variant[2] references missing file: themes/MAC/DRK 25 MAC - Light.theme
2026-05-25 07:41:48,435 [WARNING] ThemeLauncher: Component 'themes' variant[3] references missing file: themes/SQR/DRK 25 SQR.theme
2026-05-25 07:41:48,435 [WARNING] ThemeLauncher: Component 'themes' variant[4] references missing file: themes/SQR/DRK 25 SQR - Dark.theme
2026-05-25 07:41:48,435 [WARNING] ThemeLauncher: Component 'themes' variant[5] references missing file: themes/SQR/DRK 25 SQR - Light.theme
2026-05-25 07:41:48,435 [WARNING] ThemeLauncher: Component 'themes' variant[6] references missing file: themes/WIN/DRK 25 WIN.theme
2026-05-25 07:41:48,435 [WARNING] ThemeLauncher: Component 'themes' variant[7] references missing file: themes/WIN/DRK 25 WIN - Dark.theme
2026-05-25 07:41:48,435 [WARNING] ThemeLauncher: Component 'themes' variant[8] references missing file: themes/WIN/DRK 25 WIN - Light.theme
2026-05-25 07:41:48,436 [INFO] ThemeLauncher: Loaded theme: DRK 25
2026-05-25 07:41:48,436 [WARNING] ThemeLauncher: Skipping Extras: No manifest.json found in C:\\Users\\kyleh\\.gemini\\themes\Extras
2026-05-25 07:41:48,437 [INFO] ThemeLauncher: Loaded theme: Gruvbox
2026-05-25 07:41:48,437 [WARNING] ThemeLauncher: Skipping iWin: No manifest.json found in C:\\Users\\kyleh\\.gemini\\themes\iWin
2026-05-25 07:41:48,437 [INFO] ThemeLauncher: Loaded theme: Janguru
2026-05-25 07:41:48,438 [WARNING] ThemeLauncher: Folder component 'windhawk' has no 'path' key — may fail to apply
2026-05-25 07:41:48,438 [INFO] ThemeLauncher: Loaded theme: Japan 26
2026-05-25 07:41:48,439 [INFO] ThemeLauncher: Loaded theme: Kanagawa
2026-05-25 07:41:48,440 [INFO] ThemeLauncher: Loaded theme: Kripton
2026-05-25 07:41:48,441 [INFO] ThemeLauncher: Loaded theme: Night Owl
2026-05-25 07:41:48,441 [WARNING] ThemeLauncher: Component 'themes' variant[0] references missing file: themes/Paranoid Android - LUV - dark.theme
2026-05-25 07:41:48,441 [WARNING] ThemeLauncher: Component 'themes' variant[1] references missing file: themes/Paranoid Android - LUV - light.theme
2026-05-25 07:41:48,441 [WARNING] ThemeLauncher: Component 'themes' variant[2] references missing file: themes/Paranoid Android - LUV - night.theme
2026-05-25 07:41:48,441 [WARNING] ThemeLauncher: Component 'themes' variant[3] references missing file: themes/Paranoid Android - Nebula - dark.theme
2026-05-25 07:41:48,441 [WARNING] ThemeLauncher: Component 'themes' variant[4] references missing file: themes/Paranoid Android - Nebula - light.theme
2026-05-25 07:41:48,441 [WARNING] ThemeLauncher: Component 'themes' variant[5] references missing file: themes/Paranoid Android - Nebula - night.theme
2026-05-25 07:41:48,441 [WARNING] ThemeLauncher: Component 'themes' variant[6] references missing file: themes/Paranoid Android - Sweet - dark.theme
2026-05-25 07:41:48,442 [WARNING] ThemeLauncher: Component 'themes' variant[7] references missing file: themes/Paranoid Android - Sweet - light.theme
2026-05-25 07:41:48,442 [WARNING] ThemeLauncher: Component 'themes' variant[8] references missing file: themes/Paranoid Android - Sweet - night.theme
2026-05-25 07:41:48,442 [INFO] ThemeLauncher: Loaded theme: Paranoid Android
2026-05-25 07:41:48,443 [WARNING] ThemeLauncher: Component 'cursors' references missing path: cursors
2026-05-25 07:41:48,443 [INFO] ThemeLauncher: Loaded theme: Rose Pine
2026-05-25 07:41:48,444 [INFO] ThemeLauncher: Loaded theme: Solarized
2026-05-25 07:41:48,444 [WARNING] ThemeLauncher: Component 'themes' variant[0] references missing file: themes/SynthWave '84 dark - luv.theme
2026-05-25 07:41:48,444 [WARNING] ThemeLauncher: Component 'themes' variant[1] references missing file: themes/SynthWave '84 dark - mac.theme
2026-05-25 07:41:48,444 [WARNING] ThemeLauncher: Component 'themes' variant[2] references missing file: themes/SynthWave '84 dark - mac gloss.theme
2026-05-25 07:41:48,444 [WARNING] ThemeLauncher: Component 'themes' variant[3] references missing file: themes/SynthWave '84 dark - nude.theme
2026-05-25 07:41:48,444 [WARNING] ThemeLauncher: Component 'themes' variant[4] references missing file: themes/SynthWave '84 night - luv.theme
2026-05-25 07:41:48,444 [WARNING] ThemeLauncher: Component 'themes' variant[5] references missing file: themes/SynthWave '84 night - mac.theme
2026-05-25 07:41:48,444 [WARNING] ThemeLauncher: Component 'themes' variant[6] references missing file: themes/SynthWave '84 night - mac gloss.theme
2026-05-25 07:41:48,444 [WARNING] ThemeLauncher: Component 'themes' variant[7] references missing file: themes/SynthWave '84 night - nude.theme
2026-05-25 07:41:48,445 [INFO] ThemeLauncher: Loaded theme: SynthWave '84
2026-05-25 07:41:48,446 [WARNING] ThemeLauncher: Unknown component type 'startorbs' in manifest
2026-05-25 07:41:48,446 [INFO] ThemeLauncher: Loaded theme: Tokyo Night
2026-05-25 07:41:48,446 [WARNING] ThemeLauncher: Component 'themes' variant[0] references missing file: themes/Black-DASH.theme
2026-05-25 07:41:48,446 [WARNING] ThemeLauncher: Component 'themes' variant[1] references missing file: themes/Black-DOTS.theme
2026-05-25 07:41:48,446 [WARNING] ThemeLauncher: Component 'themes' variant[2] references missing file: themes/Black-LIN.theme
2026-05-25 07:41:48,446 [WARNING] ThemeLauncher: Component 'themes' variant[3] references missing file: themes/Black-Mac.theme
2026-05-25 07:41:48,446 [WARNING] ThemeLauncher: Component 'themes' variant[4] references missing file: themes/Black-NU.theme
2026-05-25 07:41:48,446 [WARNING] ThemeLauncher: Component 'themes' variant[5] references missing file: themes/Black-Round.theme
2026-05-25 07:41:48,447 [WARNING] ThemeLauncher: Component 'themes' variant[6] references missing file: themes/Black-SLASH.theme
2026-05-25 07:41:48,447 [WARNING] ThemeLauncher: Component 'themes' variant[7] references missing file: themes/Black-Win.theme
2026-05-25 07:41:48,447 [WARNING] ThemeLauncher: Component 'themes' variant[8] references missing file: themes/Dark-DASH.theme
2026-05-25 07:41:48,447 [WARNING] ThemeLauncher: Component 'themes' variant[9] references missing file: themes/Dark-DOTS.theme
2026-05-25 07:41:48,447 [WARNING] ThemeLauncher: Component 'themes' variant[10] references missing file: themes/Dark-LIN.theme
2026-05-25 07:41:48,447 [WARNING] ThemeLauncher: Component 'themes' variant[11] references missing file: themes/Dark-Mac.theme
2026-05-25 07:41:48,447 [WARNING] ThemeLauncher: Component 'themes' variant[12] references missing file: themes/Dark-NU.theme
2026-05-25 07:41:48,447 [WARNING] ThemeLauncher: Component 'themes' variant[13] references missing file: themes/Dark-Round.theme
2026-05-25 07:41:48,447 [WARNING] ThemeLauncher: Component 'themes' variant[14] references missing file: themes/Dark-SLASH.theme
2026-05-25 07:41:48,447 [WARNING] ThemeLauncher: Component 'themes' variant[15] references missing file: themes/Dark-Win.theme
2026-05-25 07:41:48,447 [INFO] ThemeLauncher: Loaded theme: BlackIsBack
2026-05-25 07:41:48,448 [INFO] ThemeLauncher: Loaded theme: Buuf OS2
2026-05-25 07:41:48,448 [WARNING] ThemeLauncher: Component 'wallpapers' variant[0] references missing file: wallpapers/Delta v1/casey-horner-NIIVU-unsplash.jpg
2026-05-25 07:41:48,448 [WARNING] ThemeLauncher: Component 'wallpapers' variant[1] references missing file: wallpapers/Delta v1/daniel-mirlea-NIIVU-unsplash.jpg
2026-05-25 07:41:48,448 [WARNING] ThemeLauncher: Component 'wallpapers' variant[2] references missing file: wallpapers/Delta v1/joshua-earle-NIIVU-unsplash.jpg
2026-05-25 07:41:48,448 [WARNING] ThemeLauncher: Component 'wallpapers' variant[3] references missing file: wallpapers/Delta v1/petr-slovacek-NIIVU-unsplash.jpg
2026-05-25 07:41:48,448 [WARNING] ThemeLauncher: Component 'wallpapers' variant[4] references missing file: wallpapers/Delta v1/waves.jpeg
2026-05-25 07:41:48,448 [WARNING] ThemeLauncher: Component 'wallpapers' variant[5] references missing file: wallpapers/Delta v1/foggy.jpeg
2026-05-25 07:41:48,448 [WARNING] ThemeLauncher: Component 'wallpapers' variant[6] references missing file: wallpapers/Delta v1/geo.jpeg
2026-05-25 07:41:48,448 [WARNING] ThemeLauncher: Component 'wallpapers' variant[7] references missing file: wallpapers/Delta v1/nebula.jpeg
2026-05-25 07:41:48,449 [WARNING] ThemeLauncher: Component 'wallpapers' variant[8] references missing file: wallpapers/Delta v1/waterfall.jpeg
2026-05-25 07:41:48,449 [WARNING] ThemeLauncher: Component 'wallpapers' variant[9] references missing file: wallpapers/Delta v1/drip.jpeg
2026-05-25 07:41:48,449 [WARNING] ThemeLauncher: Unknown component type 'basebrd' in manifest
2026-05-25 07:41:48,449 [INFO] ThemeLauncher: Loaded theme: Delta v1
2026-05-25 07:41:48,449 [WARNING] ThemeLauncher: Unknown component type 'basebrd' in manifest
2026-05-25 07:41:48,449 [INFO] ThemeLauncher: Loaded theme: Delta v2
2026-05-25 07:41:48,449 [WARNING] ThemeLauncher: Component 'msstyles' variant[0] references missing file: msstyles/MAC/DRK 25 MAC.msstyles
2026-05-25 07:41:48,450 [WARNING] ThemeLauncher: Component 'msstyles' variant[1] references missing file: msstyles/MAC/DRK 25 MAC - dark.msstyles
2026-05-25 07:41:48,450 [WARNING] ThemeLauncher: Component 'msstyles' variant[2] references missing file: msstyles/MAC/DRK 25 MAC - light.msstyles
2026-05-25 07:41:48,450 [WARNING] ThemeLauncher: Component 'msstyles' variant[3] references missing file: msstyles/SQR/DRK 25 SQR.msstyles
2026-05-25 07:41:48,450 [WARNING] ThemeLauncher: Component 'msstyles' variant[4] references missing file: msstyles/SQR/DRK 25 SQR - dark.msstyles
2026-05-25 07:41:48,450 [WARNING] ThemeLauncher: Component 'msstyles' variant[5] references missing file: msstyles/SQR/DRK 25 SQR - light.msstyles
2026-05-25 07:41:48,450 [WARNING] ThemeLauncher: Component 'themes' variant[0] references missing file: themes/MAC/DRK 25 MAC.theme
2026-05-25 07:41:48,450 [WARNING] ThemeLauncher: Component 'themes' variant[1] references missing file: themes/MAC/DRK 25 MAC - Dark.theme
2026-05-25 07:41:48,450 [WARNING] ThemeLauncher: Component 'themes' variant[2] references missing file: themes/MAC/DRK 25 MAC - Light.theme
2026-05-25 07:41:48,450 [WARNING] ThemeLauncher: Component 'themes' variant[3] references missing file: themes/SQR/DRK 25 SQR.theme
2026-05-25 07:41:48,450 [WARNING] ThemeLauncher: Component 'themes' variant[4] references missing file: themes/SQR/DRK 25 SQR - Dark.theme
2026-05-25 07:41:48,450 [WARNING] ThemeLauncher: Component 'themes' variant[5] references missing file: themes/SQR/DRK 25 SQR - Light.theme
2026-05-25 07:41:48,450 [WARNING] ThemeLauncher: Component 'themes' variant[6] references missing file: themes/WIN/DRK 25 WIN.theme
2026-05-25 07:41:48,450 [WARNING] ThemeLauncher: Component 'themes' variant[7] references missing file: themes/WIN/DRK 25 WIN - Dark.theme
2026-05-25 07:41:48,450 [WARNING] ThemeLauncher: Component 'themes' variant[8] references missing file: themes/WIN/DRK 25 WIN - Light.theme
2026-05-25 07:41:48,451 [INFO] ThemeLauncher: Loaded theme: DRK 25
2026-05-25 07:41:48,451 [WARNING] ThemeLauncher: Skipping Extras: No manifest.json found in C:\\Users\\kyleh\\.gemini\\themes\Extras
2026-05-25 07:41:48,452 [INFO] ThemeLauncher: Loaded theme: Gruvbox
2026-05-25 07:41:48,452 [WARNING] ThemeLauncher: Skipping iWin: No manifest.json found in C:\\Users\\kyleh\\.gemini\\themes\iWin
2026-05-25 07:41:48,452 [INFO] ThemeLauncher: Loaded theme: Janguru
2026-05-25 07:41:48,453 [WARNING] ThemeLauncher: Folder component 'windhawk' has no 'path' key — may fail to apply
2026-05-25 07:41:48,453 [INFO] ThemeLauncher: Loaded theme: Japan 26
2026-05-25 07:41:48,454 [INFO] ThemeLauncher: Loaded theme: Kanagawa
2026-05-25 07:41:48,455 [INFO] ThemeLauncher: Loaded theme: Kripton
2026-05-25 07:41:48,456 [INFO] ThemeLauncher: Loaded theme: Night Owl
2026-05-25 07:41:48,456 [WARNING] ThemeLauncher: Component 'themes' variant[0] references missing file: themes/Paranoid Android - LUV - dark.theme
2026-05-25 07:41:48,456 [WARNING] ThemeLauncher: Component 'themes' variant[1] references missing file: themes/Paranoid Android - LUV - light.theme
2026-05-25 07:41:48,456 [WARNING] ThemeLauncher: Component 'themes' variant[2] references missing file: themes/Paranoid Android - LUV - night.theme
2026-05-25 07:41:48,456 [WARNING] ThemeLauncher: Component 'themes' variant[3] references missing file: themes/Paranoid Android - Nebula - dark.theme
2026-05-25 07:41:48,456 [WARNING] ThemeLauncher: Component 'themes' variant[4] references missing file: themes/Paranoid Android - Nebula - light.theme
2026-05-25 07:41:48,456 [WARNING] ThemeLauncher: Component 'themes' variant[5] references missing file: themes/Paranoid Android - Nebula - night.theme
2026-05-25 07:41:48,456 [WARNING] ThemeLauncher: Component 'themes' variant[6] references missing file: themes/Paranoid Android - Sweet - dark.theme
2026-05-25 07:41:48,456 [WARNING] ThemeLauncher: Component 'themes' variant[7] references missing file: themes/Paranoid Android - Sweet - light.theme
2026-05-25 07:41:48,456 [WARNING] ThemeLauncher: Component 'themes' variant[8] references missing file: themes/Paranoid Android - Sweet - night.theme
2026-05-25 07:41:48,457 [INFO] ThemeLauncher: Loaded theme: Paranoid Android
2026-05-25 07:41:48,457 [WARNING] ThemeLauncher: Component 'cursors' references missing path: cursors
2026-05-25 07:41:48,458 [INFO] ThemeLauncher: Loaded theme: Rose Pine
2026-05-25 07:41:48,459 [INFO] ThemeLauncher: Loaded theme: Solarized
2026-05-25 07:41:48,459 [WARNING] ThemeLauncher: Component 'themes' variant[0] references missing file: themes/SynthWave '84 dark - luv.theme
2026-05-25 07:41:48,459 [WARNING] ThemeLauncher: Component 'themes' variant[1] references missing file: themes/SynthWave '84 dark - mac.theme
2026-05-25 07:41:48,459 [WARNING] ThemeLauncher: Component 'themes' variant[2] references missing file: themes/SynthWave '84 dark - mac gloss.theme
2026-05-25 07:41:48,459 [WARNING] ThemeLauncher: Component 'themes' variant[3] references missing file: themes/SynthWave '84 dark - nude.theme
2026-05-25 07:41:48,459 [WARNING] ThemeLauncher: Component 'themes' variant[4] references missing file: themes/SynthWave '84 night - luv.theme
2026-05-25 07:41:48,459 [WARNING] ThemeLauncher: Component 'themes' variant[5] references missing file: themes/SynthWave '84 night - mac.theme
2026-05-25 07:41:48,459 [WARNING] ThemeLauncher: Component 'themes' variant[6] references missing file: themes/SynthWave '84 night - mac gloss.theme
2026-05-25 07:41:48,459 [WARNING] ThemeLauncher: Component 'themes' variant[7] references missing file: themes/SynthWave '84 night - nude.theme
2026-05-25 07:41:48,459 [INFO] ThemeLauncher: Loaded theme: SynthWave '84
2026-05-25 07:41:48,460 [WARNING] ThemeLauncher: Unknown component type 'startorbs' in manifest
2026-05-25 07:41:48,461 [INFO] ThemeLauncher: Loaded theme: Tokyo Night
2026-05-25 07:41:48,461 [INFO] ThemeLauncher: Discovered 16 theme(s)
2026-05-25 07:41:48,461 [INFO] ThemeLauncher: Windows Update Resilience Monitor active
2026-05-25 07:41:48,462 [INFO] ThemeLauncher: Scheduled Theme Switcher active
2026-05-25 07:42:35,341 [INFO] ThemeLauncher: Theme Launcher starting...
2026-05-25 07:42:35,341 [WARNING] ThemeLauncher: Not running as administrator. Font installation and some registry operations will fail. Re-launch with --admin flag for full functionality.
2026-05-25 07:42:35,342 [WARNING] ThemeLauncher: Component 'themes' variant[0] references missing file: themes/Black-DASH.theme
2026-05-25 07:42:35,342 [WARNING] ThemeLauncher: Component 'themes' variant[1] references missing file: themes/Black-DOTS.theme
2026-05-25 07:42:35,342 [WARNING] ThemeLauncher: Component 'themes' variant[2] references missing file: themes/Black-LIN.theme
2026-05-25 07:42:35,342 [WARNING] ThemeLauncher: Component 'themes' variant[3] references missing file: themes/Black-Mac.theme
2026-05-25 07:42:35,342 [WARNING] ThemeLauncher: Component 'themes' variant[4] references missing file: themes/Black-NU.theme
2026-05-25 07:42:35,343 [WARNING] ThemeLauncher: Component 'themes' variant[5] references missing file: themes/Black-Round.theme
2026-05-25 07:42:35,343 [WARNING] ThemeLauncher: Component 'themes' variant[6] references missing file: themes/Black-SLASH.theme
2026-05-25 07:42:35,343 [WARNING] ThemeLauncher: Component 'themes' variant[7] references missing file: themes/Black-Win.theme
2026-05-25 07:42:35,343 [WARNING] ThemeLauncher: Component 'themes' variant[8] references missing file: themes/Dark-DASH.theme
2026-05-25 07:42:35,343 [WARNING] ThemeLauncher: Component 'themes' variant[9] references missing file: themes/Dark-DOTS.theme
2026-05-25 07:42:35,343 [WARNING] ThemeLauncher: Component 'themes' variant[10] references missing file: themes/Dark-LIN.theme
2026-05-25 07:42:35,343 [WARNING] ThemeLauncher: Component 'themes' variant[11] references missing file: themes/Dark-Mac.theme
2026-05-25 07:42:35,343 [WARNING] ThemeLauncher: Component 'themes' variant[12] references missing file: themes/Dark-NU.theme
2026-05-25 07:42:35,343 [WARNING] ThemeLauncher: Component 'themes' variant[13] references missing file: themes/Dark-Round.theme
2026-05-25 07:42:35,343 [WARNING] ThemeLauncher: Component 'themes' variant[14] references missing file: themes/Dark-SLASH.theme
2026-05-25 07:42:35,343 [WARNING] ThemeLauncher: Component 'themes' variant[15] references missing file: themes/Dark-Win.theme
2026-05-25 07:42:35,343 [INFO] ThemeLauncher: Loaded theme: BlackIsBack
2026-05-25 07:42:35,344 [INFO] ThemeLauncher: Loaded theme: Buuf OS2
2026-05-25 07:42:35,344 [WARNING] ThemeLauncher: Component 'wallpapers' variant[0] references missing file: wallpapers/Delta v1/casey-horner-NIIVU-unsplash.jpg
2026-05-25 07:42:35,344 [WARNING] ThemeLauncher: Component 'wallpapers' variant[1] references missing file: wallpapers/Delta v1/daniel-mirlea-NIIVU-unsplash.jpg
2026-05-25 07:42:35,344 [WARNING] ThemeLauncher: Component 'wallpapers' variant[2] references missing file: wallpapers/Delta v1/joshua-earle-NIIVU-unsplash.jpg
2026-05-25 07:42:35,344 [WARNING] ThemeLauncher: Component 'wallpapers' variant[3] references missing file: wallpapers/Delta v1/petr-slovacek-NIIVU-unsplash.jpg
2026-05-25 07:42:35,344 [WARNING] ThemeLauncher: Component 'wallpapers' variant[4] references missing file: wallpapers/Delta v1/waves.jpeg
2026-05-25 07:42:35,345 [WARNING] ThemeLauncher: Component 'wallpapers' variant[5] references missing file: wallpapers/Delta v1/foggy.jpeg
2026-05-25 07:42:35,345 [WARNING] ThemeLauncher: Component 'wallpapers' variant[6] references missing file: wallpapers/Delta v1/geo.jpeg
2026-05-25 07:42:35,345 [WARNING] ThemeLauncher: Component 'wallpapers' variant[7] references missing file: wallpapers/Delta v1/nebula.jpeg
2026-05-25 07:42:35,345 [WARNING] ThemeLauncher: Component 'wallpapers' variant[8] references missing file: wallpapers/Delta v1/waterfall.jpeg
2026-05-25 07:42:35,345 [WARNING] ThemeLauncher: Component 'wallpapers' variant[9] references missing file: wallpapers/Delta v1/drip.jpeg
2026-05-25 07:42:35,345 [WARNING] ThemeLauncher: Unknown component type 'basebrd' in manifest
2026-05-25 07:42:35,345 [INFO] ThemeLauncher: Loaded theme: Delta v1
2026-05-25 07:42:35,346 [WARNING] ThemeLauncher: Unknown component type 'basebrd' in manifest
2026-05-25 07:42:35,346 [INFO] ThemeLauncher: Loaded theme: Delta v2
2026-05-25 07:42:35,346 [WARNING] ThemeLauncher: Component 'msstyles' variant[0] references missing file: msstyles/MAC/DRK 25 MAC.msstyles
2026-05-25 07:42:35,346 [WARNING] ThemeLauncher: Component 'msstyles' variant[1] references missing file: msstyles/MAC/DRK 25 MAC - dark.msstyles
2026-05-25 07:42:35,346 [WARNING] ThemeLauncher: Component 'msstyles' variant[2] references missing file: msstyles/MAC/DRK 25 MAC - light.msstyles
2026-05-25 07:42:35,346 [WARNING] ThemeLauncher: Component 'msstyles' variant[3] references missing file: msstyles/SQR/DRK 25 SQR.msstyles
2026-05-25 07:42:35,346 [WARNING] ThemeLauncher: Component 'msstyles' variant[4] references missing file: msstyles/SQR/DRK 25 SQR - dark.msstyles
2026-05-25 07:42:35,346 [WARNING] ThemeLauncher: Component 'msstyles' variant[5] references missing file: msstyles/SQR/DRK 25 SQR - light.msstyles
2026-05-25 07:42:35,346 [WARNING] ThemeLauncher: Component 'themes' variant[0] references missing file: themes/MAC/DRK 25 MAC.theme
2026-05-25 07:42:35,346 [WARNING] ThemeLauncher: Component 'themes' variant[1] references missing file: themes/MAC/DRK 25 MAC - Dark.theme
2026-05-25 07:42:35,346 [WARNING] ThemeLauncher: Component 'themes' variant[2] references missing file: themes/MAC/DRK 25 MAC - Light.theme
2026-05-25 07:42:35,346 [WARNING] ThemeLauncher: Component 'themes' variant[3] references missing file: themes/SQR/DRK 25 SQR.theme
2026-05-25 07:42:35,347 [WARNING] ThemeLauncher: Component 'themes' variant[4] references missing file: themes/SQR/DRK 25 SQR - Dark.theme
2026-05-25 07:42:35,347 [WARNING] ThemeLauncher: Component 'themes' variant[5] references missing file: themes/SQR/DRK 25 SQR - Light.theme
2026-05-25 07:42:35,347 [WARNING] ThemeLauncher: Component 'themes' variant[6] references missing file: themes/WIN/DRK 25 WIN.theme
2026-05-25 07:42:35,347 [WARNING] ThemeLauncher: Component 'themes' variant[7] references missing file: themes/WIN/DRK 25 WIN - Dark.theme
2026-05-25 07:42:35,347 [WARNING] ThemeLauncher: Component 'themes' variant[8] references missing file: themes/WIN/DRK 25 WIN - Light.theme
2026-05-25 07:42:35,347 [INFO] ThemeLauncher: Loaded theme: DRK 25
2026-05-25 07:42:35,347 [WARNING] ThemeLauncher: Skipping Extras: No manifest.json found in C:\\Users\\kyleh\\.gemini\\themes\Extras
2026-05-25 07:42:35,348 [INFO] ThemeLauncher: Loaded theme: Gruvbox
2026-05-25 07:42:35,348 [WARNING] ThemeLauncher: Skipping iWin: No manifest.json found in C:\\Users\\kyleh\\.gemini\\themes\iWin
2026-05-25 07:42:35,349 [INFO] ThemeLauncher: Loaded theme: Janguru
2026-05-25 07:42:35,349 [WARNING] ThemeLauncher: Folder component 'windhawk' has no 'path' key — may fail to apply
2026-05-25 07:42:35,349 [INFO] ThemeLauncher: Loaded theme: Japan 26
2026-05-25 07:42:35,350 [INFO] ThemeLauncher: Loaded theme: Kanagawa
2026-05-25 07:42:35,351 [INFO] ThemeLauncher: Loaded theme: Kripton
2026-05-25 07:42:35,352 [INFO] ThemeLauncher: Loaded theme: Night Owl
2026-05-25 07:42:35,353 [WARNING] ThemeLauncher: Component 'themes' variant[0] references missing file: themes/Paranoid Android - LUV - dark.theme
2026-05-25 07:42:35,353 [WARNING] ThemeLauncher: Component 'themes' variant[1] references missing file: themes/Paranoid Android - LUV - light.theme
2026-05-25 07:42:35,353 [WARNING] ThemeLauncher: Component 'themes' variant[2] references missing file: themes/Paranoid Android - LUV - night.theme
2026-05-25 07:42:35,353 [WARNING] ThemeLauncher: Component 'themes' variant[3] references missing file: themes/Paranoid Android - Nebula - dark.theme
2026-05-25 07:42:35,353 [WARNING] ThemeLauncher: Component 'themes' variant[4] references missing file: themes/Paranoid Android - Nebula - light.theme
2026-05-25 07:42:35,353 [WARNING] ThemeLauncher: Component 'themes' variant[5] references missing file: themes/Paranoid Android - Nebula - night.theme
2026-05-25 07:42:35,353 [WARNING] ThemeLauncher: Component 'themes' variant[6] references missing file: themes/Paranoid Android - Sweet - dark.theme
2026-05-25 07:42:35,353 [WARNING] ThemeLauncher: Component 'themes' variant[7] references missing file: themes/Paranoid Android - Sweet - light.theme
2026-05-25 07:42:35,353 [WARNING] ThemeLauncher: Component 'themes' variant[8] references missing file: themes/Paranoid Android - Sweet - night.theme
2026-05-25 07:42:35,353 [INFO] ThemeLauncher: Loaded theme: Paranoid Android
2026-05-25 07:42:35,354 [WARNING] ThemeLauncher: Component 'cursors' references missing path: cursors
2026-05-25 07:42:35,354 [INFO] ThemeLauncher: Loaded theme: Rose Pine
2026-05-25 07:42:35,355 [INFO] ThemeLauncher: Loaded theme: Solarized
2026-05-25 07:42:35,356 [WARNING] ThemeLauncher: Component 'themes' variant[0] references missing file: themes/SynthWave '84 dark - luv.theme
2026-05-25 07:42:35,356 [WARNING] ThemeLauncher: Component 'themes' variant[1] references missing file: themes/SynthWave '84 dark - mac.theme
2026-05-25 07:42:35,356 [WARNING] ThemeLauncher: Component 'themes' variant[2] references missing file: themes/SynthWave '84 dark - mac gloss.theme
2026-05-25 07:42:35,356 [WARNING] ThemeLauncher: Component 'themes' variant[3] references missing file: themes/SynthWave '84 dark - nude.theme
2026-05-25 07:42:35,356 [WARNING] ThemeLauncher: Component 'themes' variant[4] references missing file: themes/SynthWave '84 night - luv.theme
2026-05-25 07:42:35,356 [WARNING] ThemeLauncher: Component 'themes' variant[5] references missing file: themes/SynthWave '84 night - mac.theme
2026-05-25 07:42:35,356 [WARNING] ThemeLauncher: Component 'themes' variant[6] references missing file: themes/SynthWave '84 night - mac gloss.theme
2026-05-25 07:42:35,356 [WARNING] ThemeLauncher: Component 'themes' variant[7] references missing file: themes/SynthWave '84 night - nude.theme
2026-05-25 07:42:35,356 [INFO] ThemeLauncher: Loaded theme: SynthWave '84
2026-05-25 07:42:35,357 [WARNING] ThemeLauncher: Unknown component type 'startorbs' in manifest
2026-05-25 07:42:35,358 [INFO] ThemeLauncher: Loaded theme: Tokyo Night
2026-05-25 07:42:35,358 [WARNING] ThemeLauncher: Component 'themes' variant[0] references missing file: themes/Black-DASH.theme
2026-05-25 07:42:35,358 [WARNING] ThemeLauncher: Component 'themes' variant[1] references missing file: themes/Black-DOTS.theme
2026-05-25 07:42:35,358 [WARNING] ThemeLauncher: Component 'themes' variant[2] references missing file: themes/Black-LIN.theme
2026-05-25 07:42:35,358 [WARNING] ThemeLauncher: Component 'themes' variant[3] references missing file: themes/Black-Mac.theme
2026-05-25 07:42:35,358 [WARNING] ThemeLauncher: Component 'themes' variant[4] references missing file: themes/Black-NU.theme
2026-05-25 07:42:35,358 [WARNING] ThemeLauncher: Component 'themes' variant[5] references missing file: themes/Black-Round.theme
2026-05-25 07:42:35,358 [WARNING] ThemeLauncher: Component 'themes' variant[6] references missing file: themes/Black-SLASH.theme
2026-05-25 07:42:35,359 [WARNING] ThemeLauncher: Component 'themes' variant[7] references missing file: themes/Black-Win.theme
2026-05-25 07:42:35,359 [WARNING] ThemeLauncher: Component 'themes' variant[8] references missing file: themes/Dark-DASH.theme
2026-05-25 07:42:35,359 [WARNING] ThemeLauncher: Component 'themes' variant[9] references missing file: themes/Dark-DOTS.theme
2026-05-25 07:42:35,359 [WARNING] ThemeLauncher: Component 'themes' variant[10] references missing file: themes/Dark-LIN.theme
2026-05-25 07:42:35,359 [WARNING] ThemeLauncher: Component 'themes' variant[11] references missing file: themes/Dark-Mac.theme
2026-05-25 07:42:35,359 [WARNING] ThemeLauncher: Component 'themes' variant[12] references missing file: themes/Dark-NU.theme
2026-05-25 07:42:35,359 [WARNING] ThemeLauncher: Component 'themes' variant[13] references missing file: themes/Dark-Round.theme
2026-05-25 07:42:35,359 [WARNING] ThemeLauncher: Component 'themes' variant[14] references missing file: themes/Dark-SLASH.theme
2026-05-25 07:42:35,359 [WARNING] ThemeLauncher: Component 'themes' variant[15] references missing file: themes/Dark-Win.theme
2026-05-25 07:42:35,359 [INFO] ThemeLauncher: Loaded theme: BlackIsBack
2026-05-25 07:42:35,359 [INFO] ThemeLauncher: Loaded theme: Buuf OS2
2026-05-25 07:42:35,360 [WARNING] ThemeLauncher: Component 'wallpapers' variant[0] references missing file: wallpapers/Delta v1/casey-horner-NIIVU-unsplash.jpg
2026-05-25 07:42:35,360 [WARNING] ThemeLauncher: Component 'wallpapers' variant[1] references missing file: wallpapers/Delta v1/daniel-mirlea-NIIVU-unsplash.jpg
2026-05-25 07:42:35,360 [WARNING] ThemeLauncher: Component 'wallpapers' variant[2] references missing file: wallpapers/Delta v1/joshua-earle-NIIVU-unsplash.jpg
2026-05-25 07:42:35,360 [WARNING] ThemeLauncher: Component 'wallpapers' variant[3] references missing file: wallpapers/Delta v1/petr-slovacek-NIIVU-unsplash.jpg
2026-05-25 07:42:35,360 [WARNING] ThemeLauncher: Component 'wallpapers' variant[4] references missing file: wallpapers/Delta v1/waves.jpeg
2026-05-25 07:42:35,360 [WARNING] ThemeLauncher: Component 'wallpapers' variant[5] references missing file: wallpapers/Delta v1/foggy.jpeg
2026-05-25 07:42:35,360 [WARNING] ThemeLauncher: Component 'wallpapers' variant[6] references missing file: wallpapers/Delta v1/geo.jpeg
2026-05-25 07:42:35,360 [WARNING] ThemeLauncher: Component 'wallpapers' variant[7] references missing file: wallpapers/Delta v1/nebula.jpeg
2026-05-25 07:42:35,360 [WARNING] ThemeLauncher: Component 'wallpapers' variant[8] references missing file: wallpapers/Delta v1/waterfall.jpeg
2026-05-25 07:42:35,360 [WARNING] ThemeLauncher: Component 'wallpapers' variant[9] references missing file: wallpapers/Delta v1/drip.jpeg
2026-05-25 07:42:35,361 [WARNING] ThemeLauncher: Unknown component type 'basebrd' in manifest
2026-05-25 07:42:35,361 [INFO] ThemeLauncher: Loaded theme: Delta v1
2026-05-25 07:42:35,361 [WARNING] ThemeLauncher: Unknown component type 'basebrd' in manifest
2026-05-25 07:42:35,361 [INFO] ThemeLauncher: Loaded theme: Delta v2
2026-05-25 07:42:35,361 [WARNING] ThemeLauncher: Component 'msstyles' variant[0] references missing file: msstyles/MAC/DRK 25 MAC.msstyles
2026-05-25 07:42:35,362 [WARNING] ThemeLauncher: Component 'msstyles' variant[1] references missing file: msstyles/MAC/DRK 25 MAC - dark.msstyles
2026-05-25 07:42:35,362 [WARNING] ThemeLauncher: Component 'msstyles' variant[2] references missing file: msstyles/MAC/DRK 25 MAC - light.msstyles
2026-05-25 07:42:35,362 [WARNING] ThemeLauncher: Component 'msstyles' variant[3] references missing file: msstyles/SQR/DRK 25 SQR.msstyles
2026-05-25 07:42:35,362 [WARNING] ThemeLauncher: Component 'msstyles' variant[4] references missing file: msstyles/SQR/DRK 25 SQR - dark.msstyles
2026-05-25 07:42:35,362 [WARNING] ThemeLauncher: Component 'msstyles' variant[5] references missing file: msstyles/SQR/DRK 25 SQR - light.msstyles
2026-05-25 07:42:35,362 [WARNING] ThemeLauncher: Component 'themes' variant[0] references missing file: themes/MAC/DRK 25 MAC.theme
2026-05-25 07:42:35,362 [WARNING] ThemeLauncher: Component 'themes' variant[1] references missing file: themes/MAC/DRK 25 MAC - Dark.theme
2026-05-25 07:42:35,362 [WARNING] ThemeLauncher: Component 'themes' variant[2] references missing file: themes/MAC/DRK 25 MAC - Light.theme
2026-05-25 07:42:35,362 [WARNING] ThemeLauncher: Component 'themes' variant[3] references missing file: themes/SQR/DRK 25 SQR.theme
2026-05-25 07:42:35,362 [WARNING] ThemeLauncher: Component 'themes' variant[4] references missing file: themes/SQR/DRK 25 SQR - Dark.theme
2026-05-25 07:42:35,362 [WARNING] ThemeLauncher: Component 'themes' variant[5] references missing file: themes/SQR/DRK 25 SQR - Light.theme
2026-05-25 07:42:35,362 [WARNING] ThemeLauncher: Component 'themes' variant[6] references missing file: themes/WIN/DRK 25 WIN.theme
2026-05-25 07:42:35,362 [WARNING] ThemeLauncher: Component 'themes' variant[7] references missing file: themes/WIN/DRK 25 WIN - Dark.theme
2026-05-25 07:42:35,362 [WARNING] ThemeLauncher: Component 'themes' variant[8] references missing file: themes/WIN/DRK 25 WIN - Light.theme
2026-05-25 07:42:35,363 [INFO] ThemeLauncher: Loaded theme: DRK 25
2026-05-25 07:42:35,363 [WARNING] ThemeLauncher: Skipping Extras: No manifest.json found in C:\\Users\\kyleh\\.gemini\\themes\Extras
2026-05-25 07:42:35,363 [INFO] ThemeLauncher: Loaded theme: Gruvbox
2026-05-25 07:42:35,364 [WARNING] ThemeLauncher: Skipping iWin: No manifest.json found in C:\\Users\\kyleh\\.gemini\\themes\iWin
2026-05-25 07:42:35,364 [INFO] ThemeLauncher: Loaded theme: Janguru
2026-05-25 07:42:35,365 [WARNING] ThemeLauncher: Folder component 'windhawk' has no 'path' key — may fail to apply
2026-05-25 07:42:35,365 [INFO] ThemeLauncher: Loaded theme: Japan 26
2026-05-25 07:42:35,366 [INFO] ThemeLauncher: Loaded theme: Kanagawa
2026-05-25 07:42:35,367 [INFO] ThemeLauncher: Loaded theme: Kripton
2026-05-25 07:42:35,368 [INFO] ThemeLauncher: Loaded theme: Night Owl
2026-05-25 07:42:35,368 [WARNING] ThemeLauncher: Component 'themes' variant[0] references missing file: themes/Paranoid Android - LUV - dark.theme
2026-05-25 07:42:35,368 [WARNING] ThemeLauncher: Component 'themes' variant[1] references missing file: themes/Paranoid Android - LUV - light.theme
2026-05-25 07:42:35,368 [WARNING] ThemeLauncher: Component 'themes' variant[2] references missing file: themes/Paranoid Android - LUV - night.theme
2026-05-25 07:42:35,368 [WARNING] ThemeLauncher: Component 'themes' variant[3] references missing file: themes/Paranoid Android - Nebula - dark.theme
2026-05-25 07:42:35,368 [WARNING] ThemeLauncher: Component 'themes' variant[4] references missing file: themes/Paranoid Android - Nebula - light.theme
2026-05-25 07:42:35,368 [WARNING] ThemeLauncher: Component 'themes' variant[5] references missing file: themes/Paranoid Android - Nebula - night.theme
2026-05-25 07:42:35,368 [WARNING] ThemeLauncher: Component 'themes' variant[6] references missing file: themes/Paranoid Android - Sweet - dark.theme
2026-05-25 07:42:35,369 [WARNING] ThemeLauncher: Component 'themes' variant[7] references missing file: themes/Paranoid Android - Sweet - light.theme
2026-05-25 07:42:35,369 [WARNING] ThemeLauncher: Component 'themes' variant[8] references missing file: themes/Paranoid Android - Sweet - night.theme
2026-05-25 07:42:35,369 [INFO] ThemeLauncher: Loaded theme: Paranoid Android
2026-05-25 07:42:35,370 [WARNING] ThemeLauncher: Component 'cursors' references missing path: cursors
2026-05-25 07:42:35,370 [INFO] ThemeLauncher: Loaded theme: Rose Pine
2026-05-25 07:42:35,371 [INFO] ThemeLauncher: Loaded theme: Solarized
2026-05-25 07:42:35,371 [WARNING] ThemeLauncher: Component 'themes' variant[0] references missing file: themes/SynthWave '84 dark - luv.theme
2026-05-25 07:42:35,371 [WARNING] ThemeLauncher: Component 'themes' variant[1] references missing file: themes/SynthWave '84 dark - mac.theme
2026-05-25 07:42:35,371 [WARNING] ThemeLauncher: Component 'themes' variant[2] references missing file: themes/SynthWave '84 dark - mac gloss.theme
2026-05-25 07:42:35,371 [WARNING] ThemeLauncher: Component 'themes' variant[3] references missing file: themes/SynthWave '84 dark - nude.theme
2026-05-25 07:42:35,371 [WARNING] ThemeLauncher: Component 'themes' variant[4] references missing file: themes/SynthWave '84 night - luv.theme
2026-05-25 07:42:35,371 [WARNING] ThemeLauncher: Component 'themes' variant[5] references missing file: themes/SynthWave '84 night - mac.theme
2026-05-25 07:42:35,371 [WARNING] ThemeLauncher: Component 'themes' variant[6] references missing file: themes/SynthWave '84 night - mac gloss.theme
2026-05-25 07:42:35,372 [WARNING] ThemeLauncher: Component 'themes' variant[7] references missing file: themes/SynthWave '84 night - nude.theme
2026-05-25 07:42:35,372 [INFO] ThemeLauncher: Loaded theme: SynthWave '84
2026-05-25 07:42:35,373 [WARNING] ThemeLauncher: Unknown component type 'startorbs' in manifest
2026-05-25 07:42:35,373 [INFO] ThemeLauncher: Loaded theme: Tokyo Night
2026-05-25 07:42:35,373 [INFO] ThemeLauncher: Discovered 16 theme(s)
2026-05-25 07:42:35,373 [INFO] ThemeLauncher: Windows Update Resilience Monitor active
2026-05-25 07:42:35,374 [INFO] ThemeLauncher: Scheduled Theme Switcher active
2026-05-25 07:42:36,448 [INFO] ThemeLauncher: Theme Launcher UI ready
2026-05-25 07:43:15,743 [INFO] ThemeLauncher: ThemeColors: palette updated — broadcasting to 8 listener(s)
2026-05-25 07:43:17,560 [INFO] ThemeLauncher: Status: Selected: Kanagawa
2026-05-25 07:43:53,542 [INFO] ThemeLauncher: Status: Capturing safety snapshot...
2026-05-25 07:43:53,555 [INFO] ThemeLauncher: Safety snapshot captured: 2026-05-25T07-43-53
2026-05-25 07:43:53,555 [INFO] ThemeLauncher: Status: Applying theme...
2026-05-25 07:43:53,555 [INFO] ThemeLauncher: Set CurrentTheme registry key to: C:\\Users\\kyleh\\.gemini\\themes\Kanagawa\msstyles/Kanagawa Lotus - SQR DT.msstyles
2026-05-25 07:44:02,364 [INFO] ThemeLauncher: Wallpaper set to: C:\\Users\\kyleh\\.gemini\\themes\Kanagawa\wallpapers/Kanagawa WAVE.jpeg
2026-05-25 07:44:02,726 [INFO] ThemeLauncher: Status: Full theme applied
2026-05-29 15:56:00,596 [WARNING] ThemeLauncher: Skipping .vscode: No manifest.json found in C:\\Users\\kyleh\\.gemini\\Themes\.vscode
2026-05-29 15:56:00,599 [WARNING] ThemeLauncher: Component 'themes' variant[0] references missing file: themes/Black-DASH.theme
2026-05-29 15:56:00,599 [WARNING] ThemeLauncher: Component 'themes' variant[1] references missing file: themes/Black-DOTS.theme
2026-05-29 15:56:00,599 [WARNING] ThemeLauncher: Component 'themes' variant[2] references missing file: themes/Black-LIN.theme
2026-05-29 15:56:00,599 [WARNING] ThemeLauncher: Component 'themes' variant[3] references missing file: themes/Black-Mac.theme
2026-05-29 15:56:00,599 [WARNING] ThemeLauncher: Component 'themes' variant[4] references missing file: themes/Black-NU.theme
2026-05-29 15:56:00,599 [WARNING] ThemeLauncher: Component 'themes' variant[5] references missing file: themes/Black-Round.theme
2026-05-29 15:56:00,599 [WARNING] ThemeLauncher: Component 'themes' variant[6] references missing file: themes/Black-SLASH.theme
2026-05-29 15:56:00,599 [WARNING] ThemeLauncher: Component 'themes' variant[7] references missing file: themes/Black-Win.theme
2026-05-29 15:56:00,600 [WARNING] ThemeLauncher: Component 'themes' variant[8] references missing file: themes/Dark-DASH.theme
2026-05-29 15:56:00,600 [WARNING] ThemeLauncher: Component 'themes' variant[9] references missing file: themes/Dark-DOTS.theme
2026-05-29 15:56:00,600 [WARNING] ThemeLauncher: Component 'themes' variant[10] references missing file: themes/Dark-LIN.theme
2026-05-29 15:56:00,600 [WARNING] ThemeLauncher: Component 'themes' variant[11] references missing file: themes/Dark-Mac.theme
2026-05-29 15:56:00,600 [WARNING] ThemeLauncher: Component 'themes' variant[12] references missing file: themes/Dark-NU.theme
2026-05-29 15:56:00,600 [WARNING] ThemeLauncher: Component 'themes' variant[13] references missing file: themes/Dark-Round.theme
2026-05-29 15:56:00,600 [WARNING] ThemeLauncher: Component 'themes' variant[14] references missing file: themes/Dark-SLASH.theme
2026-05-29 15:56:00,601 [WARNING] ThemeLauncher: Component 'themes' variant[15] references missing file: themes/Dark-Win.theme
2026-05-29 15:56:00,603 [WARNING] ThemeLauncher: Component 'startallback' has an empty variants list
2026-05-29 15:56:00,603 [INFO] ThemeLauncher: Loaded theme: BlackIsBack
2026-05-29 15:56:00,603 [WARNING] ThemeLauncher: Skipping Buuf OS2: 'utf-8' codec can't decode byte 0xff in position 0: invalid start byte
2026-05-29 15:56:00,604 [WARNING] ThemeLauncher: Skipping Delta v1: 'utf-8' codec can't decode byte 0xff in position 0: invalid start byte
2026-05-29 15:56:00,608 [WARNING] ThemeLauncher: Unknown component type 'basebrd' in manifest
2026-05-29 15:56:00,608 [WARNING] ThemeLauncher: Component 'startallback' has an empty variants list
2026-05-29 15:56:00,608 [INFO] ThemeLauncher: Loaded theme: Delta v2
2026-05-29 15:56:00,608 [WARNING] ThemeLauncher: Skipping DRK 25: 'utf-8' codec can't decode byte 0xff in position 0: invalid start byte
2026-05-29 15:56:00,609 [WARNING] ThemeLauncher: Skipping Extras: No manifest.json found in C:\\Users\\kyleh\\.gemini\\Themes\Extras
2026-05-29 15:56:00,612 [WARNING] ThemeLauncher: Component 'startallback' has an empty variants list
2026-05-29 15:56:00,612 [INFO] ThemeLauncher: Loaded theme: Gruvbox
2026-05-29 15:56:00,612 [WARNING] ThemeLauncher: Skipping iWin: 'utf-8' codec can't decode byte 0xff in position 0: invalid start byte
2026-05-29 15:56:00,615 [WARNING] ThemeLauncher: Component 'startallback' has an empty variants list
2026-05-29 15:56:00,615 [INFO] ThemeLauncher: Loaded theme: Janguru
2026-05-29 15:56:00,615 [WARNING] ThemeLauncher: Skipping Japan 26: 'utf-8' codec can't decode byte 0xff in position 0: invalid start byte
2026-05-29 15:56:00,615 [WARNING] ThemeLauncher: Skipping Kanagawa: 'utf-8' codec can't decode byte 0xff in position 0: invalid start byte
2026-05-29 15:56:00,616 [WARNING] ThemeLauncher: Skipping Kripton: 'utf-8' codec can't decode byte 0xff in position 0: invalid start byte
2026-05-29 15:56:00,616 [WARNING] ThemeLauncher: Skipping Night Owl: 'utf-8' codec can't decode byte 0xff in position 0: invalid start byte
2026-05-29 15:56:00,616 [WARNING] ThemeLauncher: Skipping Paranoid Android: 'utf-8' codec can't decode byte 0xff in position 0: invalid start byte
2026-05-29 15:56:00,616 [WARNING] ThemeLauncher: Skipping Retro: 'utf-8' codec can't decode byte 0xff in position 0: invalid start byte
2026-05-29 15:56:00,624 [WARNING] ThemeLauncher: Component 'cursors' references missing path: cursors
2026-05-29 15:56:00,625 [WARNING] ThemeLauncher: Component 'startallback' has an empty variants list
2026-05-29 15:56:00,625 [INFO] ThemeLauncher: Loaded theme: Rose Pine
2026-05-29 15:56:00,625 [WARNING] ThemeLauncher: Skipping Solarized: 'utf-8' codec can't decode byte 0xff in position 0: invalid start byte
2026-05-29 15:56:00,625 [WARNING] ThemeLauncher: Skipping SynthWave 84: 'utf-8' codec can't decode byte 0xff in position 0: invalid start byte
2026-05-29 15:56:00,628 [WARNING] ThemeLauncher: Unknown component type 'startorbs' in manifest
2026-05-29 15:56:00,628 [WARNING] ThemeLauncher: Component 'startallback' has an empty variants list
2026-05-29 15:56:00,628 [INFO] ThemeLauncher: Loaded theme: Tokyo Night
2026-05-29 15:56:31,463 [WARNING] ThemeLauncher: Skipping .vscode: No manifest.json found in C:\\Users\\kyleh\\.gemini\\Themes\.vscode
2026-05-29 15:56:31,464 [WARNING] ThemeLauncher: Component 'themes' variant[0] references missing file: themes/Black-DASH.theme
2026-05-29 15:56:31,464 [WARNING] ThemeLauncher: Component 'themes' variant[1] references missing file: themes/Black-DOTS.theme
2026-05-29 15:56:31,464 [WARNING] ThemeLauncher: Component 'themes' variant[2] references missing file: themes/Black-LIN.theme
2026-05-29 15:56:31,464 [WARNING] ThemeLauncher: Component 'themes' variant[3] references missing file: themes/Black-Mac.theme
2026-05-29 15:56:31,464 [WARNING] ThemeLauncher: Component 'themes' variant[4] references missing file: themes/Black-NU.theme
2026-05-29 15:56:31,464 [WARNING] ThemeLauncher: Component 'themes' variant[5] references missing file: themes/Black-Round.theme
2026-05-29 15:56:31,464 [WARNING] ThemeLauncher: Component 'themes' variant[6] references missing file: themes/Black-SLASH.theme
2026-05-29 15:56:31,464 [WARNING] ThemeLauncher: Component 'themes' variant[7] references missing file: themes/Black-Win.theme
2026-05-29 15:56:31,464 [WARNING] ThemeLauncher: Component 'themes' variant[8] references missing file: themes/Dark-DASH.theme
2026-05-29 15:56:31,465 [WARNING] ThemeLauncher: Component 'themes' variant[9] references missing file: themes/Dark-DOTS.theme
2026-05-29 15:56:31,465 [WARNING] ThemeLauncher: Component 'themes' variant[10] references missing file: themes/Dark-LIN.theme
2026-05-29 15:56:31,465 [WARNING] ThemeLauncher: Component 'themes' variant[11] references missing file: themes/Dark-Mac.theme
2026-05-29 15:56:31,465 [WARNING] ThemeLauncher: Component 'themes' variant[12] references missing file: themes/Dark-NU.theme
2026-05-29 15:56:31,465 [WARNING] ThemeLauncher: Component 'themes' variant[13] references missing file: themes/Dark-Round.theme
2026-05-29 15:56:31,465 [WARNING] ThemeLauncher: Component 'themes' variant[14] references missing file: themes/Dark-SLASH.theme
2026-05-29 15:56:31,465 [WARNING] ThemeLauncher: Component 'themes' variant[15] references missing file: themes/Dark-Win.theme
2026-05-29 15:56:31,467 [WARNING] ThemeLauncher: Component 'startallback' has an empty variants list
2026-05-29 15:56:31,467 [INFO] ThemeLauncher: Loaded theme: BlackIsBack
2026-05-29 15:56:31,469 [WARNING] ThemeLauncher: Component 'startallback' has an empty variants list
2026-05-29 15:56:31,469 [INFO] ThemeLauncher: Loaded theme: Buuf OS2
2026-05-29 15:56:31,473 [WARNING] ThemeLauncher: Component 'wallpapers' variant[0] references missing file: wallpapers/Delta v1/casey-horner-NIIVU-unsplash.jpg
2026-05-29 15:56:31,473 [WARNING] ThemeLauncher: Component 'wallpapers' variant[1] references missing file: wallpapers/Delta v1/daniel-mirlea-NIIVU-unsplash.jpg
2026-05-29 15:56:31,473 [WARNING] ThemeLauncher: Component 'wallpapers' variant[2] references missing file: wallpapers/Delta v1/joshua-earle-NIIVU-unsplash.jpg
2026-05-29 15:56:31,473 [WARNING] ThemeLauncher: Component 'wallpapers' variant[3] references missing file: wallpapers/Delta v1/petr-slovacek-NIIVU-unsplash.jpg
2026-05-29 15:56:31,473 [WARNING] ThemeLauncher: Component 'wallpapers' variant[4] references missing file: wallpapers/Delta v1/waves.jpeg
2026-05-29 15:56:31,473 [WARNING] ThemeLauncher: Component 'wallpapers' variant[5] references missing file: wallpapers/Delta v1/foggy.jpeg
2026-05-29 15:56:31,473 [WARNING] ThemeLauncher: Component 'wallpapers' variant[6] references missing file: wallpapers/Delta v1/geo.jpeg
2026-05-29 15:56:31,474 [WARNING] ThemeLauncher: Component 'wallpapers' variant[7] references missing file: wallpapers/Delta v1/nebula.jpeg
2026-05-29 15:56:31,474 [WARNING] ThemeLauncher: Component 'wallpapers' variant[8] references missing file: wallpapers/Delta v1/waterfall.jpeg
2026-05-29 15:56:31,474 [WARNING] ThemeLauncher: Component 'wallpapers' variant[9] references missing file: wallpapers/Delta v1/drip.jpeg
2026-05-29 15:56:31,474 [WARNING] ThemeLauncher: Unknown component type 'basebrd' in manifest
2026-05-29 15:56:31,474 [WARNING] ThemeLauncher: Component 'startallback' has an empty variants list
2026-05-29 15:56:31,474 [INFO] ThemeLauncher: Loaded theme: Delta v1
2026-05-29 15:56:31,475 [WARNING] ThemeLauncher: Unknown component type 'basebrd' in manifest
2026-05-29 15:56:31,475 [WARNING] ThemeLauncher: Component 'startallback' has an empty variants list
2026-05-29 15:56:31,475 [INFO] ThemeLauncher: Loaded theme: Delta v2
2026-05-29 15:56:31,475 [WARNING] ThemeLauncher: Component 'msstyles' variant[0] references missing file: msstyles/MAC/DRK 25 MAC.msstyles
2026-05-29 15:56:31,475 [WARNING] ThemeLauncher: Component 'msstyles' variant[1] references missing file: msstyles/MAC/DRK 25 MAC - dark.msstyles
2026-05-29 15:56:31,476 [WARNING] ThemeLauncher: Component 'msstyles' variant[2] references missing file: msstyles/MAC/DRK 25 MAC - light.msstyles
2026-05-29 15:56:31,476 [WARNING] ThemeLauncher: Component 'msstyles' variant[3] references missing file: msstyles/SQR/DRK 25 SQR.msstyles
2026-05-29 15:56:31,476 [WARNING] ThemeLauncher: Component 'msstyles' variant[4] references missing file: msstyles/SQR/DRK 25 SQR - dark.msstyles
2026-05-29 15:56:31,476 [WARNING] ThemeLauncher: Component 'msstyles' variant[5] references missing file: msstyles/SQR/DRK 25 SQR - light.msstyles
2026-05-29 15:56:31,477 [WARNING] ThemeLauncher: Component 'themes' variant[0] references missing file: themes/MAC/DRK 25 MAC.theme
2026-05-29 15:56:31,477 [WARNING] ThemeLauncher: Component 'themes' variant[1] references missing file: themes/MAC/DRK 25 MAC - Dark.theme
2026-05-29 15:56:31,477 [WARNING] ThemeLauncher: Component 'themes' variant[2] references missing file: themes/MAC/DRK 25 MAC - Light.theme
2026-05-29 15:56:31,477 [WARNING] ThemeLauncher: Component 'themes' variant[3] references missing file: themes/SQR/DRK 25 SQR.theme
2026-05-29 15:56:31,477 [WARNING] ThemeLauncher: Component 'themes' variant[4] references missing file: themes/SQR/DRK 25 SQR - Dark.theme
2026-05-29 15:56:31,477 [WARNING] ThemeLauncher: Component 'themes' variant[5] references missing file: themes/SQR/DRK 25 SQR - Light.theme
2026-05-29 15:56:31,477 [WARNING] ThemeLauncher: Component 'themes' variant[6] references missing file: themes/WIN/DRK 25 WIN.theme
2026-05-29 15:56:31,477 [WARNING] ThemeLauncher: Component 'themes' variant[7] references missing file: themes/WIN/DRK 25 WIN - Dark.theme
2026-05-29 15:56:31,477 [WARNING] ThemeLauncher: Component 'themes' variant[8] references missing file: themes/WIN/DRK 25 WIN - Light.theme
2026-05-29 15:56:31,479 [INFO] ThemeLauncher: Loaded theme: DRK 25
2026-05-29 15:56:31,479 [WARNING] ThemeLauncher: Skipping Extras: No manifest.json found in C:\\Users\\kyleh\\.gemini\\Themes\Extras
2026-05-29 15:56:31,480 [WARNING] ThemeLauncher: Component 'startallback' has an empty variants list
2026-05-29 15:56:31,480 [INFO] ThemeLauncher: Loaded theme: Gruvbox
2026-05-29 15:56:31,485 [INFO] ThemeLauncher: Loaded theme: iWin
2026-05-29 15:56:31,486 [WARNING] ThemeLauncher: Component 'startallback' has an empty variants list
2026-05-29 15:56:31,486 [INFO] ThemeLauncher: Loaded theme: Janguru
2026-05-29 15:56:31,490 [WARNING] ThemeLauncher: Folder component 'windhawk' has no 'path' key — may fail to apply
2026-05-29 15:56:31,490 [INFO] ThemeLauncher: Loaded theme: Japan 26
2026-05-29 15:56:31,492 [INFO] ThemeLauncher: Loaded theme: Kanagawa
2026-05-29 15:56:31,502 [INFO] ThemeLauncher: Loaded theme: Kripton
2026-05-29 15:56:31,508 [INFO] ThemeLauncher: Loaded theme: Night Owl
2026-05-29 15:56:31,509 [WARNING] ThemeLauncher: Component 'themes' variant[0] references missing file: themes/Paranoid Android - LUV - dark.theme
2026-05-29 15:56:31,509 [WARNING] ThemeLauncher: Component 'themes' variant[1] references missing file: themes/Paranoid Android - LUV - light.theme
2026-05-29 15:56:31,509 [WARNING] ThemeLauncher: Component 'themes' variant[2] references missing file: themes/Paranoid Android - LUV - night.theme
2026-05-29 15:56:31,509 [WARNING] ThemeLauncher: Component 'themes' variant[3] references missing file: themes/Paranoid Android - Nebula - dark.theme
2026-05-29 15:56:31,509 [WARNING] ThemeLauncher: Component 'themes' variant[4] references missing file: themes/Paranoid Android - Nebula - light.theme
2026-05-29 15:56:31,509 [WARNING] ThemeLauncher: Component 'themes' variant[5] references missing file: themes/Paranoid Android - Nebula - night.theme
2026-05-29 15:56:31,509 [WARNING] ThemeLauncher: Component 'themes' variant[6] references missing file: themes/Paranoid Android - Sweet - dark.theme
2026-05-29 15:56:31,510 [WARNING] ThemeLauncher: Component 'themes' variant[7] references missing file: themes/Paranoid Android - Sweet - light.theme
2026-05-29 15:56:31,510 [WARNING] ThemeLauncher: Component 'themes' variant[8] references missing file: themes/Paranoid Android - Sweet - night.theme
2026-05-29 15:56:31,511 [WARNING] ThemeLauncher: Component 'startallback' has an empty variants list
2026-05-29 15:56:31,511 [INFO] ThemeLauncher: Loaded theme: Paranoid Android
2026-05-29 15:56:31,511 [WARNING] ThemeLauncher: Skipping Retro: Manifest missing required field: palette
2026-05-29 15:56:31,513 [WARNING] ThemeLauncher: Component 'cursors' references missing path: cursors
2026-05-29 15:56:31,513 [WARNING] ThemeLauncher: Component 'startallback' has an empty variants list
2026-05-29 15:56:31,513 [INFO] ThemeLauncher: Loaded theme: Rose Pine
2026-05-29 15:56:31,518 [INFO] ThemeLauncher: Loaded theme: Solarized
2026-05-29 15:56:31,520 [WARNING] ThemeLauncher: Component 'themes' variant[0] references missing file: themes/SynthWave '84 dark - luv.theme
2026-05-29 15:56:31,520 [WARNING] ThemeLauncher: Component 'themes' variant[1] references missing file: themes/SynthWave '84 dark - mac.theme
2026-05-29 15:56:31,520 [WARNING] ThemeLauncher: Component 'themes' variant[2] references missing file: themes/SynthWave '84 dark - mac gloss.theme
2026-05-29 15:56:31,520 [WARNING] ThemeLauncher: Component 'themes' variant[3] references missing file: themes/SynthWave '84 dark - nude.theme
2026-05-29 15:56:31,520 [WARNING] ThemeLauncher: Component 'themes' variant[4] references missing file: themes/SynthWave '84 night - luv.theme
2026-05-29 15:56:31,520 [WARNING] ThemeLauncher: Component 'themes' variant[5] references missing file: themes/SynthWave '84 night - mac.theme
2026-05-29 15:56:31,520 [WARNING] ThemeLauncher: Component 'themes' variant[6] references missing file: themes/SynthWave '84 night - mac gloss.theme
2026-05-29 15:56:31,520 [WARNING] ThemeLauncher: Component 'themes' variant[7] references missing file: themes/SynthWave '84 night - nude.theme
2026-05-29 15:56:31,521 [INFO] ThemeLauncher: Loaded theme: SynthWave '84
2026-05-29 15:56:31,523 [WARNING] ThemeLauncher: Unknown component type 'startorbs' in manifest
2026-05-29 15:56:31,523 [WARNING] ThemeLauncher: Component 'startallback' has an empty variants list
2026-05-29 15:56:31,523 [INFO] ThemeLauncher: Loaded theme: Tokyo Night
2026-05-29 15:56:50,825 [WARNING] ThemeLauncher: Skipping .vscode: No manifest.json found in C:\\Users\\kyleh\\.gemini\\Themes\.vscode
2026-05-29 15:56:50,825 [WARNING] ThemeLauncher: Component 'themes' variant[0] references missing file: themes/Black-DASH.theme
2026-05-29 15:56:50,825 [WARNING] ThemeLauncher: Component 'themes' variant[1] references missing file: themes/Black-DOTS.theme
2026-05-29 15:56:50,825 [WARNING] ThemeLauncher: Component 'themes' variant[2] references missing file: themes/Black-LIN.theme
2026-05-29 15:56:50,825 [WARNING] ThemeLauncher: Component 'themes' variant[3] references missing file: themes/Black-Mac.theme
2026-05-29 15:56:50,826 [WARNING] ThemeLauncher: Component 'themes' variant[4] references missing file: themes/Black-NU.theme
2026-05-29 15:56:50,826 [WARNING] ThemeLauncher: Component 'themes' variant[5] references missing file: themes/Black-Round.theme
2026-05-29 15:56:50,826 [WARNING] ThemeLauncher: Component 'themes' variant[6] references missing file: themes/Black-SLASH.theme
2026-05-29 15:56:50,826 [WARNING] ThemeLauncher: Component 'themes' variant[7] references missing file: themes/Black-Win.theme
2026-05-29 15:56:50,826 [WARNING] ThemeLauncher: Component 'themes' variant[8] references missing file: themes/Dark-DASH.theme
2026-05-29 15:56:50,826 [WARNING] ThemeLauncher: Component 'themes' variant[9] references missing file: themes/Dark-DOTS.theme
2026-05-29 15:56:50,826 [WARNING] ThemeLauncher: Component 'themes' variant[10] references missing file: themes/Dark-LIN.theme
2026-05-29 15:56:50,826 [WARNING] ThemeLauncher: Component 'themes' variant[11] references missing file: themes/Dark-Mac.theme
2026-05-29 15:56:50,827 [WARNING] ThemeLauncher: Component 'themes' variant[12] references missing file: themes/Dark-NU.theme
2026-05-29 15:56:50,827 [WARNING] ThemeLauncher: Component 'themes' variant[13] references missing file: themes/Dark-Round.theme
2026-05-29 15:56:50,827 [WARNING] ThemeLauncher: Component 'themes' variant[14] references missing file: themes/Dark-SLASH.theme
2026-05-29 15:56:50,827 [WARNING] ThemeLauncher: Component 'themes' variant[15] references missing file: themes/Dark-Win.theme
2026-05-29 15:56:50,827 [INFO] ThemeLauncher: Loaded theme: BlackIsBack
2026-05-29 15:56:50,828 [INFO] ThemeLauncher: Loaded theme: Buuf OS2
2026-05-29 15:56:50,828 [WARNING] ThemeLauncher: Component 'wallpapers' variant[0] references missing file: wallpapers/Delta v1/casey-horner-NIIVU-unsplash.jpg
2026-05-29 15:56:50,828 [WARNING] ThemeLauncher: Component 'wallpapers' variant[1] references missing file: wallpapers/Delta v1/daniel-mirlea-NIIVU-unsplash.jpg
2026-05-29 15:56:50,828 [WARNING] ThemeLauncher: Component 'wallpapers' variant[2] references missing file: wallpapers/Delta v1/joshua-earle-NIIVU-unsplash.jpg
2026-05-29 15:56:50,829 [WARNING] ThemeLauncher: Component 'wallpapers' variant[3] references missing file: wallpapers/Delta v1/petr-slovacek-NIIVU-unsplash.jpg
2026-05-29 15:56:50,829 [WARNING] ThemeLauncher: Component 'wallpapers' variant[4] references missing file: wallpapers/Delta v1/waves.jpeg
2026-05-29 15:56:50,829 [WARNING] ThemeLauncher: Component 'wallpapers' variant[5] references missing file: wallpapers/Delta v1/foggy.jpeg
2026-05-29 15:56:50,829 [WARNING] ThemeLauncher: Component 'wallpapers' variant[6] references missing file: wallpapers/Delta v1/geo.jpeg
2026-05-29 15:56:50,829 [WARNING] ThemeLauncher: Component 'wallpapers' variant[7] references missing file: wallpapers/Delta v1/nebula.jpeg
2026-05-29 15:56:50,829 [WARNING] ThemeLauncher: Component 'wallpapers' variant[8] references missing file: wallpapers/Delta v1/waterfall.jpeg
2026-05-29 15:56:50,829 [WARNING] ThemeLauncher: Component 'wallpapers' variant[9] references missing file: wallpapers/Delta v1/drip.jpeg
2026-05-29 15:56:50,829 [WARNING] ThemeLauncher: Unknown component type 'basebrd' in manifest
2026-05-29 15:56:50,829 [INFO] ThemeLauncher: Loaded theme: Delta v1
2026-05-29 15:56:50,831 [WARNING] ThemeLauncher: Unknown component type 'basebrd' in manifest
2026-05-29 15:56:50,831 [INFO] ThemeLauncher: Loaded theme: Delta v2
2026-05-29 15:56:50,832 [WARNING] ThemeLauncher: Component 'msstyles' variant[0] references missing file: msstyles/MAC/DRK 25 MAC.msstyles
2026-05-29 15:56:50,832 [WARNING] ThemeLauncher: Component 'msstyles' variant[1] references missing file: msstyles/MAC/DRK 25 MAC - dark.msstyles
2026-05-29 15:56:50,832 [WARNING] ThemeLauncher: Component 'msstyles' variant[2] references missing file: msstyles/MAC/DRK 25 MAC - light.msstyles
2026-05-29 15:56:50,832 [WARNING] ThemeLauncher: Component 'msstyles' variant[3] references missing file: msstyles/SQR/DRK 25 SQR.msstyles
2026-05-29 15:56:50,832 [WARNING] ThemeLauncher: Component 'msstyles' variant[4] references missing file: msstyles/SQR/DRK 25 SQR - dark.msstyles
2026-05-29 15:56:50,832 [WARNING] ThemeLauncher: Component 'msstyles' variant[5] references missing file: msstyles/SQR/DRK 25 SQR - light.msstyles
2026-05-29 15:56:50,832 [WARNING] ThemeLauncher: Component 'themes' variant[0] references missing file: themes/MAC/DRK 25 MAC.theme
2026-05-29 15:56:50,832 [WARNING] ThemeLauncher: Component 'themes' variant[1] references missing file: themes/MAC/DRK 25 MAC - Dark.theme
2026-05-29 15:56:50,833 [WARNING] ThemeLauncher: Component 'themes' variant[2] references missing file: themes/MAC/DRK 25 MAC - Light.theme
2026-05-29 15:56:50,833 [WARNING] ThemeLauncher: Component 'themes' variant[3] references missing file: themes/SQR/DRK 25 SQR.theme
2026-05-29 15:56:50,833 [WARNING] ThemeLauncher: Component 'themes' variant[4] references missing file: themes/SQR/DRK 25 SQR - Dark.theme
2026-05-29 15:56:50,833 [WARNING] ThemeLauncher: Component 'themes' variant[5] references missing file: themes/SQR/DRK 25 SQR - Light.theme
2026-05-29 15:56:50,833 [WARNING] ThemeLauncher: Component 'themes' variant[6] references missing file: themes/WIN/DRK 25 WIN.theme
2026-05-29 15:56:50,833 [WARNING] ThemeLauncher: Component 'themes' variant[7] references missing file: themes/WIN/DRK 25 WIN - Dark.theme
2026-05-29 15:56:50,833 [WARNING] ThemeLauncher: Component 'themes' variant[8] references missing file: themes/WIN/DRK 25 WIN - Light.theme
2026-05-29 15:56:50,834 [INFO] ThemeLauncher: Loaded theme: DRK 25
2026-05-29 15:56:50,834 [WARNING] ThemeLauncher: Skipping Extras: No manifest.json found in C:\\Users\\kyleh\\.gemini\\Themes\Extras
2026-05-29 15:56:50,835 [INFO] ThemeLauncher: Loaded theme: Gruvbox
2026-05-29 15:56:50,835 [INFO] ThemeLauncher: Loaded theme: iWin
2026-05-29 15:56:50,836 [INFO] ThemeLauncher: Loaded theme: Janguru
2026-05-29 15:56:50,837 [WARNING] ThemeLauncher: Folder component 'windhawk' has no 'path' key — may fail to apply
2026-05-29 15:56:50,837 [INFO] ThemeLauncher: Loaded theme: Japan 26
2026-05-29 15:56:50,838 [INFO] ThemeLauncher: Loaded theme: Kanagawa
2026-05-29 15:56:50,839 [INFO] ThemeLauncher: Loaded theme: Kripton
2026-05-29 15:56:50,840 [INFO] ThemeLauncher: Loaded theme: Night Owl
2026-05-29 15:56:50,840 [WARNING] ThemeLauncher: Component 'themes' variant[0] references missing file: themes/Paranoid Android - LUV - dark.theme
2026-05-29 15:56:50,840 [WARNING] ThemeLauncher: Component 'themes' variant[1] references missing file: themes/Paranoid Android - LUV - light.theme
2026-05-29 15:56:50,841 [WARNING] ThemeLauncher: Component 'themes' variant[2] references missing file: themes/Paranoid Android - LUV - night.theme
2026-05-29 15:56:50,841 [WARNING] ThemeLauncher: Component 'themes' variant[3] references missing file: themes/Paranoid Android - Nebula - dark.theme
2026-05-29 15:56:50,841 [WARNING] ThemeLauncher: Component 'themes' variant[4] references missing file: themes/Paranoid Android - Nebula - light.theme
2026-05-29 15:56:50,841 [WARNING] ThemeLauncher: Component 'themes' variant[5] references missing file: themes/Paranoid Android - Nebula - night.theme
2026-05-29 15:56:50,841 [WARNING] ThemeLauncher: Component 'themes' variant[6] references missing file: themes/Paranoid Android - Sweet - dark.theme
2026-05-29 15:56:50,841 [WARNING] ThemeLauncher: Component 'themes' variant[7] references missing file: themes/Paranoid Android - Sweet - light.theme
2026-05-29 15:56:50,841 [WARNING] ThemeLauncher: Component 'themes' variant[8] references missing file: themes/Paranoid Android - Sweet - night.theme
2026-05-29 15:56:50,841 [INFO] ThemeLauncher: Loaded theme: Paranoid Android
2026-05-29 15:56:50,842 [INFO] ThemeLauncher: Loaded theme: Retro
2026-05-29 15:56:50,844 [WARNING] ThemeLauncher: Component 'cursors' references missing path: cursors
2026-05-29 15:56:50,844 [INFO] ThemeLauncher: Loaded theme: Rose Pine
2026-05-29 15:56:50,845 [INFO] ThemeLauncher: Loaded theme: Solarized
2026-05-29 15:56:50,845 [WARNING] ThemeLauncher: Component 'themes' variant[0] references missing file: themes/SynthWave '84 dark - luv.theme
2026-05-29 15:56:50,846 [WARNING] ThemeLauncher: Component 'themes' variant[1] references missing file: themes/SynthWave '84 dark - mac.theme
2026-05-29 15:56:50,846 [WARNING] ThemeLauncher: Component 'themes' variant[2] references missing file: themes/SynthWave '84 dark - mac gloss.theme
2026-05-29 15:56:50,846 [WARNING] ThemeLauncher: Component 'themes' variant[3] references missing file: themes/SynthWave '84 dark - nude.theme
2026-05-29 15:56:50,846 [WARNING] ThemeLauncher: Component 'themes' variant[4] references missing file: themes/SynthWave '84 night - luv.theme
2026-05-29 15:56:50,846 [WARNING] ThemeLauncher: Component 'themes' variant[5] references missing file: themes/SynthWave '84 night - mac.theme
2026-05-29 15:56:50,846 [WARNING] ThemeLauncher: Component 'themes' variant[6] references missing file: themes/SynthWave '84 night - mac gloss.theme
2026-05-29 15:56:50,846 [WARNING] ThemeLauncher: Component 'themes' variant[7] references missing file: themes/SynthWave '84 night - nude.theme
2026-05-29 15:56:50,847 [INFO] ThemeLauncher: Loaded theme: SynthWave '84
2026-05-29 15:56:50,848 [WARNING] ThemeLauncher: Unknown component type 'startorbs' in manifest
2026-05-29 15:56:50,848 [INFO] ThemeLauncher: Loaded theme: Tokyo Night
2026-05-29 21:39:01,940 [INFO] ThemeLauncher: Theme Launcher starting...
2026-05-29 21:39:01,942 [WARNING] ThemeLauncher: Not running as administrator. Font installation and some registry operations will fail. Re-launch with --admin flag for full functionality.
2026-05-29 21:39:01,957 [WARNING] ThemeLauncher: Skipping .vscode: No manifest.json found in C:\\Users\\kyleh\\.gemini\\Themes\.vscode
2026-05-29 21:39:01,963 [WARNING] ThemeLauncher: Component 'themes' variant[0] references missing file: themes/Black-DASH.theme
2026-05-29 21:39:01,963 [WARNING] ThemeLauncher: Component 'themes' variant[1] references missing file: themes/Black-DOTS.theme
2026-05-29 21:39:01,963 [WARNING] ThemeLauncher: Component 'themes' variant[2] references missing file: themes/Black-LIN.theme
2026-05-29 21:39:01,963 [WARNING] ThemeLauncher: Component 'themes' variant[3] references missing file: themes/Black-Mac.theme
2026-05-29 21:39:01,964 [WARNING] ThemeLauncher: Component 'themes' variant[4] references missing file: themes/Black-NU.theme
2026-05-29 21:39:01,964 [WARNING] ThemeLauncher: Component 'themes' variant[5] references missing file: themes/Black-Round.theme
2026-05-29 21:39:01,964 [WARNING] ThemeLauncher: Component 'themes' variant[6] references missing file: themes/Black-SLASH.theme
2026-05-29 21:39:01,964 [WARNING] ThemeLauncher: Component 'themes' variant[7] references missing file: themes/Black-Win.theme
2026-05-29 21:39:01,964 [WARNING] ThemeLauncher: Component 'themes' variant[8] references missing file: themes/Dark-DASH.theme
2026-05-29 21:39:01,964 [WARNING] ThemeLauncher: Component 'themes' variant[9] references missing file: themes/Dark-DOTS.theme
2026-05-29 21:39:01,964 [WARNING] ThemeLauncher: Component 'themes' variant[10] references missing file: themes/Dark-LIN.theme
2026-05-29 21:39:01,964 [WARNING] ThemeLauncher: Component 'themes' variant[11] references missing file: themes/Dark-Mac.theme
2026-05-29 21:39:01,964 [WARNING] ThemeLauncher: Component 'themes' variant[12] references missing file: themes/Dark-NU.theme
2026-05-29 21:39:01,964 [WARNING] ThemeLauncher: Component 'themes' variant[13] references missing file: themes/Dark-Round.theme
2026-05-29 21:39:01,965 [WARNING] ThemeLauncher: Component 'themes' variant[14] references missing file: themes/Dark-SLASH.theme
2026-05-29 21:39:01,965 [WARNING] ThemeLauncher: Component 'themes' variant[15] references missing file: themes/Dark-Win.theme
2026-05-29 21:39:01,965 [INFO] ThemeLauncher: Loaded theme: BlackIsBack
2026-05-29 21:39:01,970 [INFO] ThemeLauncher: Loaded theme: Buuf OS2
2026-05-29 21:39:01,975 [WARNING] ThemeLauncher: Component 'wallpapers' variant[0] references missing file: wallpapers/Delta v1/casey-horner-NIIVU-unsplash.jpg
2026-05-29 21:39:01,975 [WARNING] ThemeLauncher: Component 'wallpapers' variant[1] references missing file: wallpapers/Delta v1/daniel-mirlea-NIIVU-unsplash.jpg
2026-05-29 21:39:01,976 [WARNING] ThemeLauncher: Component 'wallpapers' variant[2] references missing file: wallpapers/Delta v1/joshua-earle-NIIVU-unsplash.jpg
2026-05-29 21:39:01,976 [WARNING] ThemeLauncher: Component 'wallpapers' variant[3] references missing file: wallpapers/Delta v1/petr-slovacek-NIIVU-unsplash.jpg
2026-05-29 21:39:01,976 [WARNING] ThemeLauncher: Component 'wallpapers' variant[4] references missing file: wallpapers/Delta v1/waves.jpeg
2026-05-29 21:39:01,976 [WARNING] ThemeLauncher: Component 'wallpapers' variant[5] references missing file: wallpapers/Delta v1/foggy.jpeg
2026-05-29 21:39:01,976 [WARNING] ThemeLauncher: Component 'wallpapers' variant[6] references missing file: wallpapers/Delta v1/geo.jpeg
2026-05-29 21:39:01,976 [WARNING] ThemeLauncher: Component 'wallpapers' variant[7] references missing file: wallpapers/Delta v1/nebula.jpeg
2026-05-29 21:39:01,976 [WARNING] ThemeLauncher: Component 'wallpapers' variant[8] references missing file: wallpapers/Delta v1/waterfall.jpeg
2026-05-29 21:39:01,976 [WARNING] ThemeLauncher: Component 'wallpapers' variant[9] references missing file: wallpapers/Delta v1/drip.jpeg
2026-05-29 21:39:01,976 [WARNING] ThemeLauncher: Unknown component type 'basebrd' in manifest
2026-05-29 21:39:01,976 [INFO] ThemeLauncher: Loaded theme: Delta v1
2026-05-29 21:39:01,982 [WARNING] ThemeLauncher: Unknown component type 'basebrd' in manifest
2026-05-29 21:39:01,982 [INFO] ThemeLauncher: Loaded theme: Delta v2
2026-05-29 21:39:01,987 [WARNING] ThemeLauncher: Component 'msstyles' variant[0] references missing file: msstyles/MAC/DRK 25 MAC.msstyles
2026-05-29 21:39:01,987 [WARNING] ThemeLauncher: Component 'msstyles' variant[1] references missing file: msstyles/MAC/DRK 25 MAC - dark.msstyles
2026-05-29 21:39:01,987 [WARNING] ThemeLauncher: Component 'msstyles' variant[2] references missing file: msstyles/MAC/DRK 25 MAC - light.msstyles
2026-05-29 21:39:01,987 [WARNING] ThemeLauncher: Component 'msstyles' variant[3] references missing file: msstyles/SQR/DRK 25 SQR.msstyles
2026-05-29 21:39:01,988 [WARNING] ThemeLauncher: Component 'msstyles' variant[4] references missing file: msstyles/SQR/DRK 25 SQR - dark.msstyles
2026-05-29 21:39:01,988 [WARNING] ThemeLauncher: Component 'msstyles' variant[5] references missing file: msstyles/SQR/DRK 25 SQR - light.msstyles
2026-05-29 21:39:01,988 [WARNING] ThemeLauncher: Component 'themes' variant[0] references missing file: themes/MAC/DRK 25 MAC.theme
2026-05-29 21:39:01,988 [WARNING] ThemeLauncher: Component 'themes' variant[1] references missing file: themes/MAC/DRK 25 MAC - Dark.theme
2026-05-29 21:39:01,988 [WARNING] ThemeLauncher: Component 'themes' variant[2] references missing file: themes/MAC/DRK 25 MAC - Light.theme
2026-05-29 21:39:01,988 [WARNING] ThemeLauncher: Component 'themes' variant[3] references missing file: themes/SQR/DRK 25 SQR.theme
2026-05-29 21:39:01,988 [WARNING] ThemeLauncher: Component 'themes' variant[4] references missing file: themes/SQR/DRK 25 SQR - Dark.theme
2026-05-29 21:39:01,988 [WARNING] ThemeLauncher: Component 'themes' variant[5] references missing file: themes/SQR/DRK 25 SQR - Light.theme
2026-05-29 21:39:01,988 [WARNING] ThemeLauncher: Component 'themes' variant[6] references missing file: themes/WIN/DRK 25 WIN.theme
2026-05-29 21:39:01,988 [WARNING] ThemeLauncher: Component 'themes' variant[7] references missing file: themes/WIN/DRK 25 WIN - Dark.theme
2026-05-29 21:39:01,989 [WARNING] ThemeLauncher: Component 'themes' variant[8] references missing file: themes/WIN/DRK 25 WIN - Light.theme
2026-05-29 21:39:01,989 [INFO] ThemeLauncher: Loaded theme: DRK 25
2026-05-29 21:39:01,989 [WARNING] ThemeLauncher: Skipping Extras: No manifest.json found in C:\\Users\\kyleh\\.gemini\\Themes\Extras
2026-05-29 21:39:01,995 [INFO] ThemeLauncher: Loaded theme: Gruvbox
2026-05-29 21:39:02,000 [INFO] ThemeLauncher: Loaded theme: iWin
2026-05-29 21:39:02,006 [INFO] ThemeLauncher: Loaded theme: Janguru
2026-05-29 21:39:02,011 [WARNING] ThemeLauncher: Folder component 'windhawk' has no 'path' key — may fail to apply
2026-05-29 21:39:02,012 [INFO] ThemeLauncher: Loaded theme: Japan 26
2026-05-29 21:39:02,018 [INFO] ThemeLauncher: Loaded theme: Kanagawa
2026-05-29 21:39:02,024 [INFO] ThemeLauncher: Loaded theme: Kripton
2026-05-29 21:39:02,030 [INFO] ThemeLauncher: Loaded theme: Night Owl
2026-05-29 21:39:02,035 [WARNING] ThemeLauncher: Component 'themes' variant[0] references missing file: themes/Paranoid Android - LUV - dark.theme
2026-05-29 21:39:02,035 [WARNING] ThemeLauncher: Component 'themes' variant[1] references missing file: themes/Paranoid Android - LUV - light.theme
2026-05-29 21:39:02,035 [WARNING] ThemeLauncher: Component 'themes' variant[2] references missing file: themes/Paranoid Android - LUV - night.theme
2026-05-29 21:39:02,035 [WARNING] ThemeLauncher: Component 'themes' variant[3] references missing file: themes/Paranoid Android - Nebula - dark.theme
2026-05-29 21:39:02,035 [WARNING] ThemeLauncher: Component 'themes' variant[4] references missing file: themes/Paranoid Android - Nebula - light.theme
2026-05-29 21:39:02,035 [WARNING] ThemeLauncher: Component 'themes' variant[5] references missing file: themes/Paranoid Android - Nebula - night.theme
2026-05-29 21:39:02,035 [WARNING] ThemeLauncher: Component 'themes' variant[6] references missing file: themes/Paranoid Android - Sweet - dark.theme
2026-05-29 21:39:02,035 [WARNING] ThemeLauncher: Component 'themes' variant[7] references missing file: themes/Paranoid Android - Sweet - light.theme
2026-05-29 21:39:02,036 [WARNING] ThemeLauncher: Component 'themes' variant[8] references missing file: themes/Paranoid Android - Sweet - night.theme
2026-05-29 21:39:02,036 [WARNING] ThemeLauncher: Component 'startorb' variant[0] references missing file: orbs/Paranoid Start Orb.svg
2026-05-29 21:39:02,036 [WARNING] ThemeLauncher: Component 'startorb' variant[1] references missing file: orbs/StartAllBack explorer.png
2026-05-29 21:39:02,036 [WARNING] ThemeLauncher: Component 'startorb' variant[2] references missing file: orbs/StartAllBack taskbar.png
2026-05-29 21:39:02,036 [INFO] ThemeLauncher: Loaded theme: Paranoid Android
2026-05-29 21:39:02,041 [INFO] ThemeLauncher: Loaded theme: Retro
2026-05-29 21:39:02,047 [WARNING] ThemeLauncher: Component 'cursors' references missing path: cursors
2026-05-29 21:39:02,047 [INFO] ThemeLauncher: Loaded theme: Rose Pine
2026-05-29 21:39:02,053 [INFO] ThemeLauncher: Loaded theme: Solarized
2026-05-29 21:39:02,058 [WARNING] ThemeLauncher: Component 'themes' variant[0] references missing file: themes/SynthWave '84 dark - luv.theme
2026-05-29 21:39:02,058 [WARNING] ThemeLauncher: Component 'themes' variant[1] references missing file: themes/SynthWave '84 dark - mac.theme
2026-05-29 21:39:02,059 [WARNING] ThemeLauncher: Component 'themes' variant[2] references missing file: themes/SynthWave '84 dark - mac gloss.theme
2026-05-29 21:39:02,059 [WARNING] ThemeLauncher: Component 'themes' variant[3] references missing file: themes/SynthWave '84 dark - nude.theme
2026-05-29 21:39:02,059 [WARNING] ThemeLauncher: Component 'themes' variant[4] references missing file: themes/SynthWave '84 night - luv.theme
2026-05-29 21:39:02,059 [WARNING] ThemeLauncher: Component 'themes' variant[5] references missing file: themes/SynthWave '84 night - mac.theme
2026-05-29 21:39:02,059 [WARNING] ThemeLauncher: Component 'themes' variant[6] references missing file: themes/SynthWave '84 night - mac gloss.theme
2026-05-29 21:39:02,059 [WARNING] ThemeLauncher: Component 'themes' variant[7] references missing file: themes/SynthWave '84 night - nude.theme
2026-05-29 21:39:02,059 [INFO] ThemeLauncher: Loaded theme: SynthWave '84
2026-05-29 21:39:02,064 [WARNING] ThemeLauncher: Component 'themes' variant[0] references missing file: themes/Tokyo Dark Night Circle Fill NA.theme
2026-05-29 21:39:02,065 [WARNING] ThemeLauncher: Component 'themes' variant[8] references missing file: themes/Tokyo Dark Storm Circle Fill NA.theme
2026-05-29 21:39:02,065 [INFO] ThemeLauncher: Loaded theme: Tokyo Night
2026-05-29 21:39:02,066 [WARNING] ThemeLauncher: Skipping .vscode: No manifest.json found in C:\\Users\\kyleh\\.gemini\\Themes\.vscode
2026-05-29 21:39:02,066 [WARNING] ThemeLauncher: Component 'themes' variant[0] references missing file: themes/Black-DASH.theme
2026-05-29 21:39:02,066 [WARNING] ThemeLauncher: Component 'themes' variant[1] references missing file: themes/Black-DOTS.theme
2026-05-29 21:39:02,066 [WARNING] ThemeLauncher: Component 'themes' variant[2] references missing file: themes/Black-LIN.theme
2026-05-29 21:39:02,067 [WARNING] ThemeLauncher: Component 'themes' variant[3] references missing file: themes/Black-Mac.theme
2026-05-29 21:39:02,067 [WARNING] ThemeLauncher: Component 'themes' variant[4] references missing file: themes/Black-NU.theme
2026-05-29 21:39:02,067 [WARNING] ThemeLauncher: Component 'themes' variant[5] references missing file: themes/Black-Round.theme
2026-05-29 21:39:02,067 [WARNING] ThemeLauncher: Component 'themes' variant[6] references missing file: themes/Black-SLASH.theme
2026-05-29 21:39:02,067 [WARNING] ThemeLauncher: Component 'themes' variant[7] references missing file: themes/Black-Win.theme
2026-05-29 21:39:02,067 [WARNING] ThemeLauncher: Component 'themes' variant[8] references missing file: themes/Dark-DASH.theme
2026-05-29 21:39:02,067 [WARNING] ThemeLauncher: Component 'themes' variant[9] references missing file: themes/Dark-DOTS.theme
2026-05-29 21:39:02,067 [WARNING] ThemeLauncher: Component 'themes' variant[10] references missing file: themes/Dark-LIN.theme
2026-05-29 21:39:02,067 [WARNING] ThemeLauncher: Component 'themes' variant[11] references missing file: themes/Dark-Mac.theme
2026-05-29 21:39:02,067 [WARNING] ThemeLauncher: Component 'themes' variant[12] references missing file: themes/Dark-NU.theme
2026-05-29 21:39:02,067 [WARNING] ThemeLauncher: Component 'themes' variant[13] references missing file: themes/Dark-Round.theme
2026-05-29 21:39:02,068 [WARNING] ThemeLauncher: Component 'themes' variant[14] references missing file: themes/Dark-SLASH.theme
2026-05-29 21:39:02,068 [WARNING] ThemeLauncher: Component 'themes' variant[15] references missing file: themes/Dark-Win.theme
2026-05-29 21:39:02,068 [INFO] ThemeLauncher: Loaded theme: BlackIsBack
2026-05-29 21:39:02,068 [INFO] ThemeLauncher: Loaded theme: Buuf OS2
2026-05-29 21:39:02,069 [WARNING] ThemeLauncher: Component 'wallpapers' variant[0] references missing file: wallpapers/Delta v1/casey-horner-NIIVU-unsplash.jpg
2026-05-29 21:39:02,069 [WARNING] ThemeLauncher: Component 'wallpapers' variant[1] references missing file: wallpapers/Delta v1/daniel-mirlea-NIIVU-unsplash.jpg
2026-05-29 21:39:02,069 [WARNING] ThemeLauncher: Component 'wallpapers' variant[2] references missing file: wallpapers/Delta v1/joshua-earle-NIIVU-unsplash.jpg
2026-05-29 21:39:02,069 [WARNING] ThemeLauncher: Component 'wallpapers' variant[3] references missing file: wallpapers/Delta v1/petr-slovacek-NIIVU-unsplash.jpg
2026-05-29 21:39:02,069 [WARNING] ThemeLauncher: Component 'wallpapers' variant[4] references missing file: wallpapers/Delta v1/waves.jpeg
2026-05-29 21:39:02,069 [WARNING] ThemeLauncher: Component 'wallpapers' variant[5] references missing file: wallpapers/Delta v1/foggy.jpeg
2026-05-29 21:39:02,069 [WARNING] ThemeLauncher: Component 'wallpapers' variant[6] references missing file: wallpapers/Delta v1/geo.jpeg
2026-05-29 21:39:02,069 [WARNING] ThemeLauncher: Component 'wallpapers' variant[7] references missing file: wallpapers/Delta v1/nebula.jpeg
2026-05-29 21:39:02,069 [WARNING] ThemeLauncher: Component 'wallpapers' variant[8] references missing file: wallpapers/Delta v1/waterfall.jpeg
2026-05-29 21:39:02,069 [WARNING] ThemeLauncher: Component 'wallpapers' variant[9] references missing file: wallpapers/Delta v1/drip.jpeg
2026-05-29 21:39:02,070 [WARNING] ThemeLauncher: Unknown component type 'basebrd' in manifest
2026-05-29 21:39:02,070 [INFO] ThemeLauncher: Loaded theme: Delta v1
2026-05-29 21:39:02,070 [WARNING] ThemeLauncher: Unknown component type 'basebrd' in manifest
2026-05-29 21:39:02,070 [INFO] ThemeLauncher: Loaded theme: Delta v2
2026-05-29 21:39:02,071 [WARNING] ThemeLauncher: Component 'msstyles' variant[0] references missing file: msstyles/MAC/DRK 25 MAC.msstyles
2026-05-29 21:39:02,071 [WARNING] ThemeLauncher: Component 'msstyles' variant[1] references missing file: msstyles/MAC/DRK 25 MAC - dark.msstyles
2026-05-29 21:39:02,071 [WARNING] ThemeLauncher: Component 'msstyles' variant[2] references missing file: msstyles/MAC/DRK 25 MAC - light.msstyles
2026-05-29 21:39:02,071 [WARNING] ThemeLauncher: Component 'msstyles' variant[3] references missing file: msstyles/SQR/DRK 25 SQR.msstyles
2026-05-29 21:39:02,071 [WARNING] ThemeLauncher: Component 'msstyles' variant[4] references missing file: msstyles/SQR/DRK 25 SQR - dark.msstyles
2026-05-29 21:39:02,071 [WARNING] ThemeLauncher: Component 'msstyles' variant[5] references missing file: msstyles/SQR/DRK 25 SQR - light.msstyles
2026-05-29 21:39:02,071 [WARNING] ThemeLauncher: Component 'themes' variant[0] references missing file: themes/MAC/DRK 25 MAC.theme
2026-05-29 21:39:02,071 [WARNING] ThemeLauncher: Component 'themes' variant[1] references missing file: themes/MAC/DRK 25 MAC - Dark.theme
2026-05-29 21:39:02,071 [WARNING] ThemeLauncher: Component 'themes' variant[2] references missing file: themes/MAC/DRK 25 MAC - Light.theme
2026-05-29 21:39:02,072 [WARNING] ThemeLauncher: Component 'themes' variant[3] references missing file: themes/SQR/DRK 25 SQR.theme
2026-05-29 21:39:02,072 [WARNING] ThemeLauncher: Component 'themes' variant[4] references missing file: themes/SQR/DRK 25 SQR - Dark.theme
2026-05-29 21:39:02,072 [WARNING] ThemeLauncher: Component 'themes' variant[5] references missing file: themes/SQR/DRK 25 SQR - Light.theme
2026-05-29 21:39:02,072 [WARNING] ThemeLauncher: Component 'themes' variant[6] references missing file: themes/WIN/DRK 25 WIN.theme
2026-05-29 21:39:02,072 [WARNING] ThemeLauncher: Component 'themes' variant[7] references missing file: themes/WIN/DRK 25 WIN - Dark.theme
2026-05-29 21:39:02,072 [WARNING] ThemeLauncher: Component 'themes' variant[8] references missing file: themes/WIN/DRK 25 WIN - Light.theme
2026-05-29 21:39:02,072 [INFO] ThemeLauncher: Loaded theme: DRK 25
2026-05-29 21:39:02,073 [WARNING] ThemeLauncher: Skipping Extras: No manifest.json found in C:\\Users\\kyleh\\.gemini\\Themes\Extras
2026-05-29 21:39:02,074 [INFO] ThemeLauncher: Loaded theme: Gruvbox
2026-05-29 21:39:02,074 [INFO] ThemeLauncher: Loaded theme: iWin
2026-05-29 21:39:02,075 [INFO] ThemeLauncher: Loaded theme: Janguru
2026-05-29 21:39:02,075 [WARNING] ThemeLauncher: Folder component 'windhawk' has no 'path' key — may fail to apply
2026-05-29 21:39:02,076 [INFO] ThemeLauncher: Loaded theme: Japan 26
2026-05-29 21:39:02,076 [INFO] ThemeLauncher: Loaded theme: Kanagawa
2026-05-29 21:39:02,077 [INFO] ThemeLauncher: Loaded theme: Kripton
2026-05-29 21:39:02,079 [INFO] ThemeLauncher: Loaded theme: Night Owl
2026-05-29 21:39:02,079 [WARNING] ThemeLauncher: Component 'themes' variant[0] references missing file: themes/Paranoid Android - LUV - dark.theme
2026-05-29 21:39:02,079 [WARNING] ThemeLauncher: Component 'themes' variant[1] references missing file: themes/Paranoid Android - LUV - light.theme
2026-05-29 21:39:02,079 [WARNING] ThemeLauncher: Component 'themes' variant[2] references missing file: themes/Paranoid Android - LUV - night.theme
2026-05-29 21:39:02,079 [WARNING] ThemeLauncher: Component 'themes' variant[3] references missing file: themes/Paranoid Android - Nebula - dark.theme
2026-05-29 21:39:02,079 [WARNING] ThemeLauncher: Component 'themes' variant[4] references missing file: themes/Paranoid Android - Nebula - light.theme
2026-05-29 21:39:02,079 [WARNING] ThemeLauncher: Component 'themes' variant[5] references missing file: themes/Paranoid Android - Nebula - night.theme
2026-05-29 21:39:02,079 [WARNING] ThemeLauncher: Component 'themes' variant[6] references missing file: themes/Paranoid Android - Sweet - dark.theme
2026-05-29 21:39:02,080 [WARNING] ThemeLauncher: Component 'themes' variant[7] references missing file: themes/Paranoid Android - Sweet - light.theme
2026-05-29 21:39:02,080 [WARNING] ThemeLauncher: Component 'themes' variant[8] references missing file: themes/Paranoid Android - Sweet - night.theme
2026-05-29 21:39:02,080 [WARNING] ThemeLauncher: Component 'startorb' variant[0] references missing file: orbs/Paranoid Start Orb.svg
2026-05-29 21:39:02,080 [WARNING] ThemeLauncher: Component 'startorb' variant[1] references missing file: orbs/StartAllBack explorer.png
2026-05-29 21:39:02,080 [WARNING] ThemeLauncher: Component 'startorb' variant[2] references missing file: orbs/StartAllBack taskbar.png
2026-05-29 21:39:02,080 [INFO] ThemeLauncher: Loaded theme: Paranoid Android
2026-05-29 21:39:02,080 [INFO] ThemeLauncher: Loaded theme: Retro
2026-05-29 21:39:02,081 [WARNING] ThemeLauncher: Component 'cursors' references missing path: cursors
2026-05-29 21:39:02,081 [INFO] ThemeLauncher: Loaded theme: Rose Pine
2026-05-29 21:39:02,082 [INFO] ThemeLauncher: Loaded theme: Solarized
2026-05-29 21:39:02,083 [WARNING] ThemeLauncher: Component 'themes' variant[0] references missing file: themes/SynthWave '84 dark - luv.theme
2026-05-29 21:39:02,083 [WARNING] ThemeLauncher: Component 'themes' variant[1] references missing file: themes/SynthWave '84 dark - mac.theme
2026-05-29 21:39:02,083 [WARNING] ThemeLauncher: Component 'themes' variant[2] references missing file: themes/SynthWave '84 dark - mac gloss.theme
2026-05-29 21:39:02,083 [WARNING] ThemeLauncher: Component 'themes' variant[3] references missing file: themes/SynthWave '84 dark - nude.theme
2026-05-29 21:39:02,083 [WARNING] ThemeLauncher: Component 'themes' variant[4] references missing file: themes/SynthWave '84 night - luv.theme
2026-05-29 21:39:02,083 [WARNING] ThemeLauncher: Component 'themes' variant[5] references missing file: themes/SynthWave '84 night - mac.theme
2026-05-29 21:39:02,083 [WARNING] ThemeLauncher: Component 'themes' variant[6] references missing file: themes/SynthWave '84 night - mac gloss.theme
2026-05-29 21:39:02,083 [WARNING] ThemeLauncher: Component 'themes' variant[7] references missing file: themes/SynthWave '84 night - nude.theme
2026-05-29 21:39:02,084 [INFO] ThemeLauncher: Loaded theme: SynthWave '84
2026-05-29 21:39:02,084 [WARNING] ThemeLauncher: Component 'themes' variant[0] references missing file: themes/Tokyo Dark Night Circle Fill NA.theme
2026-05-29 21:39:02,084 [WARNING] ThemeLauncher: Component 'themes' variant[8] references missing file: themes/Tokyo Dark Storm Circle Fill NA.theme
2026-05-29 21:39:02,085 [INFO] ThemeLauncher: Loaded theme: Tokyo Night
2026-05-29 21:39:02,085 [INFO] ThemeLauncher: Discovered 18 theme(s)
2026-05-29 21:39:02,086 [INFO] ThemeLauncher: Windows Update Resilience Monitor active
2026-05-29 21:39:02,086 [INFO] ThemeLauncher: Scheduled Theme Switcher active
2026-05-29 21:39:05,157 [INFO] ThemeLauncher: Status: Selected: Kanagawa
2026-05-29 21:39:05,157 [INFO] ThemeLauncher: Theme Launcher UI ready
2026-05-29 21:39:11,469 [INFO] ThemeLauncher: ThemeColors: palette updated — broadcasting to 8 listener(s)
2026-05-29 21:39:14,536 [INFO] ThemeLauncher: Status: Selected: Buuf OS2
2026-05-29 21:39:23,049 [INFO] ThemeLauncher: ThemeColors: palette updated — broadcasting to 8 listener(s)
2026-05-29 21:39:25,516 [INFO] ThemeLauncher: Status: Selected: SynthWave '84
2026-05-29 21:40:26,940 [INFO] ThemeLauncher: Status: Capturing safety snapshot...
2026-05-29 21:40:26,955 [INFO] ThemeLauncher: Safety snapshot captured: 2026-05-29T21-40-26
2026-05-29 21:40:26,955 [INFO] ThemeLauncher: Status: Applying theme...
2026-05-29 21:40:26,977 [INFO] ThemeLauncher: Status: Applied startallback
2026-05-29 21:41:22,494 [INFO] ThemeLauncher: Theme scheduler stopped
2026-05-29 21:41:22,494 [INFO] ThemeLauncher: Theme Launcher closed
2026-05-30 02:28:33,604 [INFO] ThemeLauncher: Theme Launcher starting...
2026-05-30 02:28:33,605 [WARNING] ThemeLauncher: Not running as administrator. Font installation and some registry operations will fail. Re-launch with --admin flag for full functionality.
2026-05-30 02:28:33,612 [WARNING] ThemeLauncher: Skipping .vscode: No manifest.json found in C:\\Users\\kyleh\\.gemini\\Themes\.vscode
2026-05-30 02:28:33,618 [WARNING] ThemeLauncher: Component 'themes' variant[0] references missing file: themes/Black-DASH.theme
2026-05-30 02:28:33,618 [WARNING] ThemeLauncher: Component 'themes' variant[1] references missing file: themes/Black-DOTS.theme
2026-05-30 02:28:33,618 [WARNING] ThemeLauncher: Component 'themes' variant[2] references missing file: themes/Black-LIN.theme
2026-05-30 02:28:33,618 [WARNING] ThemeLauncher: Component 'themes' variant[3] references missing file: themes/Black-Mac.theme
2026-05-30 02:28:33,618 [WARNING] ThemeLauncher: Component 'themes' variant[4] references missing file: themes/Black-NU.theme
2026-05-30 02:28:33,618 [WARNING] ThemeLauncher: Component 'themes' variant[5] references missing file: themes/Black-Round.theme
2026-05-30 02:28:33,618 [WARNING] ThemeLauncher: Component 'themes' variant[6] references missing file: themes/Black-SLASH.theme
2026-05-30 02:28:33,618 [WARNING] ThemeLauncher: Component 'themes' variant[7] references missing file: themes/Black-Win.theme
2026-05-30 02:28:33,618 [WARNING] ThemeLauncher: Component 'themes' variant[8] references missing file: themes/Dark-DASH.theme
2026-05-30 02:28:33,619 [WARNING] ThemeLauncher: Component 'themes' variant[9] references missing file: themes/Dark-DOTS.theme
2026-05-30 02:28:33,619 [WARNING] ThemeLauncher: Component 'themes' variant[10] references missing file: themes/Dark-LIN.theme
2026-05-30 02:28:33,619 [WARNING] ThemeLauncher: Component 'themes' variant[11] references missing file: themes/Dark-Mac.theme
2026-05-30 02:28:33,619 [WARNING] ThemeLauncher: Component 'themes' variant[12] references missing file: themes/Dark-NU.theme
2026-05-30 02:28:33,619 [WARNING] ThemeLauncher: Component 'themes' variant[13] references missing file: themes/Dark-Round.theme
2026-05-30 02:28:33,619 [WARNING] ThemeLauncher: Component 'themes' variant[14] references missing file: themes/Dark-SLASH.theme
2026-05-30 02:28:33,619 [WARNING] ThemeLauncher: Component 'themes' variant[15] references missing file: themes/Dark-Win.theme
2026-05-30 02:28:33,620 [INFO] ThemeLauncher: Loaded theme: BlackIsBack
2026-05-30 02:28:33,625 [INFO] ThemeLauncher: Loaded theme: Buuf OS2
2026-05-30 02:28:33,630 [WARNING] ThemeLauncher: Component 'wallpapers' variant[0] references missing file: wallpapers/Delta v1/casey-horner-NIIVU-unsplash.jpg
2026-05-30 02:28:33,631 [WARNING] ThemeLauncher: Component 'wallpapers' variant[1] references missing file: wallpapers/Delta v1/daniel-mirlea-NIIVU-unsplash.jpg
2026-05-30 02:28:33,631 [WARNING] ThemeLauncher: Component 'wallpapers' variant[2] references missing file: wallpapers/Delta v1/joshua-earle-NIIVU-unsplash.jpg
2026-05-30 02:28:33,631 [WARNING] ThemeLauncher: Component 'wallpapers' variant[3] references missing file: wallpapers/Delta v1/petr-slovacek-NIIVU-unsplash.jpg
2026-05-30 02:28:33,631 [WARNING] ThemeLauncher: Component 'wallpapers' variant[4] references missing file: wallpapers/Delta v1/waves.jpeg
2026-05-30 02:28:33,631 [WARNING] ThemeLauncher: Component 'wallpapers' variant[5] references missing file: wallpapers/Delta v1/foggy.jpeg
2026-05-30 02:28:33,631 [WARNING] ThemeLauncher: Component 'wallpapers' variant[6] references missing file: wallpapers/Delta v1/geo.jpeg
2026-05-30 02:28:33,631 [WARNING] ThemeLauncher: Component 'wallpapers' variant[7] references missing file: wallpapers/Delta v1/nebula.jpeg
2026-05-30 02:28:33,631 [WARNING] ThemeLauncher: Component 'wallpapers' variant[8] references missing file: wallpapers/Delta v1/waterfall.jpeg
2026-05-30 02:28:33,631 [WARNING] ThemeLauncher: Component 'wallpapers' variant[9] references missing file: wallpapers/Delta v1/drip.jpeg
2026-05-30 02:28:33,632 [WARNING] ThemeLauncher: Unknown component type 'basebrd' in manifest
2026-05-30 02:28:33,632 [INFO] ThemeLauncher: Loaded theme: Delta v1
2026-05-30 02:28:33,637 [WARNING] ThemeLauncher: Unknown component type 'basebrd' in manifest
2026-05-30 02:28:33,637 [INFO] ThemeLauncher: Loaded theme: Delta v2
2026-05-30 02:28:33,643 [WARNING] ThemeLauncher: Component 'msstyles' variant[0] references missing file: msstyles/MAC/DRK 25 MAC.msstyles
2026-05-30 02:28:33,643 [WARNING] ThemeLauncher: Component 'msstyles' variant[1] references missing file: msstyles/MAC/DRK 25 MAC - dark.msstyles
2026-05-30 02:28:33,643 [WARNING] ThemeLauncher: Component 'msstyles' variant[2] references missing file: msstyles/MAC/DRK 25 MAC - light.msstyles
2026-05-30 02:28:33,643 [WARNING] ThemeLauncher: Component 'msstyles' variant[3] references missing file: msstyles/SQR/DRK 25 SQR.msstyles
2026-05-30 02:28:33,643 [WARNING] ThemeLauncher: Component 'msstyles' variant[4] references missing file: msstyles/SQR/DRK 25 SQR - dark.msstyles
2026-05-30 02:28:33,643 [WARNING] ThemeLauncher: Component 'msstyles' variant[5] references missing file: msstyles/SQR/DRK 25 SQR - light.msstyles
2026-05-30 02:28:33,643 [WARNING] ThemeLauncher: Component 'themes' variant[0] references missing file: themes/MAC/DRK 25 MAC.theme
2026-05-30 02:28:33,644 [WARNING] ThemeLauncher: Component 'themes' variant[1] references missing file: themes/MAC/DRK 25 MAC - Dark.theme
2026-05-30 02:28:33,644 [WARNING] ThemeLauncher: Component 'themes' variant[2] references missing file: themes/MAC/DRK 25 MAC - Light.theme
2026-05-30 02:28:33,644 [WARNING] ThemeLauncher: Component 'themes' variant[3] references missing file: themes/SQR/DRK 25 SQR.theme
2026-05-30 02:28:33,644 [WARNING] ThemeLauncher: Component 'themes' variant[4] references missing file: themes/SQR/DRK 25 SQR - Dark.theme
2026-05-30 02:28:33,644 [WARNING] ThemeLauncher: Component 'themes' variant[5] references missing file: themes/SQR/DRK 25 SQR - Light.theme
2026-05-30 02:28:33,644 [WARNING] ThemeLauncher: Component 'themes' variant[6] references missing file: themes/WIN/DRK 25 WIN.theme
2026-05-30 02:28:33,644 [WARNING] ThemeLauncher: Component 'themes' variant[7] references missing file: themes/WIN/DRK 25 WIN - Dark.theme
2026-05-30 02:28:33,644 [WARNING] ThemeLauncher: Component 'themes' variant[8] references missing file: themes/WIN/DRK 25 WIN - Light.theme
2026-05-30 02:28:33,645 [INFO] ThemeLauncher: Loaded theme: DRK 25
2026-05-30 02:28:33,645 [WARNING] ThemeLauncher: Skipping Extras: No manifest.json found in C:\\Users\\kyleh\\.gemini\\Themes\Extras
2026-05-30 02:28:33,651 [INFO] ThemeLauncher: Loaded theme: Gruvbox
2026-05-30 02:28:33,656 [INFO] ThemeLauncher: Loaded theme: iWin
2026-05-30 02:28:33,662 [INFO] ThemeLauncher: Loaded theme: Janguru
2026-05-30 02:28:33,667 [WARNING] ThemeLauncher: Folder component 'windhawk' has no 'path' key — may fail to apply
2026-05-30 02:28:33,668 [INFO] ThemeLauncher: Loaded theme: Japan 26
2026-05-30 02:28:33,673 [INFO] ThemeLauncher: Loaded theme: Kanagawa
2026-05-30 02:28:33,679 [INFO] ThemeLauncher: Loaded theme: Kripton
2026-05-30 02:28:33,685 [INFO] ThemeLauncher: Loaded theme: Night Owl
2026-05-30 02:28:33,690 [WARNING] ThemeLauncher: Component 'themes' variant[0] references missing file: themes/Paranoid Android - LUV - dark.theme
2026-05-30 02:28:33,690 [WARNING] ThemeLauncher: Component 'themes' variant[1] references missing file: themes/Paranoid Android - LUV - light.theme
2026-05-30 02:28:33,690 [WARNING] ThemeLauncher: Component 'themes' variant[2] references missing file: themes/Paranoid Android - LUV - night.theme
2026-05-30 02:28:33,690 [WARNING] ThemeLauncher: Component 'themes' variant[3] references missing file: themes/Paranoid Android - Nebula - dark.theme
2026-05-30 02:28:33,690 [WARNING] ThemeLauncher: Component 'themes' variant[4] references missing file: themes/Paranoid Android - Nebula - light.theme
2026-05-30 02:28:33,690 [WARNING] ThemeLauncher: Component 'themes' variant[5] references missing file: themes/Paranoid Android - Nebula - night.theme
2026-05-30 02:28:33,690 [WARNING] ThemeLauncher: Component 'themes' variant[6] references missing file: themes/Paranoid Android - Sweet - dark.theme
2026-05-30 02:28:33,690 [WARNING] ThemeLauncher: Component 'themes' variant[7] references missing file: themes/Paranoid Android - Sweet - light.theme
2026-05-30 02:28:33,691 [WARNING] ThemeLauncher: Component 'themes' variant[8] references missing file: themes/Paranoid Android - Sweet - night.theme
2026-05-30 02:28:33,691 [WARNING] ThemeLauncher: Component 'startorb' variant[0] references missing file: orbs/Paranoid Start Orb.svg
2026-05-30 02:28:33,691 [WARNING] ThemeLauncher: Component 'startorb' variant[1] references missing file: orbs/StartAllBack explorer.png
2026-05-30 02:28:33,691 [WARNING] ThemeLauncher: Component 'startorb' variant[2] references missing file: orbs/StartAllBack taskbar.png
2026-05-30 02:28:33,691 [INFO] ThemeLauncher: Loaded theme: Paranoid Android
2026-05-30 02:28:33,696 [INFO] ThemeLauncher: Loaded theme: Retro
2026-05-30 02:28:33,702 [WARNING] ThemeLauncher: Component 'cursors' references missing path: cursors
2026-05-30 02:28:33,702 [INFO] ThemeLauncher: Loaded theme: Rose Pine
2026-05-30 02:28:33,708 [INFO] ThemeLauncher: Loaded theme: Solarized
2026-05-30 02:28:33,713 [WARNING] ThemeLauncher: Component 'themes' variant[0] references missing file: themes/SynthWave '84 dark - luv.theme
2026-05-30 02:28:33,713 [WARNING] ThemeLauncher: Component 'themes' variant[1] references missing file: themes/SynthWave '84 dark - mac.theme
2026-05-30 02:28:33,714 [WARNING] ThemeLauncher: Component 'themes' variant[2] references missing file: themes/SynthWave '84 dark - mac gloss.theme
2026-05-30 02:28:33,714 [WARNING] ThemeLauncher: Component 'themes' variant[3] references missing file: themes/SynthWave '84 dark - nude.theme
2026-05-30 02:28:33,714 [WARNING] ThemeLauncher: Component 'themes' variant[4] references missing file: themes/SynthWave '84 night - luv.theme
2026-05-30 02:28:33,714 [WARNING] ThemeLauncher: Component 'themes' variant[5] references missing file: themes/SynthWave '84 night - mac.theme
2026-05-30 02:28:33,714 [WARNING] ThemeLauncher: Component 'themes' variant[6] references missing file: themes/SynthWave '84 night - mac gloss.theme
2026-05-30 02:28:33,714 [WARNING] ThemeLauncher: Component 'themes' variant[7] references missing file: themes/SynthWave '84 night - nude.theme
2026-05-30 02:28:33,714 [INFO] ThemeLauncher: Loaded theme: SynthWave '84
2026-05-30 02:28:33,720 [WARNING] ThemeLauncher: Component 'themes' variant[0] references missing file: themes/Tokyo Dark Night Circle Fill NA.theme
2026-05-30 02:28:33,720 [WARNING] ThemeLauncher: Component 'themes' variant[8] references missing file: themes/Tokyo Dark Storm Circle Fill NA.theme
2026-05-30 02:28:33,721 [INFO] ThemeLauncher: Loaded theme: Tokyo Night
2026-05-30 02:28:33,721 [WARNING] ThemeLauncher: Skipping .vscode: No manifest.json found in C:\\Users\\kyleh\\.gemini\\Themes\.vscode
2026-05-30 02:28:33,721 [WARNING] ThemeLauncher: Component 'themes' variant[0] references missing file: themes/Black-DASH.theme
2026-05-30 02:28:33,721 [WARNING] ThemeLauncher: Component 'themes' variant[1] references missing file: themes/Black-DOTS.theme
2026-05-30 02:28:33,721 [WARNING] ThemeLauncher: Component 'themes' variant[2] references missing file: themes/Black-LIN.theme
2026-05-30 02:28:33,722 [WARNING] ThemeLauncher: Component 'themes' variant[3] references missing file: themes/Black-Mac.theme
2026-05-30 02:28:33,722 [WARNING] ThemeLauncher: Component 'themes' variant[4] references missing file: themes/Black-NU.theme
2026-05-30 02:28:33,722 [WARNING] ThemeLauncher: Component 'themes' variant[5] references missing file: themes/Black-Round.theme
2026-05-30 02:28:33,722 [WARNING] ThemeLauncher: Component 'themes' variant[6] references missing file: themes/Black-SLASH.theme
2026-05-30 02:28:33,722 [WARNING] ThemeLauncher: Component 'themes' variant[7] references missing file: themes/Black-Win.theme
2026-05-30 02:28:33,722 [WARNING] ThemeLauncher: Component 'themes' variant[8] references missing file: themes/Dark-DASH.theme
2026-05-30 02:28:33,722 [WARNING] ThemeLauncher: Component 'themes' variant[9] references missing file: themes/Dark-DOTS.theme
2026-05-30 02:28:33,722 [WARNING] ThemeLauncher: Component 'themes' variant[10] references missing file: themes/Dark-LIN.theme
2026-05-30 02:28:33,722 [WARNING] ThemeLauncher: Component 'themes' variant[11] references missing file: themes/Dark-Mac.theme
2026-05-30 02:28:33,722 [WARNING] ThemeLauncher: Component 'themes' variant[12] references missing file: themes/Dark-NU.theme
2026-05-30 02:28:33,722 [WARNING] ThemeLauncher: Component 'themes' variant[13] references missing file: themes/Dark-Round.theme
2026-05-30 02:28:33,722 [WARNING] ThemeLauncher: Component 'themes' variant[14] references missing file: themes/Dark-SLASH.theme
2026-05-30 02:28:33,723 [WARNING] ThemeLauncher: Component 'themes' variant[15] references missing file: themes/Dark-Win.theme
2026-05-30 02:28:33,723 [INFO] ThemeLauncher: Loaded theme: BlackIsBack
2026-05-30 02:28:33,723 [INFO] ThemeLauncher: Loaded theme: Buuf OS2
2026-05-30 02:28:33,724 [WARNING] ThemeLauncher: Component 'wallpapers' variant[0] references missing file: wallpapers/Delta v1/casey-horner-NIIVU-unsplash.jpg
2026-05-30 02:28:33,724 [WARNING] ThemeLauncher: Component 'wallpapers' variant[1] references missing file: wallpapers/Delta v1/daniel-mirlea-NIIVU-unsplash.jpg
2026-05-30 02:28:33,724 [WARNING] ThemeLauncher: Component 'wallpapers' variant[2] references missing file: wallpapers/Delta v1/joshua-earle-NIIVU-unsplash.jpg
2026-05-30 02:28:33,724 [WARNING] ThemeLauncher: Component 'wallpapers' variant[3] references missing file: wallpapers/Delta v1/petr-slovacek-NIIVU-unsplash.jpg
2026-05-30 02:28:33,724 [WARNING] ThemeLauncher: Component 'wallpapers' variant[4] references missing file: wallpapers/Delta v1/waves.jpeg
2026-05-30 02:28:33,724 [WARNING] ThemeLauncher: Component 'wallpapers' variant[5] references missing file: wallpapers/Delta v1/foggy.jpeg
2026-05-30 02:28:33,724 [WARNING] ThemeLauncher: Component 'wallpapers' variant[6] references missing file: wallpapers/Delta v1/geo.jpeg
2026-05-30 02:28:33,724 [WARNING] ThemeLauncher: Component 'wallpapers' variant[7] references missing file: wallpapers/Delta v1/nebula.jpeg
2026-05-30 02:28:33,725 [WARNING] ThemeLauncher: Component 'wallpapers' variant[8] references missing file: wallpapers/Delta v1/waterfall.jpeg
2026-05-30 02:28:33,725 [WARNING] ThemeLauncher: Component 'wallpapers' variant[9] references missing file: wallpapers/Delta v1/drip.jpeg
2026-05-30 02:28:33,725 [WARNING] ThemeLauncher: Unknown component type 'basebrd' in manifest
2026-05-30 02:28:33,725 [INFO] ThemeLauncher: Loaded theme: Delta v1
2026-05-30 02:28:33,725 [WARNING] ThemeLauncher: Unknown component type 'basebrd' in manifest
2026-05-30 02:28:33,726 [INFO] ThemeLauncher: Loaded theme: Delta v2
2026-05-30 02:28:33,726 [WARNING] ThemeLauncher: Component 'msstyles' variant[0] references missing file: msstyles/MAC/DRK 25 MAC.msstyles
2026-05-30 02:28:33,726 [WARNING] ThemeLauncher: Component 'msstyles' variant[1] references missing file: msstyles/MAC/DRK 25 MAC - dark.msstyles
2026-05-30 02:28:33,726 [WARNING] ThemeLauncher: Component 'msstyles' variant[2] references missing file: msstyles/MAC/DRK 25 MAC - light.msstyles
2026-05-30 02:28:33,726 [WARNING] ThemeLauncher: Component 'msstyles' variant[3] references missing file: msstyles/SQR/DRK 25 SQR.msstyles
2026-05-30 02:28:33,726 [WARNING] ThemeLauncher: Component 'msstyles' variant[4] references missing file: msstyles/SQR/DRK 25 SQR - dark.msstyles
2026-05-30 02:28:33,727 [WARNING] ThemeLauncher: Component 'msstyles' variant[5] references missing file: msstyles/SQR/DRK 25 SQR - light.msstyles
2026-05-30 02:28:33,727 [WARNING] ThemeLauncher: Component 'themes' variant[0] references missing file: themes/MAC/DRK 25 MAC.theme
2026-05-30 02:28:33,727 [WARNING] ThemeLauncher: Component 'themes' variant[1] references missing file: themes/MAC/DRK 25 MAC - Dark.theme
2026-05-30 02:28:33,727 [WARNING] ThemeLauncher: Component 'themes' variant[2] references missing file: themes/MAC/DRK 25 MAC - Light.theme
2026-05-30 02:28:33,727 [WARNING] ThemeLauncher: Component 'themes' variant[3] references missing file: themes/SQR/DRK 25 SQR.theme
2026-05-30 02:28:33,727 [WARNING] ThemeLauncher: Component 'themes' variant[4] references missing file: themes/SQR/DRK 25 SQR - Dark.theme
2026-05-30 02:28:33,727 [WARNING] ThemeLauncher: Component 'themes' variant[5] references missing file: themes/SQR/DRK 25 SQR - Light.theme
2026-05-30 02:28:33,727 [WARNING] ThemeLauncher: Component 'themes' variant[6] references missing file: themes/WIN/DRK 25 WIN.theme
2026-05-30 02:28:33,727 [WARNING] ThemeLauncher: Component 'themes' variant[7] references missing file: themes/WIN/DRK 25 WIN - Dark.theme
2026-05-30 02:28:33,727 [WARNING] ThemeLauncher: Component 'themes' variant[8] references missing file: themes/WIN/DRK 25 WIN - Light.theme
2026-05-30 02:28:33,728 [INFO] ThemeLauncher: Loaded theme: DRK 25
2026-05-30 02:28:33,728 [WARNING] ThemeLauncher: Skipping Extras: No manifest.json found in C:\\Users\\kyleh\\.gemini\\Themes\Extras
2026-05-30 02:28:33,729 [INFO] ThemeLauncher: Loaded theme: Gruvbox
2026-05-30 02:28:33,729 [INFO] ThemeLauncher: Loaded theme: iWin
2026-05-30 02:28:33,730 [INFO] ThemeLauncher: Loaded theme: Janguru
2026-05-30 02:28:33,731 [WARNING] ThemeLauncher: Folder component 'windhawk' has no 'path' key — may fail to apply
2026-05-30 02:28:33,731 [INFO] ThemeLauncher: Loaded theme: Japan 26
2026-05-30 02:28:33,732 [INFO] ThemeLauncher: Loaded theme: Kanagawa
2026-05-30 02:28:33,733 [INFO] ThemeLauncher: Loaded theme: Kripton
2026-05-30 02:28:33,734 [INFO] ThemeLauncher: Loaded theme: Night Owl
2026-05-30 02:28:33,734 [WARNING] ThemeLauncher: Component 'themes' variant[0] references missing file: themes/Paranoid Android - LUV - dark.theme
2026-05-30 02:28:33,734 [WARNING] ThemeLauncher: Component 'themes' variant[1] references missing file: themes/Paranoid Android - LUV - light.theme
2026-05-30 02:28:33,734 [WARNING] ThemeLauncher: Component 'themes' variant[2] references missing file: themes/Paranoid Android - LUV - night.theme
2026-05-30 02:28:33,734 [WARNING] ThemeLauncher: Component 'themes' variant[3] references missing file: themes/Paranoid Android - Nebula - dark.theme
2026-05-30 02:28:33,734 [WARNING] ThemeLauncher: Component 'themes' variant[4] references missing file: themes/Paranoid Android - Nebula - light.theme
2026-05-30 02:28:33,735 [WARNING] ThemeLauncher: Component 'themes' variant[5] references missing file: themes/Paranoid Android - Nebula - night.theme
2026-05-30 02:28:33,735 [WARNING] ThemeLauncher: Component 'themes' variant[6] references missing file: themes/Paranoid Android - Sweet - dark.theme
2026-05-30 02:28:33,735 [WARNING] ThemeLauncher: Component 'themes' variant[7] references missing file: themes/Paranoid Android - Sweet - light.theme
2026-05-30 02:28:33,735 [WARNING] ThemeLauncher: Component 'themes' variant[8] references missing file: themes/Paranoid Android - Sweet - night.theme
2026-05-30 02:28:33,735 [WARNING] ThemeLauncher: Component 'startorb' variant[0] references missing file: orbs/Paranoid Start Orb.svg
2026-05-30 02:28:33,735 [WARNING] ThemeLauncher: Component 'startorb' variant[1] references missing file: orbs/StartAllBack explorer.png
2026-05-30 02:28:33,735 [WARNING] ThemeLauncher: Component 'startorb' variant[2] references missing file: orbs/StartAllBack taskbar.png
2026-05-30 02:28:33,735 [INFO] ThemeLauncher: Loaded theme: Paranoid Android
2026-05-30 02:28:33,736 [INFO] ThemeLauncher: Loaded theme: Retro
2026-05-30 02:28:33,737 [WARNING] ThemeLauncher: Component 'cursors' references missing path: cursors
2026-05-30 02:28:33,737 [INFO] ThemeLauncher: Loaded theme: Rose Pine
2026-05-30 02:28:33,738 [INFO] ThemeLauncher: Loaded theme: Solarized
2026-05-30 02:28:33,738 [WARNING] ThemeLauncher: Component 'themes' variant[0] references missing file: themes/SynthWave '84 dark - luv.theme
2026-05-30 02:28:33,738 [WARNING] ThemeLauncher: Component 'themes' variant[1] references missing file: themes/SynthWave '84 dark - mac.theme
2026-05-30 02:28:33,738 [WARNING] ThemeLauncher: Component 'themes' variant[2] references missing file: themes/SynthWave '84 dark - mac gloss.theme
2026-05-30 02:28:33,738 [WARNING] ThemeLauncher: Component 'themes' variant[3] references missing file: themes/SynthWave '84 dark - nude.theme
2026-05-30 02:28:33,738 [WARNING] ThemeLauncher: Component 'themes' variant[4] references missing file: themes/SynthWave '84 night - luv.theme
2026-05-30 02:28:33,738 [WARNING] ThemeLauncher: Component 'themes' variant[5] references missing file: themes/SynthWave '84 night - mac.theme
2026-05-30 02:28:33,739 [WARNING] ThemeLauncher: Component 'themes' variant[6] references missing file: themes/SynthWave '84 night - mac gloss.theme
2026-05-30 02:28:33,739 [WARNING] ThemeLauncher: Component 'themes' variant[7] references missing file: themes/SynthWave '84 night - nude.theme
2026-05-30 02:28:33,739 [INFO] ThemeLauncher: Loaded theme: SynthWave '84
2026-05-30 02:28:33,740 [WARNING] ThemeLauncher: Component 'themes' variant[0] references missing file: themes/Tokyo Dark Night Circle Fill NA.theme
2026-05-30 02:28:33,740 [WARNING] ThemeLauncher: Component 'themes' variant[8] references missing file: themes/Tokyo Dark Storm Circle Fill NA.theme
2026-05-30 02:28:33,740 [INFO] ThemeLauncher: Loaded theme: Tokyo Night
2026-05-30 02:28:33,740 [INFO] ThemeLauncher: Discovered 18 theme(s)
2026-05-30 02:28:33,741 [INFO] ThemeLauncher: Windows Update Resilience Monitor active
2026-05-30 02:28:33,742 [INFO] ThemeLauncher: Scheduled Theme Switcher active
2026-05-30 02:28:36,485 [INFO] ThemeLauncher: Status: Selected: SynthWave '84
2026-05-30 02:28:36,485 [INFO] ThemeLauncher: Theme Launcher UI ready
2026-05-30 02:28:44,317 [INFO] ThemeLauncher: ThemeColors: palette updated — broadcasting to 8 listener(s)
2026-05-30 02:28:46,747 [INFO] ThemeLauncher: Status: Selected: Japan 26
2026-05-30 02:28:58,966 [INFO] ThemeLauncher: Status: Capturing safety snapshot...
2026-05-30 02:28:58,979 [INFO] ThemeLauncher: Safety snapshot captured: 2026-05-30T02-28-58
2026-05-30 02:28:58,979 [INFO] ThemeLauncher: Status: Applying theme...
2026-05-30 02:28:58,979 [INFO] ThemeLauncher: Set CurrentTheme registry key to: C:\\Users\\kyleh\\.gemini\\Themes\Japan 26\msstyles/JAPAN 26/JAPAN 26 alt NA.msstyles
2026-05-30 02:28:59,260 [INFO] ThemeLauncher: Wallpaper set to: C:\\Users\\kyleh\\.gemini\\Themes\Japan 26\wallpapers/plant1.png
2026-05-30 02:29:01,314 [INFO] ThemeLauncher: Terminal schemes applied: Japan 26, Japan-Cardboard-Custom, Japan-Earthy-Parchment, Everything
2026-05-30 02:29:01,501 [INFO] ThemeLauncher: Status: Full theme applied
2026-05-30 02:30:00,372 [INFO] ThemeLauncher: Status: Capturing safety snapshot...
2026-05-30 02:30:00,384 [INFO] ThemeLauncher: Safety snapshot captured: 2026-05-30T02-30-00
2026-05-30 02:30:00,384 [INFO] ThemeLauncher: Status: Applying theme...
2026-05-30 02:30:00,384 [INFO] ThemeLauncher: Set CurrentTheme registry key to: C:\\Users\\kyleh\\.gemini\\Themes\Japan 26\msstyles/JAPAN 26/JAPAN 26 alt NA.msstyles
2026-05-30 02:30:00,472 [INFO] ThemeLauncher: Wallpaper set to: C:\\Users\\kyleh\\.gemini\\Themes\Japan 26\wallpapers/plant1.png
2026-05-30 02:30:00,566 [INFO] ThemeLauncher: Terminal schemes applied: Japan 26, Japan-Cardboard-Custom, Japan-Earthy-Parchment, Everything
2026-05-30 02:30:00,769 [INFO] ThemeLauncher: Status: Full theme applied
2026-05-30 02:30:40,749 [INFO] ThemeLauncher: ThemeColors: palette updated — broadcasting to 8 listener(s)
2026-05-30 02:30:43,967 [INFO] ThemeLauncher: Status: Selected: Gruvbox
2026-05-30 02:30:52,032 [INFO] ThemeLauncher: ThemeColors: palette updated — broadcasting to 8 listener(s)
2026-05-30 02:30:55,354 [INFO] ThemeLauncher: Status: Selected: Japan 26
2026-05-30 02:31:05,051 [INFO] ThemeLauncher: Status: Capturing safety snapshot...
2026-05-30 02:31:05,063 [INFO] ThemeLauncher: Safety snapshot captured: 2026-05-30T02-31-05
2026-05-30 02:31:05,063 [INFO] ThemeLauncher: Status: Applying theme...
2026-05-30 02:31:05,063 [INFO] ThemeLauncher: Set CurrentTheme registry key to: C:\\Users\\kyleh\\.gemini\\Themes\Japan 26\msstyles/JAPAN 26/JAPAN 26 alt NA.msstyles
2026-05-30 02:31:05,069 [INFO] ThemeLauncher: Status: Applied msstyles
2026-05-30 02:31:05,070 [INFO] ThemeLauncher: Status: Capturing safety snapshot...
2026-05-30 02:31:05,072 [INFO] ThemeLauncher: Safety snapshot captured: 2026-05-30T02-31-05
2026-05-30 02:31:05,072 [INFO] ThemeLauncher: Status: Applying theme...
2026-05-30 02:31:05,125 [INFO] ThemeLauncher: Status: Applied themes
2026-05-30 02:31:05,125 [INFO] ThemeLauncher: Status: Capturing safety snapshot...
2026-05-30 02:31:05,127 [INFO] ThemeLauncher: Safety snapshot captured: 2026-05-30T02-31-05
2026-05-30 02:31:05,128 [INFO] ThemeLauncher: Status: Applying theme...
2026-05-30 02:31:05,341 [INFO] ThemeLauncher: Wallpaper set to: C:\\Users\\kyleh\\.gemini\\Themes\Japan 26\wallpapers/plant1.png
2026-05-30 02:31:05,375 [INFO] ThemeLauncher: Status: Applied wallpapers
2026-05-30 02:31:05,375 [INFO] ThemeLauncher: Status: Capturing safety snapshot...
2026-05-30 02:31:05,377 [INFO] ThemeLauncher: Safety snapshot captured: 2026-05-30T02-31-05
2026-05-30 02:31:05,378 [INFO] ThemeLauncher: Status: Applying theme...
2026-05-30 02:31:05,447 [INFO] ThemeLauncher: Status: Applied cursors
2026-05-30 02:31:05,447 [INFO] ThemeLauncher: Status: Capturing safety snapshot...
2026-05-30 02:31:05,450 [INFO] ThemeLauncher: Safety snapshot captured: 2026-05-30T02-31-05
2026-05-30 02:31:05,450 [INFO] ThemeLauncher: Status: Applying theme...
2026-05-30 02:31:05,482 [INFO] ThemeLauncher: Status: Applied startorb
2026-05-30 02:31:05,483 [INFO] ThemeLauncher: Status: Capturing safety snapshot...
2026-05-30 02:31:05,485 [INFO] ThemeLauncher: Safety snapshot captured: 2026-05-30T02-31-05
2026-05-30 02:31:05,485 [INFO] ThemeLauncher: Status: Applying theme...
2026-05-30 02:31:05,516 [INFO] ThemeLauncher: Status: Applied fonts
2026-05-30 02:31:05,516 [INFO] ThemeLauncher: Status: Capturing safety snapshot...
2026-05-30 02:31:05,518 [INFO] ThemeLauncher: Safety snapshot captured: 2026-05-30T02-31-05
2026-05-30 02:31:05,519 [INFO] ThemeLauncher: Status: Applying theme...
2026-05-30 02:31:05,597 [INFO] ThemeLauncher: Status: Applied icons
2026-05-30 02:31:05,597 [INFO] ThemeLauncher: Status: Capturing safety snapshot...
2026-05-30 02:31:05,599 [INFO] ThemeLauncher: Safety snapshot captured: 2026-05-30T02-31-05
2026-05-30 02:31:05,599 [INFO] ThemeLauncher: Status: Applying theme...
2026-05-30 02:31:05,631 [INFO] ThemeLauncher: Status: Applied firefox
2026-05-30 02:31:05,632 [INFO] ThemeLauncher: Status: Capturing safety snapshot...
2026-05-30 02:31:05,634 [INFO] ThemeLauncher: Safety snapshot captured: 2026-05-30T02-31-05
2026-05-30 02:31:05,634 [INFO] ThemeLauncher: Status: Applying theme...
2026-05-30 02:31:05,666 [INFO] ThemeLauncher: Status: Applied windhawk
2026-05-30 02:31:05,666 [INFO] ThemeLauncher: Status: Capturing safety snapshot...
2026-05-30 02:31:05,669 [INFO] ThemeLauncher: Safety snapshot captured: 2026-05-30T02-31-05
2026-05-30 02:31:05,669 [INFO] ThemeLauncher: Status: Applying theme...
2026-05-30 02:31:05,671 [INFO] ThemeLauncher: Terminal schemes applied: Japan 26, Japan-Cardboard-Custom, Japan-Earthy-Parchment, Everything
2026-05-30 02:31:05,710 [INFO] ThemeLauncher: Status: Applied terminal
2026-05-30 02:31:05,710 [INFO] ThemeLauncher: Status: Capturing safety snapshot...
2026-05-30 02:31:05,720 [INFO] ThemeLauncher: Safety snapshot captured: 2026-05-30T02-31-05
2026-05-30 02:31:05,720 [INFO] ThemeLauncher: Status: Applying theme...
2026-05-30 02:31:05,760 [INFO] ThemeLauncher: Status: Applied startallback
2026-05-30 02:31:05,760 [INFO] ThemeLauncher: Status: Capturing safety snapshot...
2026-05-30 02:31:05,762 [INFO] ThemeLauncher: Safety snapshot captured: 2026-05-30T02-31-05
2026-05-30 02:31:05,762 [INFO] ThemeLauncher: Status: Applying theme...
2026-05-30 02:31:05,818 [INFO] ThemeLauncher: Status: Applied mica
2026-05-30 02:31:05,819 [INFO] ThemeLauncher: Status: Capturing safety snapshot...
2026-05-30 02:31:05,821 [INFO] ThemeLauncher: Safety snapshot captured: 2026-05-30T02-31-05
2026-05-30 02:31:05,821 [INFO] ThemeLauncher: Status: Applying theme...
2026-05-30 02:31:05,917 [INFO] ThemeLauncher: Status: Applied oldnewexplorer
2026-05-30 02:32:00,409 [INFO] ThemeLauncher: Status: Mixer mode â€” pick one component per slot from any theme
2026-05-30 02:32:31,188 [INFO] ThemeLauncher: Status: Restoring system defaults...
2026-05-30 02:32:31,218 [INFO] ThemeLauncher: Status: Restoring via Smart Rollback...
2026-05-30 02:32:31,566 [INFO] ThemeLauncher: Status: System defaults restored via Smart Rollback
2026-05-30 02:32:31,566 [INFO] ThemeLauncher: ThemeColors: palette updated — broadcasting to 8 listener(s)
2026-05-30 05:42:45,614 [INFO] ThemeLauncher: Theme Launcher starting...
2026-05-30 05:42:45,615 [WARNING] ThemeLauncher: Not running as administrator. Font installation and some registry operations will fail. Re-launch with --admin flag for full functionality.
2026-05-30 05:42:45,622 [WARNING] ThemeLauncher: Skipping .vscode: No manifest.json found in C:\\Users\\kyleh\\.gemini\\Themes\.vscode
2026-05-30 05:42:45,628 [WARNING] ThemeLauncher: Component 'themes' variant[0] references missing file: themes/Black-DASH.theme
2026-05-30 05:42:45,628 [WARNING] ThemeLauncher: Component 'themes' variant[1] references missing file: themes/Black-DOTS.theme
2026-05-30 05:42:45,629 [WARNING] ThemeLauncher: Component 'themes' variant[2] references missing file: themes/Black-LIN.theme
2026-05-30 05:42:45,629 [WARNING] ThemeLauncher: Component 'themes' variant[3] references missing file: themes/Black-Mac.theme
2026-05-30 05:42:45,629 [WARNING] ThemeLauncher: Component 'themes' variant[4] references missing file: themes/Black-NU.theme
2026-05-30 05:42:45,629 [WARNING] ThemeLauncher: Component 'themes' variant[5] references missing file: themes/Black-Round.theme
2026-05-30 05:42:45,629 [WARNING] ThemeLauncher: Component 'themes' variant[6] references missing file: themes/Black-SLASH.theme
2026-05-30 05:42:45,629 [WARNING] ThemeLauncher: Component 'themes' variant[7] references missing file: themes/Black-Win.theme
2026-05-30 05:42:45,629 [WARNING] ThemeLauncher: Component 'themes' variant[8] references missing file: themes/Dark-DASH.theme
2026-05-30 05:42:45,629 [WARNING] ThemeLauncher: Component 'themes' variant[9] references missing file: themes/Dark-DOTS.theme
2026-05-30 05:42:45,629 [WARNING] ThemeLauncher: Component 'themes' variant[10] references missing file: themes/Dark-LIN.theme
2026-05-30 05:42:45,630 [WARNING] ThemeLauncher: Component 'themes' variant[11] references missing file: themes/Dark-Mac.theme
2026-05-30 05:42:45,630 [WARNING] ThemeLauncher: Component 'themes' variant[12] references missing file: themes/Dark-NU.theme
2026-05-30 05:42:45,630 [WARNING] ThemeLauncher: Component 'themes' variant[13] references missing file: themes/Dark-Round.theme
2026-05-30 05:42:45,630 [WARNING] ThemeLauncher: Component 'themes' variant[14] references missing file: themes/Dark-SLASH.theme
2026-05-30 05:42:45,630 [WARNING] ThemeLauncher: Component 'themes' variant[15] references missing file: themes/Dark-Win.theme
2026-05-30 05:42:45,630 [INFO] ThemeLauncher: Loaded theme: BlackIsBack
2026-05-30 05:42:45,637 [INFO] ThemeLauncher: Loaded theme: Buuf OS2
2026-05-30 05:42:45,643 [WARNING] ThemeLauncher: Component 'wallpapers' variant[0] references missing file: wallpapers/Delta v1/casey-horner-NIIVU-unsplash.jpg
2026-05-30 05:42:45,643 [WARNING] ThemeLauncher: Component 'wallpapers' variant[1] references missing file: wallpapers/Delta v1/daniel-mirlea-NIIVU-unsplash.jpg
2026-05-30 05:42:45,643 [WARNING] ThemeLauncher: Component 'wallpapers' variant[2] references missing file: wallpapers/Delta v1/joshua-earle-NIIVU-unsplash.jpg
2026-05-30 05:42:45,644 [WARNING] ThemeLauncher: Component 'wallpapers' variant[3] references missing file: wallpapers/Delta v1/petr-slovacek-NIIVU-unsplash.jpg
2026-05-30 05:42:45,644 [WARNING] ThemeLauncher: Component 'wallpapers' variant[4] references missing file: wallpapers/Delta v1/waves.jpeg
2026-05-30 05:42:45,644 [WARNING] ThemeLauncher: Component 'wallpapers' variant[5] references missing file: wallpapers/Delta v1/foggy.jpeg
2026-05-30 05:42:45,644 [WARNING] ThemeLauncher: Component 'wallpapers' variant[6] references missing file: wallpapers/Delta v1/geo.jpeg
2026-05-30 05:42:45,644 [WARNING] ThemeLauncher: Component 'wallpapers' variant[7] references missing file: wallpapers/Delta v1/nebula.jpeg
2026-05-30 05:42:45,644 [WARNING] ThemeLauncher: Component 'wallpapers' variant[8] references missing file: wallpapers/Delta v1/waterfall.jpeg
2026-05-30 05:42:45,644 [WARNING] ThemeLauncher: Component 'wallpapers' variant[9] references missing file: wallpapers/Delta v1/drip.jpeg
2026-05-30 05:42:45,645 [WARNING] ThemeLauncher: Unknown component type 'basebrd' in manifest
2026-05-30 05:42:45,645 [INFO] ThemeLauncher: Loaded theme: Delta v1
2026-05-30 05:42:45,652 [WARNING] ThemeLauncher: Unknown component type 'basebrd' in manifest
2026-05-30 05:42:45,652 [INFO] ThemeLauncher: Loaded theme: Delta v2
2026-05-30 05:42:45,659 [WARNING] ThemeLauncher: Component 'msstyles' variant[0] references missing file: msstyles/MAC/DRK 25 MAC.msstyles
2026-05-30 05:42:45,659 [WARNING] ThemeLauncher: Component 'msstyles' variant[1] references missing file: msstyles/MAC/DRK 25 MAC - dark.msstyles
2026-05-30 05:42:45,659 [WARNING] ThemeLauncher: Component 'msstyles' variant[2] references missing file: msstyles/MAC/DRK 25 MAC - light.msstyles
2026-05-30 05:42:45,659 [WARNING] ThemeLauncher: Component 'msstyles' variant[3] references missing file: msstyles/SQR/DRK 25 SQR.msstyles
2026-05-30 05:42:45,660 [WARNING] ThemeLauncher: Component 'msstyles' variant[4] references missing file: msstyles/SQR/DRK 25 SQR - dark.msstyles
2026-05-30 05:42:45,660 [WARNING] ThemeLauncher: Component 'msstyles' variant[5] references missing file: msstyles/SQR/DRK 25 SQR - light.msstyles
2026-05-30 05:42:45,660 [WARNING] ThemeLauncher: Component 'themes' variant[0] references missing file: themes/MAC/DRK 25 MAC.theme
2026-05-30 05:42:45,660 [WARNING] ThemeLauncher: Component 'themes' variant[1] references missing file: themes/MAC/DRK 25 MAC - Dark.theme
2026-05-30 05:42:45,660 [WARNING] ThemeLauncher: Component 'themes' variant[2] references missing file: themes/MAC/DRK 25 MAC - Light.theme
2026-05-30 05:42:45,660 [WARNING] ThemeLauncher: Component 'themes' variant[3] references missing file: themes/SQR/DRK 25 SQR.theme
2026-05-30 05:42:45,660 [WARNING] ThemeLauncher: Component 'themes' variant[4] references missing file: themes/SQR/DRK 25 SQR - Dark.theme
2026-05-30 05:42:45,661 [WARNING] ThemeLauncher: Component 'themes' variant[5] references missing file: themes/SQR/DRK 25 SQR - Light.theme
2026-05-30 05:42:45,661 [WARNING] ThemeLauncher: Component 'themes' variant[6] references missing file: themes/WIN/DRK 25 WIN.theme
2026-05-30 05:42:45,661 [WARNING] ThemeLauncher: Component 'themes' variant[7] references missing file: themes/WIN/DRK 25 WIN - Dark.theme
2026-05-30 05:42:45,661 [WARNING] ThemeLauncher: Component 'themes' variant[8] references missing file: themes/WIN/DRK 25 WIN - Light.theme
2026-05-30 05:42:45,661 [INFO] ThemeLauncher: Loaded theme: DRK 25
2026-05-30 05:42:45,661 [WARNING] ThemeLauncher: Skipping Extras: No manifest.json found in C:\\Users\\kyleh\\.gemini\\Themes\Extras
2026-05-30 05:42:45,668 [INFO] ThemeLauncher: Loaded theme: Gruvbox
2026-05-30 05:42:45,674 [INFO] ThemeLauncher: Loaded theme: iWin
2026-05-30 05:42:45,680 [INFO] ThemeLauncher: Loaded theme: Janguru
2026-05-30 05:42:45,686 [WARNING] ThemeLauncher: Folder component 'windhawk' has no 'path' key — may fail to apply
2026-05-30 05:42:45,687 [INFO] ThemeLauncher: Loaded theme: Japan 26
2026-05-30 05:42:45,693 [INFO] ThemeLauncher: Loaded theme: Kanagawa
2026-05-30 05:42:45,700 [INFO] ThemeLauncher: Loaded theme: Kripton
2026-05-30 05:42:45,707 [INFO] ThemeLauncher: Loaded theme: Night Owl
2026-05-30 05:42:45,713 [WARNING] ThemeLauncher: Component 'themes' variant[0] references missing file: themes/Paranoid Android - LUV - dark.theme
2026-05-30 05:42:45,713 [WARNING] ThemeLauncher: Component 'themes' variant[1] references missing file: themes/Paranoid Android - LUV - light.theme
2026-05-30 05:42:45,713 [WARNING] ThemeLauncher: Component 'themes' variant[2] references missing file: themes/Paranoid Android - LUV - night.theme
2026-05-30 05:42:45,713 [WARNING] ThemeLauncher: Component 'themes' variant[3] references missing file: themes/Paranoid Android - Nebula - dark.theme
2026-05-30 05:42:45,713 [WARNING] ThemeLauncher: Component 'themes' variant[4] references missing file: themes/Paranoid Android - Nebula - light.theme
2026-05-30 05:42:45,713 [WARNING] ThemeLauncher: Component 'themes' variant[5] references missing file: themes/Paranoid Android - Nebula - night.theme
2026-05-30 05:42:45,713 [WARNING] ThemeLauncher: Component 'themes' variant[6] references missing file: themes/Paranoid Android - Sweet - dark.theme
2026-05-30 05:42:45,714 [WARNING] ThemeLauncher: Component 'themes' variant[7] references missing file: themes/Paranoid Android - Sweet - light.theme
2026-05-30 05:42:45,714 [WARNING] ThemeLauncher: Component 'themes' variant[8] references missing file: themes/Paranoid Android - Sweet - night.theme
2026-05-30 05:42:45,714 [WARNING] ThemeLauncher: Component 'startorb' variant[0] references missing file: orbs/Paranoid Start Orb.svg
2026-05-30 05:42:45,714 [WARNING] ThemeLauncher: Component 'startorb' variant[1] references missing file: orbs/StartAllBack explorer.png
2026-05-30 05:42:45,714 [WARNING] ThemeLauncher: Component 'startorb' variant[2] references missing file: orbs/StartAllBack taskbar.png
2026-05-30 05:42:45,714 [INFO] ThemeLauncher: Loaded theme: Paranoid Android
2026-05-30 05:42:45,720 [INFO] ThemeLauncher: Loaded theme: Retro
2026-05-30 05:42:45,729 [WARNING] ThemeLauncher: Component 'cursors' references missing path: cursors
2026-05-30 05:42:45,730 [INFO] ThemeLauncher: Loaded theme: Rose Pine
2026-05-30 05:42:45,741 [INFO] ThemeLauncher: Loaded theme: Solarized
2026-05-30 05:42:45,748 [WARNING] ThemeLauncher: Component 'themes' variant[0] references missing file: themes/SynthWave '84 dark - luv.theme
2026-05-30 05:42:45,748 [WARNING] ThemeLauncher: Component 'themes' variant[1] references missing file: themes/SynthWave '84 dark - mac.theme
2026-05-30 05:42:45,748 [WARNING] ThemeLauncher: Component 'themes' variant[2] references missing file: themes/SynthWave '84 dark - mac gloss.theme
2026-05-30 05:42:45,748 [WARNING] ThemeLauncher: Component 'themes' variant[3] references missing file: themes/SynthWave '84 dark - nude.theme
2026-05-30 05:42:45,748 [WARNING] ThemeLauncher: Component 'themes' variant[4] references missing file: themes/SynthWave '84 night - luv.theme
2026-05-30 05:42:45,748 [WARNING] ThemeLauncher: Component 'themes' variant[5] references missing file: themes/SynthWave '84 night - mac.theme
2026-05-30 05:42:45,748 [WARNING] ThemeLauncher: Component 'themes' variant[6] references missing file: themes/SynthWave '84 night - mac gloss.theme
2026-05-30 05:42:45,749 [WARNING] ThemeLauncher: Component 'themes' variant[7] references missing file: themes/SynthWave '84 night - nude.theme
2026-05-30 05:42:45,749 [INFO] ThemeLauncher: Loaded theme: SynthWave '84
2026-05-30 05:42:45,755 [WARNING] ThemeLauncher: Component 'themes' variant[0] references missing file: themes/Tokyo Dark Night Circle Fill NA.theme
2026-05-30 05:42:45,756 [WARNING] ThemeLauncher: Component 'themes' variant[8] references missing file: themes/Tokyo Dark Storm Circle Fill NA.theme
2026-05-30 05:42:45,756 [INFO] ThemeLauncher: Loaded theme: Tokyo Night
2026-05-30 05:42:45,757 [WARNING] ThemeLauncher: Skipping .vscode: No manifest.json found in C:\\Users\\kyleh\\.gemini\\Themes\.vscode
2026-05-30 05:42:45,757 [WARNING] ThemeLauncher: Component 'themes' variant[0] references missing file: themes/Black-DASH.theme
2026-05-30 05:42:45,757 [WARNING] ThemeLauncher: Component 'themes' variant[1] references missing file: themes/Black-DOTS.theme
2026-05-30 05:42:45,757 [WARNING] ThemeLauncher: Component 'themes' variant[2] references missing file: themes/Black-LIN.theme
2026-05-30 05:42:45,757 [WARNING] ThemeLauncher: Component 'themes' variant[3] references missing file: themes/Black-Mac.theme
2026-05-30 05:42:45,757 [WARNING] ThemeLauncher: Component 'themes' variant[4] references missing file: themes/Black-NU.theme
2026-05-30 05:42:45,758 [WARNING] ThemeLauncher: Component 'themes' variant[5] references missing file: themes/Black-Round.theme
2026-05-30 05:42:45,758 [WARNING] ThemeLauncher: Component 'themes' variant[6] references missing file: themes/Black-SLASH.theme
2026-05-30 05:42:45,758 [WARNING] ThemeLauncher: Component 'themes' variant[7] references missing file: themes/Black-Win.theme
2026-05-30 05:42:45,758 [WARNING] ThemeLauncher: Component 'themes' variant[8] references missing file: themes/Dark-DASH.theme
2026-05-30 05:42:45,758 [WARNING] ThemeLauncher: Component 'themes' variant[9] references missing file: themes/Dark-DOTS.theme
2026-05-30 05:42:45,758 [WARNING] ThemeLauncher: Component 'themes' variant[10] references missing file: themes/Dark-LIN.theme
2026-05-30 05:42:45,758 [WARNING] ThemeLauncher: Component 'themes' variant[11] references missing file: themes/Dark-Mac.theme
2026-05-30 05:42:45,758 [WARNING] ThemeLauncher: Component 'themes' variant[12] references missing file: themes/Dark-NU.theme
2026-05-30 05:42:45,758 [WARNING] ThemeLauncher: Component 'themes' variant[13] references missing file: themes/Dark-Round.theme
2026-05-30 05:42:45,759 [WARNING] ThemeLauncher: Component 'themes' variant[14] references missing file: themes/Dark-SLASH.theme
2026-05-30 05:42:45,759 [WARNING] ThemeLauncher: Component 'themes' variant[15] references missing file: themes/Dark-Win.theme
2026-05-30 05:42:45,759 [INFO] ThemeLauncher: Loaded theme: BlackIsBack
2026-05-30 05:42:45,759 [INFO] ThemeLauncher: Loaded theme: Buuf OS2
2026-05-30 05:42:45,760 [WARNING] ThemeLauncher: Component 'wallpapers' variant[0] references missing file: wallpapers/Delta v1/casey-horner-NIIVU-unsplash.jpg
2026-05-30 05:42:45,760 [WARNING] ThemeLauncher: Component 'wallpapers' variant[1] references missing file: wallpapers/Delta v1/daniel-mirlea-NIIVU-unsplash.jpg
2026-05-30 05:42:45,760 [WARNING] ThemeLauncher: Component 'wallpapers' variant[2] references missing file: wallpapers/Delta v1/joshua-earle-NIIVU-unsplash.jpg
2026-05-30 05:42:45,760 [WARNING] ThemeLauncher: Component 'wallpapers' variant[3] references missing file: wallpapers/Delta v1/petr-slovacek-NIIVU-unsplash.jpg
2026-05-30 05:42:45,760 [WARNING] ThemeLauncher: Component 'wallpapers' variant[4] references missing file: wallpapers/Delta v1/waves.jpeg
2026-05-30 05:42:45,760 [WARNING] ThemeLauncher: Component 'wallpapers' variant[5] references missing file: wallpapers/Delta v1/foggy.jpeg
2026-05-30 05:42:45,760 [WARNING] ThemeLauncher: Component 'wallpapers' variant[6] references missing file: wallpapers/Delta v1/geo.jpeg
2026-05-30 05:42:45,760 [WARNING] ThemeLauncher: Component 'wallpapers' variant[7] references missing file: wallpapers/Delta v1/nebula.jpeg
2026-05-30 05:42:45,761 [WARNING] ThemeLauncher: Component 'wallpapers' variant[8] references missing file: wallpapers/Delta v1/waterfall.jpeg
2026-05-30 05:42:45,761 [WARNING] ThemeLauncher: Component 'wallpapers' variant[9] references missing file: wallpapers/Delta v1/drip.jpeg
2026-05-30 05:42:45,761 [WARNING] ThemeLauncher: Unknown component type 'basebrd' in manifest
2026-05-30 05:42:45,761 [INFO] ThemeLauncher: Loaded theme: Delta v1
2026-05-30 05:42:45,762 [WARNING] ThemeLauncher: Unknown component type 'basebrd' in manifest
2026-05-30 05:42:45,762 [INFO] ThemeLauncher: Loaded theme: Delta v2
2026-05-30 05:42:45,762 [WARNING] ThemeLauncher: Component 'msstyles' variant[0] references missing file: msstyles/MAC/DRK 25 MAC.msstyles
2026-05-30 05:42:45,762 [WARNING] ThemeLauncher: Component 'msstyles' variant[1] references missing file: msstyles/MAC/DRK 25 MAC - dark.msstyles
2026-05-30 05:42:45,762 [WARNING] ThemeLauncher: Component 'msstyles' variant[2] references missing file: msstyles/MAC/DRK 25 MAC - light.msstyles
2026-05-30 05:42:45,762 [WARNING] ThemeLauncher: Component 'msstyles' variant[3] references missing file: msstyles/SQR/DRK 25 SQR.msstyles
2026-05-30 05:42:45,762 [WARNING] ThemeLauncher: Component 'msstyles' variant[4] references missing file: msstyles/SQR/DRK 25 SQR - dark.msstyles
2026-05-30 05:42:45,762 [WARNING] ThemeLauncher: Component 'msstyles' variant[5] references missing file: msstyles/SQR/DRK 25 SQR - light.msstyles
2026-05-30 05:42:45,762 [WARNING] ThemeLauncher: Component 'themes' variant[0] references missing file: themes/MAC/DRK 25 MAC.theme
2026-05-30 05:42:45,763 [WARNING] ThemeLauncher: Component 'themes' variant[1] references missing file: themes/MAC/DRK 25 MAC - Dark.theme
2026-05-30 05:42:45,763 [WARNING] ThemeLauncher: Component 'themes' variant[2] references missing file: themes/MAC/DRK 25 MAC - Light.theme
2026-05-30 05:42:45,763 [WARNING] ThemeLauncher: Component 'themes' variant[3] references missing file: themes/SQR/DRK 25 SQR.theme
2026-05-30 05:42:45,763 [WARNING] ThemeLauncher: Component 'themes' variant[4] references missing file: themes/SQR/DRK 25 SQR - Dark.theme
2026-05-30 05:42:45,763 [WARNING] ThemeLauncher: Component 'themes' variant[5] references missing file: themes/SQR/DRK 25 SQR - Light.theme
2026-05-30 05:42:45,763 [WARNING] ThemeLauncher: Component 'themes' variant[6] references missing file: themes/WIN/DRK 25 WIN.theme
2026-05-30 05:42:45,763 [WARNING] ThemeLauncher: Component 'themes' variant[7] references missing file: themes/WIN/DRK 25 WIN - Dark.theme
2026-05-30 05:42:45,763 [WARNING] ThemeLauncher: Component 'themes' variant[8] references missing file: themes/WIN/DRK 25 WIN - Light.theme
2026-05-30 05:42:45,764 [INFO] ThemeLauncher: Loaded theme: DRK 25
2026-05-30 05:42:45,764 [WARNING] ThemeLauncher: Skipping Extras: No manifest.json found in C:\\Users\\kyleh\\.gemini\\Themes\Extras
2026-05-30 05:42:45,765 [INFO] ThemeLauncher: Loaded theme: Gruvbox
2026-05-30 05:42:45,765 [INFO] ThemeLauncher: Loaded theme: iWin
2026-05-30 05:42:45,766 [INFO] ThemeLauncher: Loaded theme: Janguru
2026-05-30 05:42:45,767 [WARNING] ThemeLauncher: Folder component 'windhawk' has no 'path' key — may fail to apply
2026-05-30 05:42:45,767 [INFO] ThemeLauncher: Loaded theme: Japan 26
2026-05-30 05:42:45,768 [INFO] ThemeLauncher: Loaded theme: Kanagawa
2026-05-30 05:42:45,769 [INFO] ThemeLauncher: Loaded theme: Kripton
2026-05-30 05:42:45,770 [INFO] ThemeLauncher: Loaded theme: Night Owl
2026-05-30 05:42:45,771 [WARNING] ThemeLauncher: Component 'themes' variant[0] references missing file: themes/Paranoid Android - LUV - dark.theme
2026-05-30 05:42:45,771 [WARNING] ThemeLauncher: Component 'themes' variant[1] references missing file: themes/Paranoid Android - LUV - light.theme
2026-05-30 05:42:45,771 [WARNING] ThemeLauncher: Component 'themes' variant[2] references missing file: themes/Paranoid Android - LUV - night.theme
2026-05-30 05:42:45,771 [WARNING] ThemeLauncher: Component 'themes' variant[3] references missing file: themes/Paranoid Android - Nebula - dark.theme
2026-05-30 05:42:45,771 [WARNING] ThemeLauncher: Component 'themes' variant[4] references missing file: themes/Paranoid Android - Nebula - light.theme
2026-05-30 05:42:45,771 [WARNING] ThemeLauncher: Component 'themes' variant[5] references missing file: themes/Paranoid Android - Nebula - night.theme
2026-05-30 05:42:45,771 [WARNING] ThemeLauncher: Component 'themes' variant[6] references missing file: themes/Paranoid Android - Sweet - dark.theme
2026-05-30 05:42:45,771 [WARNING] ThemeLauncher: Component 'themes' variant[7] references missing file: themes/Paranoid Android - Sweet - light.theme
2026-05-30 05:42:45,771 [WARNING] ThemeLauncher: Component 'themes' variant[8] references missing file: themes/Paranoid Android - Sweet - night.theme
2026-05-30 05:42:45,771 [WARNING] ThemeLauncher: Component 'startorb' variant[0] references missing file: orbs/Paranoid Start Orb.svg
2026-05-30 05:42:45,772 [WARNING] ThemeLauncher: Component 'startorb' variant[1] references missing file: orbs/StartAllBack explorer.png
2026-05-30 05:42:45,772 [WARNING] ThemeLauncher: Component 'startorb' variant[2] references missing file: orbs/StartAllBack taskbar.png
2026-05-30 05:42:45,772 [INFO] ThemeLauncher: Loaded theme: Paranoid Android
2026-05-30 05:42:45,772 [INFO] ThemeLauncher: Loaded theme: Retro
2026-05-30 05:42:45,773 [WARNING] ThemeLauncher: Component 'cursors' references missing path: cursors
2026-05-30 05:42:45,773 [INFO] ThemeLauncher: Loaded theme: Rose Pine
2026-05-30 05:42:45,774 [INFO] ThemeLauncher: Loaded theme: Solarized
2026-05-30 05:42:45,775 [WARNING] ThemeLauncher: Component 'themes' variant[0] references missing file: themes/SynthWave '84 dark - luv.theme
2026-05-30 05:42:45,775 [WARNING] ThemeLauncher: Component 'themes' variant[1] references missing file: themes/SynthWave '84 dark - mac.theme
2026-05-30 05:42:45,775 [WARNING] ThemeLauncher: Component 'themes' variant[2] references missing file: themes/SynthWave '84 dark - mac gloss.theme
2026-05-30 05:42:45,775 [WARNING] ThemeLauncher: Component 'themes' variant[3] references missing file: themes/SynthWave '84 dark - nude.theme
2026-05-30 05:42:45,775 [WARNING] ThemeLauncher: Component 'themes' variant[4] references missing file: themes/SynthWave '84 night - luv.theme
2026-05-30 05:42:45,775 [WARNING] ThemeLauncher: Component 'themes' variant[5] references missing file: themes/SynthWave '84 night - mac.theme
2026-05-30 05:42:45,775 [WARNING] ThemeLauncher: Component 'themes' variant[6] references missing file: themes/SynthWave '84 night - mac gloss.theme
2026-05-30 05:42:45,775 [WARNING] ThemeLauncher: Component 'themes' variant[7] references missing file: themes/SynthWave '84 night - nude.theme
2026-05-30 05:42:45,775 [INFO] ThemeLauncher: Loaded theme: SynthWave '84
2026-05-30 05:42:45,776 [WARNING] ThemeLauncher: Component 'themes' variant[0] references missing file: themes/Tokyo Dark Night Circle Fill NA.theme
2026-05-30 05:42:45,776 [WARNING] ThemeLauncher: Component 'themes' variant[8] references missing file: themes/Tokyo Dark Storm Circle Fill NA.theme
2026-05-30 05:42:45,777 [INFO] ThemeLauncher: Loaded theme: Tokyo Night
2026-05-30 05:42:45,777 [INFO] ThemeLauncher: Discovered 18 theme(s)
2026-05-30 05:42:45,777 [INFO] ThemeLauncher: Windows Update Resilience Monitor active
2026-05-30 05:42:45,778 [INFO] ThemeLauncher: Scheduled Theme Switcher active
2026-05-30 05:42:48,046 [INFO] ThemeLauncher: Status: Selected: Japan 26
2026-05-30 05:42:48,046 [INFO] ThemeLauncher: Theme Launcher UI ready
2026-05-30 05:42:52,874 [INFO] ThemeLauncher: Theme scheduler stopped
2026-05-30 05:42:52,874 [INFO] ThemeLauncher: Theme Launcher closed
2026-05-30 12:30:25,270 [INFO] ThemeLauncher: Theme Launcher starting...
2026-05-30 12:30:25,272 [WARNING] ThemeLauncher: Not running as administrator. Font installation and some registry operations will fail. Re-launch with --admin flag for full functionality.
2026-05-30 12:30:25,272 [WARNING] ThemeLauncher: Skipping .vscode: No manifest.json found in C:\\Users\\kyleh\\.gemini\\Themes\.vscode
2026-05-30 12:30:25,273 [WARNING] ThemeLauncher: Component 'themes' variant[0] references missing file: themes/Black-DASH.theme
2026-05-30 12:30:25,273 [WARNING] ThemeLauncher: Component 'themes' variant[1] references missing file: themes/Black-DOTS.theme
2026-05-30 12:30:25,273 [WARNING] ThemeLauncher: Component 'themes' variant[2] references missing file: themes/Black-LIN.theme
2026-05-30 12:30:25,273 [WARNING] ThemeLauncher: Component 'themes' variant[3] references missing file: themes/Black-Mac.theme
2026-05-30 12:30:25,273 [WARNING] ThemeLauncher: Component 'themes' variant[4] references missing file: themes/Black-NU.theme
2026-05-30 12:30:25,273 [WARNING] ThemeLauncher: Component 'themes' variant[5] references missing file: themes/Black-Round.theme
2026-05-30 12:30:25,274 [WARNING] ThemeLauncher: Component 'themes' variant[6] references missing file: themes/Black-SLASH.theme
2026-05-30 12:30:25,274 [WARNING] ThemeLauncher: Component 'themes' variant[7] references missing file: themes/Black-Win.theme
2026-05-30 12:30:25,274 [WARNING] ThemeLauncher: Component 'themes' variant[8] references missing file: themes/Dark-DASH.theme
2026-05-30 12:30:25,274 [WARNING] ThemeLauncher: Component 'themes' variant[9] references missing file: themes/Dark-DOTS.theme
2026-05-30 12:30:25,274 [WARNING] ThemeLauncher: Component 'themes' variant[10] references missing file: themes/Dark-LIN.theme
2026-05-30 12:30:25,274 [WARNING] ThemeLauncher: Component 'themes' variant[11] references missing file: themes/Dark-Mac.theme
2026-05-30 12:30:25,274 [WARNING] ThemeLauncher: Component 'themes' variant[12] references missing file: themes/Dark-NU.theme
2026-05-30 12:30:25,274 [WARNING] ThemeLauncher: Component 'themes' variant[13] references missing file: themes/Dark-Round.theme
2026-05-30 12:30:25,274 [WARNING] ThemeLauncher: Component 'themes' variant[14] references missing file: themes/Dark-SLASH.theme
2026-05-30 12:30:25,274 [WARNING] ThemeLauncher: Component 'themes' variant[15] references missing file: themes/Dark-Win.theme
2026-05-30 12:30:25,275 [INFO] ThemeLauncher: Loaded theme: BlackIsBack
2026-05-30 12:30:25,275 [INFO] ThemeLauncher: Loaded theme: Buuf OS2
2026-05-30 12:30:25,276 [WARNING] ThemeLauncher: Component 'wallpapers' variant[0] references missing file: wallpapers/Delta v1/casey-horner-NIIVU-unsplash.jpg
2026-05-30 12:30:25,276 [WARNING] ThemeLauncher: Component 'wallpapers' variant[1] references missing file: wallpapers/Delta v1/daniel-mirlea-NIIVU-unsplash.jpg
2026-05-30 12:30:25,276 [WARNING] ThemeLauncher: Component 'wallpapers' variant[2] references missing file: wallpapers/Delta v1/joshua-earle-NIIVU-unsplash.jpg
2026-05-30 12:30:25,276 [WARNING] ThemeLauncher: Component 'wallpapers' variant[3] references missing file: wallpapers/Delta v1/petr-slovacek-NIIVU-unsplash.jpg
2026-05-30 12:30:25,276 [WARNING] ThemeLauncher: Component 'wallpapers' variant[4] references missing file: wallpapers/Delta v1/waves.jpeg
2026-05-30 12:30:25,276 [WARNING] ThemeLauncher: Component 'wallpapers' variant[5] references missing file: wallpapers/Delta v1/foggy.jpeg
2026-05-30 12:30:25,276 [WARNING] ThemeLauncher: Component 'wallpapers' variant[6] references missing file: wallpapers/Delta v1/geo.jpeg
2026-05-30 12:30:25,277 [WARNING] ThemeLauncher: Component 'wallpapers' variant[7] references missing file: wallpapers/Delta v1/nebula.jpeg
2026-05-30 12:30:25,277 [WARNING] ThemeLauncher: Component 'wallpapers' variant[8] references missing file: wallpapers/Delta v1/waterfall.jpeg
2026-05-30 12:30:25,277 [WARNING] ThemeLauncher: Component 'wallpapers' variant[9] references missing file: wallpapers/Delta v1/drip.jpeg
2026-05-30 12:30:25,277 [WARNING] ThemeLauncher: Unknown component type 'basebrd' in manifest
2026-05-30 12:30:25,277 [INFO] ThemeLauncher: Loaded theme: Delta v1
2026-05-30 12:30:25,278 [WARNING] ThemeLauncher: Unknown component type 'basebrd' in manifest
2026-05-30 12:30:25,278 [INFO] ThemeLauncher: Loaded theme: Delta v2
2026-05-30 12:30:25,278 [WARNING] ThemeLauncher: Component 'msstyles' variant[0] references missing file: msstyles/MAC/DRK 25 MAC.msstyles
2026-05-30 12:30:25,278 [WARNING] ThemeLauncher: Component 'msstyles' variant[1] references missing file: msstyles/MAC/DRK 25 MAC - dark.msstyles
2026-05-30 12:30:25,278 [WARNING] ThemeLauncher: Component 'msstyles' variant[2] references missing file: msstyles/MAC/DRK 25 MAC - light.msstyles
2026-05-30 12:30:25,278 [WARNING] ThemeLauncher: Component 'msstyles' variant[3] references missing file: msstyles/SQR/DRK 25 SQR.msstyles
2026-05-30 12:30:25,278 [WARNING] ThemeLauncher: Component 'msstyles' variant[4] references missing file: msstyles/SQR/DRK 25 SQR - dark.msstyles
2026-05-30 12:30:25,278 [WARNING] ThemeLauncher: Component 'msstyles' variant[5] references missing file: msstyles/SQR/DRK 25 SQR - light.msstyles
2026-05-30 12:30:25,278 [WARNING] ThemeLauncher: Component 'themes' variant[0] references missing file: themes/MAC/DRK 25 MAC.theme
2026-05-30 12:30:25,279 [WARNING] ThemeLauncher: Component 'themes' variant[1] references missing file: themes/MAC/DRK 25 MAC - Dark.theme
2026-05-30 12:30:25,279 [WARNING] ThemeLauncher: Component 'themes' variant[2] references missing file: themes/MAC/DRK 25 MAC - Light.theme
2026-05-30 12:30:25,279 [WARNING] ThemeLauncher: Component 'themes' variant[3] references missing file: themes/SQR/DRK 25 SQR.theme
2026-05-30 12:30:25,279 [WARNING] ThemeLauncher: Component 'themes' variant[4] references missing file: themes/SQR/DRK 25 SQR - Dark.theme
2026-05-30 12:30:25,279 [WARNING] ThemeLauncher: Component 'themes' variant[5] references missing file: themes/SQR/DRK 25 SQR - Light.theme
2026-05-30 12:30:25,279 [WARNING] ThemeLauncher: Component 'themes' variant[6] references missing file: themes/WIN/DRK 25 WIN.theme
2026-05-30 12:30:25,279 [WARNING] ThemeLauncher: Component 'themes' variant[7] references missing file: themes/WIN/DRK 25 WIN - Dark.theme
2026-05-30 12:30:25,279 [WARNING] ThemeLauncher: Component 'themes' variant[8] references missing file: themes/WIN/DRK 25 WIN - Light.theme
2026-05-30 12:30:25,279 [INFO] ThemeLauncher: Loaded theme: DRK 25
2026-05-30 12:30:25,280 [WARNING] ThemeLauncher: Skipping Extras: No manifest.json found in C:\\Users\\kyleh\\.gemini\\Themes\Extras
2026-05-30 12:30:25,281 [INFO] ThemeLauncher: Loaded theme: Gruvbox
2026-05-30 12:30:25,281 [INFO] ThemeLauncher: Loaded theme: iWin
2026-05-30 12:30:25,282 [INFO] ThemeLauncher: Loaded theme: Janguru
2026-05-30 12:30:25,283 [WARNING] ThemeLauncher: Folder component 'windhawk' has no 'path' key — may fail to apply
2026-05-30 12:30:25,283 [INFO] ThemeLauncher: Loaded theme: Japan 26
2026-05-30 12:30:25,284 [INFO] ThemeLauncher: Loaded theme: Kanagawa
2026-05-30 12:30:25,286 [INFO] ThemeLauncher: Loaded theme: Kripton
2026-05-30 12:30:25,287 [INFO] ThemeLauncher: Loaded theme: Night Owl
2026-05-30 12:30:25,287 [WARNING] ThemeLauncher: Component 'themes' variant[0] references missing file: themes/Paranoid Android - LUV - dark.theme
2026-05-30 12:30:25,287 [WARNING] ThemeLauncher: Component 'themes' variant[1] references missing file: themes/Paranoid Android - LUV - light.theme
2026-05-30 12:30:25,287 [WARNING] ThemeLauncher: Component 'themes' variant[2] references missing file: themes/Paranoid Android - LUV - night.theme
2026-05-30 12:30:25,287 [WARNING] ThemeLauncher: Component 'themes' variant[3] references missing file: themes/Paranoid Android - Nebula - dark.theme
2026-05-30 12:30:25,287 [WARNING] ThemeLauncher: Component 'themes' variant[4] references missing file: themes/Paranoid Android - Nebula - light.theme
2026-05-30 12:30:25,288 [WARNING] ThemeLauncher: Component 'themes' variant[5] references missing file: themes/Paranoid Android - Nebula - night.theme
2026-05-30 12:30:25,288 [WARNING] ThemeLauncher: Component 'themes' variant[6] references missing file: themes/Paranoid Android - Sweet - dark.theme
2026-05-30 12:30:25,288 [WARNING] ThemeLauncher: Component 'themes' variant[7] references missing file: themes/Paranoid Android - Sweet - light.theme
2026-05-30 12:30:25,288 [WARNING] ThemeLauncher: Component 'themes' variant[8] references missing file: themes/Paranoid Android - Sweet - night.theme
2026-05-30 12:30:25,288 [WARNING] ThemeLauncher: Component 'startorb' variant[0] references missing file: orbs/Paranoid Start Orb.svg
2026-05-30 12:30:25,288 [WARNING] ThemeLauncher: Component 'startorb' variant[1] references missing file: orbs/StartAllBack explorer.png
2026-05-30 12:30:25,288 [WARNING] ThemeLauncher: Component 'startorb' variant[2] references missing file: orbs/StartAllBack taskbar.png
2026-05-30 12:30:25,288 [INFO] ThemeLauncher: Loaded theme: Paranoid Android
2026-05-30 12:30:25,289 [INFO] ThemeLauncher: Loaded theme: Retro
2026-05-30 12:30:25,290 [WARNING] ThemeLauncher: Component 'cursors' references missing path: cursors
2026-05-30 12:30:25,290 [INFO] ThemeLauncher: Loaded theme: Rose Pine
2026-05-30 12:30:25,291 [INFO] ThemeLauncher: Loaded theme: Solarized
2026-05-30 12:30:25,291 [WARNING] ThemeLauncher: Component 'themes' variant[0] references missing file: themes/SynthWave '84 dark - luv.theme
2026-05-30 12:30:25,291 [WARNING] ThemeLauncher: Component 'themes' variant[1] references missing file: themes/SynthWave '84 dark - mac.theme
2026-05-30 12:30:25,291 [WARNING] ThemeLauncher: Component 'themes' variant[2] references missing file: themes/SynthWave '84 dark - mac gloss.theme
2026-05-30 12:30:25,291 [WARNING] ThemeLauncher: Component 'themes' variant[3] references missing file: themes/SynthWave '84 dark - nude.theme
2026-05-30 12:30:25,292 [WARNING] ThemeLauncher: Component 'themes' variant[4] references missing file: themes/SynthWave '84 night - luv.theme
2026-05-30 12:30:25,292 [WARNING] ThemeLauncher: Component 'themes' variant[5] references missing file: themes/SynthWave '84 night - mac.theme
2026-05-30 12:30:25,292 [WARNING] ThemeLauncher: Component 'themes' variant[6] references missing file: themes/SynthWave '84 night - mac gloss.theme
2026-05-30 12:30:25,292 [WARNING] ThemeLauncher: Component 'themes' variant[7] references missing file: themes/SynthWave '84 night - nude.theme
2026-05-30 12:30:25,292 [INFO] ThemeLauncher: Loaded theme: SynthWave '84
2026-05-30 12:30:25,293 [WARNING] ThemeLauncher: Component 'themes' variant[0] references missing file: themes/Tokyo Dark Night Circle Fill NA.theme
2026-05-30 12:30:25,293 [WARNING] ThemeLauncher: Component 'themes' variant[8] references missing file: themes/Tokyo Dark Storm Circle Fill NA.theme
2026-05-30 12:30:25,293 [INFO] ThemeLauncher: Loaded theme: Tokyo Night
2026-05-30 12:30:25,294 [WARNING] ThemeLauncher: Skipping .vscode: No manifest.json found in C:\\Users\\kyleh\\.gemini\\Themes\.vscode
2026-05-30 12:30:25,294 [WARNING] ThemeLauncher: Component 'themes' variant[0] references missing file: themes/Black-DASH.theme
2026-05-30 12:30:25,294 [WARNING] ThemeLauncher: Component 'themes' variant[1] references missing file: themes/Black-DOTS.theme
2026-05-30 12:30:25,294 [WARNING] ThemeLauncher: Component 'themes' variant[2] references missing file: themes/Black-LIN.theme
2026-05-30 12:30:25,294 [WARNING] ThemeLauncher: Component 'themes' variant[3] references missing file: themes/Black-Mac.theme
2026-05-30 12:30:25,294 [WARNING] ThemeLauncher: Component 'themes' variant[4] references missing file: themes/Black-NU.theme
2026-05-30 12:30:25,294 [WARNING] ThemeLauncher: Component 'themes' variant[5] references missing file: themes/Black-Round.theme
2026-05-30 12:30:25,294 [WARNING] ThemeLauncher: Component 'themes' variant[6] references missing file: themes/Black-SLASH.theme
2026-05-30 12:30:25,295 [WARNING] ThemeLauncher: Component 'themes' variant[7] references missing file: themes/Black-Win.theme
2026-05-30 12:30:25,295 [WARNING] ThemeLauncher: Component 'themes' variant[8] references missing file: themes/Dark-DASH.theme
2026-05-30 12:30:25,295 [WARNING] ThemeLauncher: Component 'themes' variant[9] references missing file: themes/Dark-DOTS.theme
2026-05-30 12:30:25,295 [WARNING] ThemeLauncher: Component 'themes' variant[10] references missing file: themes/Dark-LIN.theme
2026-05-30 12:30:25,295 [WARNING] ThemeLauncher: Component 'themes' variant[11] references missing file: themes/Dark-Mac.theme
2026-05-30 12:30:25,295 [WARNING] ThemeLauncher: Component 'themes' variant[12] references missing file: themes/Dark-NU.theme
2026-05-30 12:30:25,295 [WARNING] ThemeLauncher: Component 'themes' variant[13] references missing file: themes/Dark-Round.theme
2026-05-30 12:30:25,295 [WARNING] ThemeLauncher: Component 'themes' variant[14] references missing file: themes/Dark-SLASH.theme
2026-05-30 12:30:25,295 [WARNING] ThemeLauncher: Component 'themes' variant[15] references missing file: themes/Dark-Win.theme
2026-05-30 12:30:25,295 [INFO] ThemeLauncher: Loaded theme: BlackIsBack
2026-05-30 12:30:25,296 [INFO] ThemeLauncher: Loaded theme: Buuf OS2
2026-05-30 12:30:25,296 [WARNING] ThemeLauncher: Component 'wallpapers' variant[0] references missing file: wallpapers/Delta v1/casey-horner-NIIVU-unsplash.jpg
2026-05-30 12:30:25,296 [WARNING] ThemeLauncher: Component 'wallpapers' variant[1] references missing file: wallpapers/Delta v1/daniel-mirlea-NIIVU-unsplash.jpg
2026-05-30 12:30:25,296 [WARNING] ThemeLauncher: Component 'wallpapers' variant[2] references missing file: wallpapers/Delta v1/joshua-earle-NIIVU-unsplash.jpg
2026-05-30 12:30:25,297 [WARNING] ThemeLauncher: Component 'wallpapers' variant[3] references missing file: wallpapers/Delta v1/petr-slovacek-NIIVU-unsplash.jpg
2026-05-30 12:30:25,297 [WARNING] ThemeLauncher: Component 'wallpapers' variant[4] references missing file: wallpapers/Delta v1/waves.jpeg
2026-05-30 12:30:25,297 [WARNING] ThemeLauncher: Component 'wallpapers' variant[5] references missing file: wallpapers/Delta v1/foggy.jpeg
2026-05-30 12:30:25,297 [WARNING] ThemeLauncher: Component 'wallpapers' variant[6] references missing file: wallpapers/Delta v1/geo.jpeg
2026-05-30 12:30:25,297 [WARNING] ThemeLauncher: Component 'wallpapers' variant[7] references missing file: wallpapers/Delta v1/nebula.jpeg
2026-05-30 12:30:25,297 [WARNING] ThemeLauncher: Component 'wallpapers' variant[8] references missing file: wallpapers/Delta v1/waterfall.jpeg
2026-05-30 12:30:25,297 [WARNING] ThemeLauncher: Component 'wallpapers' variant[9] references missing file: wallpapers/Delta v1/drip.jpeg
2026-05-30 12:30:25,297 [WARNING] ThemeLauncher: Unknown component type 'basebrd' in manifest
2026-05-30 12:30:25,297 [INFO] ThemeLauncher: Loaded theme: Delta v1
2026-05-30 12:30:25,298 [WARNING] ThemeLauncher: Unknown component type 'basebrd' in manifest
2026-05-30 12:30:25,298 [INFO] ThemeLauncher: Loaded theme: Delta v2
2026-05-30 12:30:25,298 [WARNING] ThemeLauncher: Component 'msstyles' variant[0] references missing file: msstyles/MAC/DRK 25 MAC.msstyles
2026-05-30 12:30:25,298 [WARNING] ThemeLauncher: Component 'msstyles' variant[1] references missing file: msstyles/MAC/DRK 25 MAC - dark.msstyles
2026-05-30 12:30:25,298 [WARNING] ThemeLauncher: Component 'msstyles' variant[2] references missing file: msstyles/MAC/DRK 25 MAC - light.msstyles
2026-05-30 12:30:25,298 [WARNING] ThemeLauncher: Component 'msstyles' variant[3] references missing file: msstyles/SQR/DRK 25 SQR.msstyles
2026-05-30 12:30:25,298 [WARNING] ThemeLauncher: Component 'msstyles' variant[4] references missing file: msstyles/SQR/DRK 25 SQR - dark.msstyles
2026-05-30 12:30:25,299 [WARNING] ThemeLauncher: Component 'msstyles' variant[5] references missing file: msstyles/SQR/DRK 25 SQR - light.msstyles
2026-05-30 12:30:25,299 [WARNING] ThemeLauncher: Component 'themes' variant[0] references missing file: themes/MAC/DRK 25 MAC.theme
2026-05-30 12:30:25,299 [WARNING] ThemeLauncher: Component 'themes' variant[1] references missing file: themes/MAC/DRK 25 MAC - Dark.theme
2026-05-30 12:30:25,299 [WARNING] ThemeLauncher: Component 'themes' variant[2] references missing file: themes/MAC/DRK 25 MAC - Light.theme
2026-05-30 12:30:25,299 [WARNING] ThemeLauncher: Component 'themes' variant[3] references missing file: themes/SQR/DRK 25 SQR.theme
2026-05-30 12:30:25,299 [WARNING] ThemeLauncher: Component 'themes' variant[4] references missing file: themes/SQR/DRK 25 SQR - Dark.theme
2026-05-30 12:30:25,299 [WARNING] ThemeLauncher: Component 'themes' variant[5] references missing file: themes/SQR/DRK 25 SQR - Light.theme
2026-05-30 12:30:25,299 [WARNING] ThemeLauncher: Component 'themes' variant[6] references missing file: themes/WIN/DRK 25 WIN.theme
2026-05-30 12:30:25,299 [WARNING] ThemeLauncher: Component 'themes' variant[7] references missing file: themes/WIN/DRK 25 WIN - Dark.theme
2026-05-30 12:30:25,299 [WARNING] ThemeLauncher: Component 'themes' variant[8] references missing file: themes/WIN/DRK 25 WIN - Light.theme
2026-05-30 12:30:25,300 [INFO] ThemeLauncher: Loaded theme: DRK 25
2026-05-30 12:30:25,300 [WARNING] ThemeLauncher: Skipping Extras: No manifest.json found in C:\\Users\\kyleh\\.gemini\\Themes\Extras
2026-05-30 12:30:25,301 [INFO] ThemeLauncher: Loaded theme: Gruvbox
2026-05-30 12:30:25,301 [INFO] ThemeLauncher: Loaded theme: iWin
2026-05-30 12:30:25,302 [INFO] ThemeLauncher: Loaded theme: Janguru
2026-05-30 12:30:25,302 [WARNING] ThemeLauncher: Folder component 'windhawk' has no 'path' key — may fail to apply
2026-05-30 12:30:25,302 [INFO] ThemeLauncher: Loaded theme: Japan 26
2026-05-30 12:30:25,303 [INFO] ThemeLauncher: Loaded theme: Kanagawa
2026-05-30 12:30:25,304 [INFO] ThemeLauncher: Loaded theme: Kripton
2026-05-30 12:30:25,305 [INFO] ThemeLauncher: Loaded theme: Night Owl
2026-05-30 12:30:25,306 [WARNING] ThemeLauncher: Component 'themes' variant[0] references missing file: themes/Paranoid Android - LUV - dark.theme
2026-05-30 12:30:25,306 [WARNING] ThemeLauncher: Component 'themes' variant[1] references missing file: themes/Paranoid Android - LUV - light.theme
2026-05-30 12:30:25,306 [WARNING] ThemeLauncher: Component 'themes' variant[2] references missing file: themes/Paranoid Android - LUV - night.theme
2026-05-30 12:30:25,306 [WARNING] ThemeLauncher: Component 'themes' variant[3] references missing file: themes/Paranoid Android - Nebula - dark.theme
2026-05-30 12:30:25,306 [WARNING] ThemeLauncher: Component 'themes' variant[4] references missing file: themes/Paranoid Android - Nebula - light.theme
2026-05-30 12:30:25,306 [WARNING] ThemeLauncher: Component 'themes' variant[5] references missing file: themes/Paranoid Android - Nebula - night.theme
2026-05-30 12:30:25,306 [WARNING] ThemeLauncher: Component 'themes' variant[6] references missing file: themes/Paranoid Android - Sweet - dark.theme
2026-05-30 12:30:25,306 [WARNING] ThemeLauncher: Component 'themes' variant[7] references missing file: themes/Paranoid Android - Sweet - light.theme
2026-05-30 12:30:25,306 [WARNING] ThemeLauncher: Component 'themes' variant[8] references missing file: themes/Paranoid Android - Sweet - night.theme
2026-05-30 12:30:25,306 [WARNING] ThemeLauncher: Component 'startorb' variant[0] references missing file: orbs/Paranoid Start Orb.svg
2026-05-30 12:30:25,306 [WARNING] ThemeLauncher: Component 'startorb' variant[1] references missing file: orbs/StartAllBack explorer.png
2026-05-30 12:30:25,307 [WARNING] ThemeLauncher: Component 'startorb' variant[2] references missing file: orbs/StartAllBack taskbar.png
2026-05-30 12:30:25,307 [INFO] ThemeLauncher: Loaded theme: Paranoid Android
2026-05-30 12:30:25,307 [INFO] ThemeLauncher: Loaded theme: Retro
2026-05-30 12:30:25,308 [WARNING] ThemeLauncher: Component 'cursors' references missing path: cursors
2026-05-30 12:30:25,308 [INFO] ThemeLauncher: Loaded theme: Rose Pine
2026-05-30 12:30:25,309 [INFO] ThemeLauncher: Loaded theme: Solarized
2026-05-30 12:30:25,309 [WARNING] ThemeLauncher: Component 'themes' variant[0] references missing file: themes/SynthWave '84 dark - luv.theme
2026-05-30 12:30:25,309 [WARNING] ThemeLauncher: Component 'themes' variant[1] references missing file: themes/SynthWave '84 dark - mac.theme
2026-05-30 12:30:25,309 [WARNING] ThemeLauncher: Component 'themes' variant[2] references missing file: themes/SynthWave '84 dark - mac gloss.theme
2026-05-30 12:30:25,309 [WARNING] ThemeLauncher: Component 'themes' variant[3] references missing file: themes/SynthWave '84 dark - nude.theme
2026-05-30 12:30:25,310 [WARNING] ThemeLauncher: Component 'themes' variant[4] references missing file: themes/SynthWave '84 night - luv.theme
2026-05-30 12:30:25,310 [WARNING] ThemeLauncher: Component 'themes' variant[5] references missing file: themes/SynthWave '84 night - mac.theme
2026-05-30 12:30:25,310 [WARNING] ThemeLauncher: Component 'themes' variant[6] references missing file: themes/SynthWave '84 night - mac gloss.theme
2026-05-30 12:30:25,310 [WARNING] ThemeLauncher: Component 'themes' variant[7] references missing file: themes/SynthWave '84 night - nude.theme
2026-05-30 12:30:25,310 [INFO] ThemeLauncher: Loaded theme: SynthWave '84
2026-05-30 12:30:25,311 [WARNING] ThemeLauncher: Component 'themes' variant[0] references missing file: themes/Tokyo Dark Night Circle Fill NA.theme
2026-05-30 12:30:25,311 [WARNING] ThemeLauncher: Component 'themes' variant[8] references missing file: themes/Tokyo Dark Storm Circle Fill NA.theme
2026-05-30 12:30:25,312 [INFO] ThemeLauncher: Loaded theme: Tokyo Night
2026-05-30 12:30:25,312 [INFO] ThemeLauncher: Discovered 18 theme(s)
2026-05-30 12:30:25,312 [INFO] ThemeLauncher: Windows Update Resilience Monitor active
2026-05-30 12:30:25,313 [INFO] ThemeLauncher: Scheduled Theme Switcher active
2026-05-30 12:30:27,128 [INFO] ThemeLauncher: Status: Selected: Japan 26
2026-05-30 12:30:27,128 [INFO] ThemeLauncher: Theme Launcher UI ready
2026-05-30 12:32:08,363 [INFO] ThemeLauncher: Status: Importing theme...
2026-05-30 12:32:44,779 [INFO] ThemeLauncher: Status: Restoring system defaults...
2026-05-30 12:32:44,812 [INFO] ThemeLauncher: Status: Restoring via Smart Rollback...
2026-05-30 12:32:45,495 [INFO] ThemeLauncher: Status: System defaults restored via Smart Rollback
2026-05-30 12:32:45,495 [INFO] ThemeLauncher: ThemeColors: palette updated — broadcasting to 8 listener(s)
2026-05-30 12:59:41,571 [INFO] ThemeLauncher: Theme scheduler stopped
2026-05-30 12:59:41,571 [INFO] ThemeLauncher: Theme Launcher closed
2026-05-30 15:01:07,914 [WARNING] ThemeLauncher: Skipping .vscode: No manifest.json found in C:\\Users\\kyleh\\.gemini\\Themes\.vscode
2026-05-30 15:01:07,915 [WARNING] ThemeLauncher: Component 'themes' variant[0] references missing file: themes/Black-DASH.theme
2026-05-30 15:01:07,916 [WARNING] ThemeLauncher: Component 'themes' variant[1] references missing file: themes/Black-DOTS.theme
2026-05-30 15:01:07,916 [WARNING] ThemeLauncher: Component 'themes' variant[2] references missing file: themes/Black-LIN.theme
2026-05-30 15:01:07,916 [WARNING] ThemeLauncher: Component 'themes' variant[3] references missing file: themes/Black-Mac.theme
2026-05-30 15:01:07,916 [WARNING] ThemeLauncher: Component 'themes' variant[4] references missing file: themes/Black-NU.theme
2026-05-30 15:01:07,916 [WARNING] ThemeLauncher: Component 'themes' variant[5] references missing file: themes/Black-Round.theme
2026-05-30 15:01:07,916 [WARNING] ThemeLauncher: Component 'themes' variant[6] references missing file: themes/Black-SLASH.theme
2026-05-30 15:01:07,916 [WARNING] ThemeLauncher: Component 'themes' variant[7] references missing file: themes/Black-Win.theme
2026-05-30 15:01:07,916 [WARNING] ThemeLauncher: Component 'themes' variant[8] references missing file: themes/Dark-DASH.theme
2026-05-30 15:01:07,916 [WARNING] ThemeLauncher: Component 'themes' variant[9] references missing file: themes/Dark-DOTS.theme
2026-05-30 15:01:07,917 [WARNING] ThemeLauncher: Component 'themes' variant[10] references missing file: themes/Dark-LIN.theme
2026-05-30 15:01:07,917 [WARNING] ThemeLauncher: Component 'themes' variant[11] references missing file: themes/Dark-Mac.theme
2026-05-30 15:01:07,917 [WARNING] ThemeLauncher: Component 'themes' variant[12] references missing file: themes/Dark-NU.theme
2026-05-30 15:01:07,917 [WARNING] ThemeLauncher: Component 'themes' variant[13] references missing file: themes/Dark-Round.theme
2026-05-30 15:01:07,917 [WARNING] ThemeLauncher: Component 'themes' variant[14] references missing file: themes/Dark-SLASH.theme
2026-05-30 15:01:07,917 [WARNING] ThemeLauncher: Component 'themes' variant[15] references missing file: themes/Dark-Win.theme
2026-05-30 15:01:07,917 [INFO] ThemeLauncher: Loaded theme: BlackIsBack
2026-05-30 15:01:07,917 [INFO] ThemeLauncher: Loaded theme: Buuf OS2
2026-05-30 15:01:07,918 [WARNING] ThemeLauncher: Component 'wallpapers' variant[0] references missing file: wallpapers/Delta v1/casey-horner-NIIVU-unsplash.jpg
2026-05-30 15:01:07,918 [WARNING] ThemeLauncher: Component 'wallpapers' variant[1] references missing file: wallpapers/Delta v1/daniel-mirlea-NIIVU-unsplash.jpg
2026-05-30 15:01:07,918 [WARNING] ThemeLauncher: Component 'wallpapers' variant[2] references missing file: wallpapers/Delta v1/joshua-earle-NIIVU-unsplash.jpg
2026-05-30 15:01:07,918 [WARNING] ThemeLauncher: Component 'wallpapers' variant[3] references missing file: wallpapers/Delta v1/petr-slovacek-NIIVU-unsplash.jpg
2026-05-30 15:01:07,918 [WARNING] ThemeLauncher: Component 'wallpapers' variant[4] references missing file: wallpapers/Delta v1/waves.jpeg
2026-05-30 15:01:07,918 [WARNING] ThemeLauncher: Component 'wallpapers' variant[5] references missing file: wallpapers/Delta v1/foggy.jpeg
2026-05-30 15:01:07,918 [WARNING] ThemeLauncher: Component 'wallpapers' variant[6] references missing file: wallpapers/Delta v1/geo.jpeg
2026-05-30 15:01:07,918 [WARNING] ThemeLauncher: Component 'wallpapers' variant[7] references missing file: wallpapers/Delta v1/nebula.jpeg
2026-05-30 15:01:07,918 [WARNING] ThemeLauncher: Component 'wallpapers' variant[8] references missing file: wallpapers/Delta v1/waterfall.jpeg
2026-05-30 15:01:07,918 [WARNING] ThemeLauncher: Component 'wallpapers' variant[9] references missing file: wallpapers/Delta v1/drip.jpeg
2026-05-30 15:01:07,918 [WARNING] ThemeLauncher: Unknown component type 'basebrd' in manifest
2026-05-30 15:01:07,920 [INFO] ThemeLauncher: Loaded theme: Delta v1
2026-05-30 15:01:07,920 [WARNING] ThemeLauncher: Unknown component type 'basebrd' in manifest
2026-05-30 15:01:07,920 [INFO] ThemeLauncher: Loaded theme: Delta v2
2026-05-30 15:01:07,921 [WARNING] ThemeLauncher: Component 'msstyles' variant[0] references missing file: msstyles/MAC/DRK 25 MAC.msstyles
2026-05-30 15:01:07,921 [WARNING] ThemeLauncher: Component 'msstyles' variant[1] references missing file: msstyles/MAC/DRK 25 MAC - dark.msstyles
2026-05-30 15:01:07,921 [WARNING] ThemeLauncher: Component 'msstyles' variant[2] references missing file: msstyles/MAC/DRK 25 MAC - light.msstyles
2026-05-30 15:01:07,921 [WARNING] ThemeLauncher: Component 'msstyles' variant[3] references missing file: msstyles/SQR/DRK 25 SQR.msstyles
2026-05-30 15:01:07,921 [WARNING] ThemeLauncher: Component 'msstyles' variant[4] references missing file: msstyles/SQR/DRK 25 SQR - dark.msstyles
2026-05-30 15:01:07,921 [WARNING] ThemeLauncher: Component 'msstyles' variant[5] references missing file: msstyles/SQR/DRK 25 SQR - light.msstyles
2026-05-30 15:01:07,921 [WARNING] ThemeLauncher: Component 'themes' variant[0] references missing file: themes/MAC/DRK 25 MAC.theme
2026-05-30 15:01:07,921 [WARNING] ThemeLauncher: Component 'themes' variant[1] references missing file: themes/MAC/DRK 25 MAC - Dark.theme
2026-05-30 15:01:07,921 [WARNING] ThemeLauncher: Component 'themes' variant[2] references missing file: themes/MAC/DRK 25 MAC - Light.theme
2026-05-30 15:01:07,921 [WARNING] ThemeLauncher: Component 'themes' variant[3] references missing file: themes/SQR/DRK 25 SQR.theme
2026-05-30 15:01:07,921 [WARNING] ThemeLauncher: Component 'themes' variant[4] references missing file: themes/SQR/DRK 25 SQR - Dark.theme
2026-05-30 15:01:07,921 [WARNING] ThemeLauncher: Component 'themes' variant[5] references missing file: themes/SQR/DRK 25 SQR - Light.theme
2026-05-30 15:01:07,921 [WARNING] ThemeLauncher: Component 'themes' variant[6] references missing file: themes/WIN/DRK 25 WIN.theme
2026-05-30 15:01:07,921 [WARNING] ThemeLauncher: Component 'themes' variant[7] references missing file: themes/WIN/DRK 25 WIN - Dark.theme
2026-05-30 15:01:07,922 [WARNING] ThemeLauncher: Component 'themes' variant[8] references missing file: themes/WIN/DRK 25 WIN - Light.theme
2026-05-30 15:01:07,922 [INFO] ThemeLauncher: Loaded theme: DRK 25
2026-05-30 15:01:07,922 [WARNING] ThemeLauncher: Skipping Extras: No manifest.json found in C:\\Users\\kyleh\\.gemini\\Themes\Extras
2026-05-30 15:01:07,923 [INFO] ThemeLauncher: Loaded theme: Gruvbox
2026-05-30 15:01:07,924 [INFO] ThemeLauncher: Loaded theme: iWin
2026-05-30 15:01:07,924 [INFO] ThemeLauncher: Loaded theme: Janguru
2026-05-30 15:01:07,925 [WARNING] ThemeLauncher: Folder component 'windhawk' has no 'path' key — may fail to apply
2026-05-30 15:01:07,925 [INFO] ThemeLauncher: Loaded theme: Japan 26
2026-05-30 15:01:07,927 [INFO] ThemeLauncher: Loaded theme: Kanagawa
2026-05-30 15:01:07,930 [INFO] ThemeLauncher: Loaded theme: Kripton
2026-05-30 15:01:07,931 [INFO] ThemeLauncher: Loaded theme: Night Owl
2026-05-30 15:01:07,931 [WARNING] ThemeLauncher: Component 'themes' variant[0] references missing file: themes/Paranoid Android - LUV - dark.theme
2026-05-30 15:01:07,931 [WARNING] ThemeLauncher: Component 'themes' variant[1] references missing file: themes/Paranoid Android - LUV - light.theme
2026-05-30 15:01:07,931 [WARNING] ThemeLauncher: Component 'themes' variant[2] references missing file: themes/Paranoid Android - LUV - night.theme
2026-05-30 15:01:07,932 [WARNING] ThemeLauncher: Component 'themes' variant[3] references missing file: themes/Paranoid Android - Nebula - dark.theme
2026-05-30 15:01:07,932 [WARNING] ThemeLauncher: Component 'themes' variant[4] references missing file: themes/Paranoid Android - Nebula - light.theme
2026-05-30 15:01:07,932 [WARNING] ThemeLauncher: Component 'themes' variant[5] references missing file: themes/Paranoid Android - Nebula - night.theme
2026-05-30 15:01:07,932 [WARNING] ThemeLauncher: Component 'themes' variant[6] references missing file: themes/Paranoid Android - Sweet - dark.theme
2026-05-30 15:01:07,932 [WARNING] ThemeLauncher: Component 'themes' variant[7] references missing file: themes/Paranoid Android - Sweet - light.theme
2026-05-30 15:01:07,932 [WARNING] ThemeLauncher: Component 'themes' variant[8] references missing file: themes/Paranoid Android - Sweet - night.theme
2026-05-30 15:01:07,932 [WARNING] ThemeLauncher: Component 'startorb' variant[0] references missing file: orbs/Paranoid Start Orb.svg
2026-05-30 15:01:07,932 [WARNING] ThemeLauncher: Component 'startorb' variant[1] references missing file: orbs/StartAllBack explorer.png
2026-05-30 15:01:07,932 [WARNING] ThemeLauncher: Component 'startorb' variant[2] references missing file: orbs/StartAllBack taskbar.png
2026-05-30 15:01:07,932 [INFO] ThemeLauncher: Loaded theme: Paranoid Android
2026-05-30 15:01:07,932 [INFO] ThemeLauncher: Loaded theme: Retro
2026-05-30 15:01:07,933 [WARNING] ThemeLauncher: Component 'cursors' references missing path: cursors
2026-05-30 15:01:07,933 [INFO] ThemeLauncher: Loaded theme: Rose Pine
2026-05-30 15:01:07,936 [INFO] ThemeLauncher: Loaded theme: Solarized
2026-05-30 15:01:07,937 [WARNING] ThemeLauncher: Component 'themes' variant[0] references missing file: themes/SynthWave '84 dark - luv.theme
2026-05-30 15:01:07,937 [WARNING] ThemeLauncher: Component 'themes' variant[1] references missing file: themes/SynthWave '84 dark - mac.theme
2026-05-30 15:01:07,937 [WARNING] ThemeLauncher: Component 'themes' variant[2] references missing file: themes/SynthWave '84 dark - mac gloss.theme
2026-05-30 15:01:07,937 [WARNING] ThemeLauncher: Component 'themes' variant[3] references missing file: themes/SynthWave '84 dark - nude.theme
2026-05-30 15:01:07,937 [WARNING] ThemeLauncher: Component 'themes' variant[4] references missing file: themes/SynthWave '84 night - luv.theme
2026-05-30 15:01:07,937 [WARNING] ThemeLauncher: Component 'themes' variant[5] references missing file: themes/SynthWave '84 night - mac.theme
2026-05-30 15:01:07,937 [WARNING] ThemeLauncher: Component 'themes' variant[6] references missing file: themes/SynthWave '84 night - mac gloss.theme
2026-05-30 15:01:07,937 [WARNING] ThemeLauncher: Component 'themes' variant[7] references missing file: themes/SynthWave '84 night - nude.theme
2026-05-30 15:01:07,937 [INFO] ThemeLauncher: Loaded theme: SynthWave '84
2026-05-30 15:01:07,938 [WARNING] ThemeLauncher: Component 'themes' variant[0] references missing file: themes/Tokyo Dark Night Circle Fill NA.theme
2026-05-30 15:01:07,938 [WARNING] ThemeLauncher: Component 'themes' variant[8] references missing file: themes/Tokyo Dark Storm Circle Fill NA.theme
2026-05-30 15:01:07,939 [INFO] ThemeLauncher: Loaded theme: Tokyo Night
2026-05-30 15:04:32,974 [WARNING] ThemeLauncher: Skipping .vscode: No manifest.json found in C:\\Users\\kyleh\\.gemini\\Themes\.vscode
2026-05-30 15:04:32,976 [WARNING] ThemeLauncher: Component 'themes' variant[0] references missing file: themes/Black-DASH.theme
2026-05-30 15:04:32,976 [WARNING] ThemeLauncher: Component 'themes' variant[1] references missing file: themes/Black-DOTS.theme
2026-05-30 15:04:32,976 [WARNING] ThemeLauncher: Component 'themes' variant[2] references missing file: themes/Black-LIN.theme
2026-05-30 15:04:32,976 [WARNING] ThemeLauncher: Component 'themes' variant[3] references missing file: themes/Black-Mac.theme
2026-05-30 15:04:32,976 [WARNING] ThemeLauncher: Component 'themes' variant[4] references missing file: themes/Black-NU.theme
2026-05-30 15:04:32,976 [WARNING] ThemeLauncher: Component 'themes' variant[5] references missing file: themes/Black-Round.theme
2026-05-30 15:04:32,976 [WARNING] ThemeLauncher: Component 'themes' variant[6] references missing file: themes/Black-SLASH.theme
2026-05-30 15:04:32,976 [WARNING] ThemeLauncher: Component 'themes' variant[7] references missing file: themes/Black-Win.theme
2026-05-30 15:04:32,976 [WARNING] ThemeLauncher: Component 'themes' variant[8] references missing file: themes/Dark-DASH.theme
2026-05-30 15:04:32,976 [WARNING] ThemeLauncher: Component 'themes' variant[9] references missing file: themes/Dark-DOTS.theme
2026-05-30 15:04:32,976 [WARNING] ThemeLauncher: Component 'themes' variant[10] references missing file: themes/Dark-LIN.theme
2026-05-30 15:04:32,976 [WARNING] ThemeLauncher: Component 'themes' variant[11] references missing file: themes/Dark-Mac.theme
2026-05-30 15:04:32,976 [WARNING] ThemeLauncher: Component 'themes' variant[12] references missing file: themes/Dark-NU.theme
2026-05-30 15:04:32,976 [WARNING] ThemeLauncher: Component 'themes' variant[13] references missing file: themes/Dark-Round.theme
2026-05-30 15:04:32,976 [WARNING] ThemeLauncher: Component 'themes' variant[14] references missing file: themes/Dark-SLASH.theme
2026-05-30 15:04:32,976 [WARNING] ThemeLauncher: Component 'themes' variant[15] references missing file: themes/Dark-Win.theme
2026-05-30 15:04:32,976 [INFO] ThemeLauncher: Loaded theme: BlackIsBack
2026-05-30 15:04:32,977 [INFO] ThemeLauncher: Loaded theme: Buuf OS2
2026-05-30 15:04:32,977 [WARNING] ThemeLauncher: Component 'wallpapers' variant[0] references missing file: wallpapers/Delta v1/casey-horner-NIIVU-unsplash.jpg
2026-05-30 15:04:32,977 [WARNING] ThemeLauncher: Component 'wallpapers' variant[1] references missing file: wallpapers/Delta v1/daniel-mirlea-NIIVU-unsplash.jpg
2026-05-30 15:04:32,977 [WARNING] ThemeLauncher: Component 'wallpapers' variant[2] references missing file: wallpapers/Delta v1/joshua-earle-NIIVU-unsplash.jpg
2026-05-30 15:04:32,977 [WARNING] ThemeLauncher: Component 'wallpapers' variant[3] references missing file: wallpapers/Delta v1/petr-slovacek-NIIVU-unsplash.jpg
2026-05-30 15:04:32,977 [WARNING] ThemeLauncher: Component 'wallpapers' variant[4] references missing file: wallpapers/Delta v1/waves.jpeg
2026-05-30 15:04:32,977 [WARNING] ThemeLauncher: Component 'wallpapers' variant[5] references missing file: wallpapers/Delta v1/foggy.jpeg
2026-05-30 15:04:32,977 [WARNING] ThemeLauncher: Component 'wallpapers' variant[6] references missing file: wallpapers/Delta v1/geo.jpeg
2026-05-30 15:04:32,977 [WARNING] ThemeLauncher: Component 'wallpapers' variant[7] references missing file: wallpapers/Delta v1/nebula.jpeg
2026-05-30 15:04:32,977 [WARNING] ThemeLauncher: Component 'wallpapers' variant[8] references missing file: wallpapers/Delta v1/waterfall.jpeg
2026-05-30 15:04:32,977 [WARNING] ThemeLauncher: Component 'wallpapers' variant[9] references missing file: wallpapers/Delta v1/drip.jpeg
2026-05-30 15:04:32,977 [INFO] ThemeLauncher: Loaded theme: Delta v1
2026-05-30 15:04:32,979 [INFO] ThemeLauncher: Loaded theme: Delta v2
2026-05-30 15:04:32,979 [WARNING] ThemeLauncher: Component 'msstyles' variant[0] references missing file: msstyles/MAC/DRK 25 MAC.msstyles
2026-05-30 15:04:32,979 [WARNING] ThemeLauncher: Component 'msstyles' variant[1] references missing file: msstyles/MAC/DRK 25 MAC - dark.msstyles
2026-05-30 15:04:32,979 [WARNING] ThemeLauncher: Component 'msstyles' variant[2] references missing file: msstyles/MAC/DRK 25 MAC - light.msstyles
2026-05-30 15:04:32,980 [WARNING] ThemeLauncher: Component 'msstyles' variant[3] references missing file: msstyles/SQR/DRK 25 SQR.msstyles
2026-05-30 15:04:32,980 [WARNING] ThemeLauncher: Component 'msstyles' variant[4] references missing file: msstyles/SQR/DRK 25 SQR - dark.msstyles
2026-05-30 15:04:32,980 [WARNING] ThemeLauncher: Component 'msstyles' variant[5] references missing file: msstyles/SQR/DRK 25 SQR - light.msstyles
2026-05-30 15:04:32,981 [WARNING] ThemeLauncher: Component 'themes' variant[0] references missing file: themes/MAC/DRK 25 MAC.theme
2026-05-30 15:04:32,981 [WARNING] ThemeLauncher: Component 'themes' variant[1] references missing file: themes/MAC/DRK 25 MAC - Dark.theme
2026-05-30 15:04:32,981 [WARNING] ThemeLauncher: Component 'themes' variant[2] references missing file: themes/MAC/DRK 25 MAC - Light.theme
2026-05-30 15:04:32,981 [WARNING] ThemeLauncher: Component 'themes' variant[3] references missing file: themes/SQR/DRK 25 SQR.theme
2026-05-30 15:04:32,981 [WARNING] ThemeLauncher: Component 'themes' variant[4] references missing file: themes/SQR/DRK 25 SQR - Dark.theme
2026-05-30 15:04:32,981 [WARNING] ThemeLauncher: Component 'themes' variant[5] references missing file: themes/SQR/DRK 25 SQR - Light.theme
2026-05-30 15:04:32,981 [WARNING] ThemeLauncher: Component 'themes' variant[6] references missing file: themes/WIN/DRK 25 WIN.theme
2026-05-30 15:04:32,981 [WARNING] ThemeLauncher: Component 'themes' variant[7] references missing file: themes/WIN/DRK 25 WIN - Dark.theme
2026-05-30 15:04:32,981 [WARNING] ThemeLauncher: Component 'themes' variant[8] references missing file: themes/WIN/DRK 25 WIN - Light.theme
2026-05-30 15:04:32,982 [INFO] ThemeLauncher: Loaded theme: DRK 25
2026-05-30 15:04:32,982 [WARNING] ThemeLauncher: Skipping Extras: No manifest.json found in C:\\Users\\kyleh\\.gemini\\Themes\Extras
2026-05-30 15:04:32,982 [INFO] ThemeLauncher: Loaded theme: Gruvbox
2026-05-30 15:04:32,984 [INFO] ThemeLauncher: Loaded theme: iWin
2026-05-30 15:04:32,985 [INFO] ThemeLauncher: Loaded theme: Janguru
2026-05-30 15:04:32,985 [WARNING] ThemeLauncher: Folder component 'windhawk' has no 'path' key — may fail to apply
2026-05-30 15:04:32,985 [INFO] ThemeLauncher: Loaded theme: Japan 26
2026-05-30 15:04:32,986 [INFO] ThemeLauncher: Loaded theme: Kanagawa
2026-05-30 15:04:32,986 [INFO] ThemeLauncher: Loaded theme: Kripton
2026-05-30 15:04:32,988 [INFO] ThemeLauncher: Loaded theme: Night Owl
2026-05-30 15:04:32,988 [WARNING] ThemeLauncher: Component 'themes' variant[0] references missing file: themes/Paranoid Android - LUV - dark.theme
2026-05-30 15:04:32,990 [WARNING] ThemeLauncher: Component 'themes' variant[1] references missing file: themes/Paranoid Android - LUV - light.theme
2026-05-30 15:04:32,990 [WARNING] ThemeLauncher: Component 'themes' variant[2] references missing file: themes/Paranoid Android - LUV - night.theme
2026-05-30 15:04:32,990 [WARNING] ThemeLauncher: Component 'themes' variant[3] references missing file: themes/Paranoid Android - Nebula - dark.theme
2026-05-30 15:04:32,990 [WARNING] ThemeLauncher: Component 'themes' variant[4] references missing file: themes/Paranoid Android - Nebula - light.theme
2026-05-30 15:04:32,990 [WARNING] ThemeLauncher: Component 'themes' variant[5] references missing file: themes/Paranoid Android - Nebula - night.theme
2026-05-30 15:04:32,990 [WARNING] ThemeLauncher: Component 'themes' variant[6] references missing file: themes/Paranoid Android - Sweet - dark.theme
2026-05-30 15:04:32,990 [WARNING] ThemeLauncher: Component 'themes' variant[7] references missing file: themes/Paranoid Android - Sweet - light.theme
2026-05-30 15:04:32,990 [WARNING] ThemeLauncher: Component 'themes' variant[8] references missing file: themes/Paranoid Android - Sweet - night.theme
2026-05-30 15:04:32,990 [WARNING] ThemeLauncher: Component 'startorb' variant[0] references missing file: orbs/Paranoid Start Orb.svg
2026-05-30 15:04:32,990 [WARNING] ThemeLauncher: Component 'startorb' variant[1] references missing file: orbs/StartAllBack explorer.png
2026-05-30 15:04:32,990 [WARNING] ThemeLauncher: Component 'startorb' variant[2] references missing file: orbs/StartAllBack taskbar.png
2026-05-30 15:04:32,990 [INFO] ThemeLauncher: Loaded theme: Paranoid Android
2026-05-30 15:04:32,990 [INFO] ThemeLauncher: Loaded theme: Retro
2026-05-30 15:04:32,992 [WARNING] ThemeLauncher: Component 'cursors' references missing path: cursors
2026-05-30 15:04:32,992 [INFO] ThemeLauncher: Loaded theme: Rose Pine
2026-05-30 15:04:32,993 [INFO] ThemeLauncher: Loaded theme: Solarized
2026-05-30 15:04:32,994 [WARNING] ThemeLauncher: Component 'themes' variant[0] references missing file: themes/SynthWave '84 dark - luv.theme
2026-05-30 15:04:32,994 [WARNING] ThemeLauncher: Component 'themes' variant[1] references missing file: themes/SynthWave '84 dark - mac.theme
2026-05-30 15:04:32,994 [WARNING] ThemeLauncher: Component 'themes' variant[2] references missing file: themes/SynthWave '84 dark - mac gloss.theme
2026-05-30 15:04:32,994 [WARNING] ThemeLauncher: Component 'themes' variant[3] references missing file: themes/SynthWave '84 dark - nude.theme
2026-05-30 15:04:32,994 [WARNING] ThemeLauncher: Component 'themes' variant[4] references missing file: themes/SynthWave '84 night - luv.theme
2026-05-30 15:04:32,994 [WARNING] ThemeLauncher: Component 'themes' variant[5] references missing file: themes/SynthWave '84 night - mac.theme
2026-05-30 15:04:32,994 [WARNING] ThemeLauncher: Component 'themes' variant[6] references missing file: themes/SynthWave '84 night - mac gloss.theme
2026-05-30 15:04:32,994 [WARNING] ThemeLauncher: Component 'themes' variant[7] references missing file: themes/SynthWave '84 night - nude.theme
2026-05-30 15:04:32,994 [INFO] ThemeLauncher: Loaded theme: SynthWave '84
2026-05-30 15:04:32,995 [WARNING] ThemeLauncher: Component 'themes' variant[0] references missing file: themes/Tokyo Dark Night Circle Fill NA.theme
2026-05-30 15:04:32,996 [WARNING] ThemeLauncher: Component 'themes' variant[8] references missing file: themes/Tokyo Dark Storm Circle Fill NA.theme
2026-05-30 15:04:32,996 [INFO] ThemeLauncher: Loaded theme: Tokyo Night
2026-05-30 15:10:35,400 [WARNING] ThemeLauncher: Skipping .vscode: No manifest.json found in C:\\Users\\kyleh\\.gemini\\Themes\.vscode
2026-05-30 15:10:35,400 [WARNING] ThemeLauncher: Component 'themes' variant[0] references missing file: themes/Black-DASH.theme
2026-05-30 15:10:35,400 [WARNING] ThemeLauncher: Component 'themes' variant[1] references missing file: themes/Black-DOTS.theme
2026-05-30 15:10:35,400 [WARNING] ThemeLauncher: Component 'themes' variant[2] references missing file: themes/Black-LIN.theme
2026-05-30 15:10:35,401 [WARNING] ThemeLauncher: Component 'themes' variant[3] references missing file: themes/Black-Mac.theme
2026-05-30 15:10:35,401 [WARNING] ThemeLauncher: Component 'themes' variant[4] references missing file: themes/Black-NU.theme
2026-05-30 15:10:35,401 [WARNING] ThemeLauncher: Component 'themes' variant[5] references missing file: themes/Black-Round.theme
2026-05-30 15:10:35,401 [WARNING] ThemeLauncher: Component 'themes' variant[6] references missing file: themes/Black-SLASH.theme
2026-05-30 15:10:35,401 [WARNING] ThemeLauncher: Component 'themes' variant[7] references missing file: themes/Black-Win.theme
2026-05-30 15:10:35,401 [WARNING] ThemeLauncher: Component 'themes' variant[8] references missing file: themes/Dark-DASH.theme
2026-05-30 15:10:35,401 [WARNING] ThemeLauncher: Component 'themes' variant[9] references missing file: themes/Dark-DOTS.theme
2026-05-30 15:10:35,401 [WARNING] ThemeLauncher: Component 'themes' variant[10] references missing file: themes/Dark-LIN.theme
2026-05-30 15:10:35,401 [WARNING] ThemeLauncher: Component 'themes' variant[11] references missing file: themes/Dark-Mac.theme
2026-05-30 15:10:35,401 [WARNING] ThemeLauncher: Component 'themes' variant[12] references missing file: themes/Dark-NU.theme
2026-05-30 15:10:35,401 [WARNING] ThemeLauncher: Component 'themes' variant[13] references missing file: themes/Dark-Round.theme
2026-05-30 15:10:35,401 [WARNING] ThemeLauncher: Component 'themes' variant[14] references missing file: themes/Dark-SLASH.theme
2026-05-30 15:10:35,401 [WARNING] ThemeLauncher: Component 'themes' variant[15] references missing file: themes/Dark-Win.theme
2026-05-30 15:10:35,401 [INFO] ThemeLauncher: Loaded theme: BlackIsBack
2026-05-30 15:10:35,402 [INFO] ThemeLauncher: Loaded theme: Buuf OS2
2026-05-30 15:10:35,402 [WARNING] ThemeLauncher: Component 'wallpapers' variant[0] references missing file: wallpapers/Delta v1/casey-horner-NIIVU-unsplash.jpg
2026-05-30 15:10:35,403 [WARNING] ThemeLauncher: Component 'wallpapers' variant[1] references missing file: wallpapers/Delta v1/daniel-mirlea-NIIVU-unsplash.jpg
2026-05-30 15:10:35,403 [WARNING] ThemeLauncher: Component 'wallpapers' variant[2] references missing file: wallpapers/Delta v1/joshua-earle-NIIVU-unsplash.jpg
2026-05-30 15:10:35,403 [WARNING] ThemeLauncher: Component 'wallpapers' variant[3] references missing file: wallpapers/Delta v1/petr-slovacek-NIIVU-unsplash.jpg
2026-05-30 15:10:35,403 [WARNING] ThemeLauncher: Component 'wallpapers' variant[4] references missing file: wallpapers/Delta v1/waves.jpeg
2026-05-30 15:10:35,403 [WARNING] ThemeLauncher: Component 'wallpapers' variant[5] references missing file: wallpapers/Delta v1/foggy.jpeg
2026-05-30 15:10:35,403 [WARNING] ThemeLauncher: Component 'wallpapers' variant[6] references missing file: wallpapers/Delta v1/geo.jpeg
2026-05-30 15:10:35,403 [WARNING] ThemeLauncher: Component 'wallpapers' variant[7] references missing file: wallpapers/Delta v1/nebula.jpeg
2026-05-30 15:10:35,404 [WARNING] ThemeLauncher: Component 'wallpapers' variant[8] references missing file: wallpapers/Delta v1/waterfall.jpeg
2026-05-30 15:10:35,404 [WARNING] ThemeLauncher: Component 'wallpapers' variant[9] references missing file: wallpapers/Delta v1/drip.jpeg
2026-05-30 15:10:35,404 [INFO] ThemeLauncher: Loaded theme: Delta v1
2026-05-30 15:10:35,405 [INFO] ThemeLauncher: Loaded theme: Delta v2
2026-05-30 15:10:35,405 [WARNING] ThemeLauncher: Component 'msstyles' variant[0] references missing file: msstyles/MAC/DRK 25 MAC.msstyles
2026-05-30 15:10:35,405 [WARNING] ThemeLauncher: Component 'msstyles' variant[1] references missing file: msstyles/MAC/DRK 25 MAC - dark.msstyles
2026-05-30 15:10:35,405 [WARNING] ThemeLauncher: Component 'msstyles' variant[2] references missing file: msstyles/MAC/DRK 25 MAC - light.msstyles
2026-05-30 15:10:35,405 [WARNING] ThemeLauncher: Component 'msstyles' variant[3] references missing file: msstyles/SQR/DRK 25 SQR.msstyles
2026-05-30 15:10:35,405 [WARNING] ThemeLauncher: Component 'msstyles' variant[4] references missing file: msstyles/SQR/DRK 25 SQR - dark.msstyles
2026-05-30 15:10:35,405 [WARNING] ThemeLauncher: Component 'msstyles' variant[5] references missing file: msstyles/SQR/DRK 25 SQR - light.msstyles
2026-05-30 15:10:35,405 [WARNING] ThemeLauncher: Component 'themes' variant[0] references missing file: themes/MAC/DRK 25 MAC.theme
2026-05-30 15:10:35,406 [WARNING] ThemeLauncher: Component 'themes' variant[1] references missing file: themes/MAC/DRK 25 MAC - Dark.theme
2026-05-30 15:10:35,406 [WARNING] ThemeLauncher: Component 'themes' variant[2] references missing file: themes/MAC/DRK 25 MAC - Light.theme
2026-05-30 15:10:35,406 [WARNING] ThemeLauncher: Component 'themes' variant[3] references missing file: themes/SQR/DRK 25 SQR.theme
2026-05-30 15:10:35,406 [WARNING] ThemeLauncher: Component 'themes' variant[4] references missing file: themes/SQR/DRK 25 SQR - Dark.theme
2026-05-30 15:10:35,406 [WARNING] ThemeLauncher: Component 'themes' variant[5] references missing file: themes/SQR/DRK 25 SQR - Light.theme
2026-05-30 15:10:35,406 [WARNING] ThemeLauncher: Component 'themes' variant[6] references missing file: themes/WIN/DRK 25 WIN.theme
2026-05-30 15:10:35,406 [WARNING] ThemeLauncher: Component 'themes' variant[7] references missing file: themes/WIN/DRK 25 WIN - Dark.theme
2026-05-30 15:10:35,406 [WARNING] ThemeLauncher: Component 'themes' variant[8] references missing file: themes/WIN/DRK 25 WIN - Light.theme
2026-05-30 15:10:35,406 [INFO] ThemeLauncher: Loaded theme: DRK 25
2026-05-30 15:10:35,406 [WARNING] ThemeLauncher: Skipping Extras: No manifest.json found in C:\\Users\\kyleh\\.gemini\\Themes\Extras
2026-05-30 15:10:35,407 [INFO] ThemeLauncher: Loaded theme: Gruvbox
2026-05-30 15:10:35,408 [INFO] ThemeLauncher: Loaded theme: iWin
2026-05-30 15:10:35,408 [INFO] ThemeLauncher: Loaded theme: Janguru
2026-05-30 15:10:35,410 [WARNING] ThemeLauncher: Folder component 'windhawk' has no 'path' key — may fail to apply
2026-05-30 15:10:35,410 [INFO] ThemeLauncher: Loaded theme: Japan 26
2026-05-30 15:10:35,411 [INFO] ThemeLauncher: Loaded theme: Kanagawa
2026-05-30 15:10:35,412 [INFO] ThemeLauncher: Loaded theme: Kripton
2026-05-30 15:10:35,413 [INFO] ThemeLauncher: Loaded theme: Night Owl
2026-05-30 15:10:35,413 [WARNING] ThemeLauncher: Component 'themes' variant[0] references missing file: themes/Paranoid Android - LUV - dark.theme
2026-05-30 15:10:35,413 [WARNING] ThemeLauncher: Component 'themes' variant[1] references missing file: themes/Paranoid Android - LUV - light.theme
2026-05-30 15:10:35,414 [WARNING] ThemeLauncher: Component 'themes' variant[2] references missing file: themes/Paranoid Android - LUV - night.theme
2026-05-30 15:10:35,414 [WARNING] ThemeLauncher: Component 'themes' variant[3] references missing file: themes/Paranoid Android - Nebula - dark.theme
2026-05-30 15:10:35,414 [WARNING] ThemeLauncher: Component 'themes' variant[4] references missing file: themes/Paranoid Android - Nebula - light.theme
2026-05-30 15:10:35,414 [WARNING] ThemeLauncher: Component 'themes' variant[5] references missing file: themes/Paranoid Android - Nebula - night.theme
2026-05-30 15:10:35,414 [WARNING] ThemeLauncher: Component 'themes' variant[6] references missing file: themes/Paranoid Android - Sweet - dark.theme
2026-05-30 15:10:35,414 [WARNING] ThemeLauncher: Component 'themes' variant[7] references missing file: themes/Paranoid Android - Sweet - light.theme
2026-05-30 15:10:35,414 [WARNING] ThemeLauncher: Component 'themes' variant[8] references missing file: themes/Paranoid Android - Sweet - night.theme
2026-05-30 15:10:35,414 [WARNING] ThemeLauncher: Component 'startorb' variant[0] references missing file: orbs/Paranoid Start Orb.svg
2026-05-30 15:10:35,414 [WARNING] ThemeLauncher: Component 'startorb' variant[1] references missing file: orbs/StartAllBack explorer.png
2026-05-30 15:10:35,414 [WARNING] ThemeLauncher: Component 'startorb' variant[2] references missing file: orbs/StartAllBack taskbar.png
2026-05-30 15:10:35,414 [INFO] ThemeLauncher: Loaded theme: Paranoid Android
2026-05-30 15:10:35,415 [INFO] ThemeLauncher: Loaded theme: Retro
2026-05-30 15:10:35,416 [WARNING] ThemeLauncher: Component 'cursors' references missing path: cursors
2026-05-30 15:10:35,416 [INFO] ThemeLauncher: Loaded theme: Rose Pine
2026-05-30 15:10:35,417 [INFO] ThemeLauncher: Loaded theme: Solarized
2026-05-30 15:10:35,417 [WARNING] ThemeLauncher: Component 'themes' variant[0] references missing file: themes/SynthWave '84 dark - luv.theme
2026-05-30 15:10:35,417 [WARNING] ThemeLauncher: Component 'themes' variant[1] references missing file: themes/SynthWave '84 dark - mac.theme
2026-05-30 15:10:35,417 [WARNING] ThemeLauncher: Component 'themes' variant[2] references missing file: themes/SynthWave '84 dark - mac gloss.theme
2026-05-30 15:10:35,417 [WARNING] ThemeLauncher: Component 'themes' variant[3] references missing file: themes/SynthWave '84 dark - nude.theme
2026-05-30 15:10:35,417 [WARNING] ThemeLauncher: Component 'themes' variant[4] references missing file: themes/SynthWave '84 night - luv.theme
2026-05-30 15:10:35,417 [WARNING] ThemeLauncher: Component 'themes' variant[5] references missing file: themes/SynthWave '84 night - mac.theme
2026-05-30 15:10:35,419 [WARNING] ThemeLauncher: Component 'themes' variant[6] references missing file: themes/SynthWave '84 night - mac gloss.theme
2026-05-30 15:10:35,419 [WARNING] ThemeLauncher: Component 'themes' variant[7] references missing file: themes/SynthWave '84 night - nude.theme
2026-05-30 15:10:35,419 [INFO] ThemeLauncher: Loaded theme: SynthWave '84
2026-05-30 15:10:35,420 [WARNING] ThemeLauncher: Component 'themes' variant[0] references missing file: themes/Tokyo Dark Night Circle Fill NA.theme
2026-05-30 15:10:35,420 [WARNING] ThemeLauncher: Component 'themes' variant[8] references missing file: themes/Tokyo Dark Storm Circle Fill NA.theme
2026-05-30 15:10:35,420 [INFO] ThemeLauncher: Loaded theme: Tokyo Night
2026-05-30 15:50:49,978 [WARNING] ThemeLauncher: Skipping .vscode: No manifest.json found in C:\\Users\\kyleh\\.gemini\\Themes\.vscode
2026-05-30 15:50:49,985 [WARNING] ThemeLauncher: Component 'themes' variant[0] references missing file: themes/Black-DASH.theme
2026-05-30 15:50:49,985 [WARNING] ThemeLauncher: Component 'themes' variant[1] references missing file: themes/Black-DOTS.theme
2026-05-30 15:50:49,985 [WARNING] ThemeLauncher: Component 'themes' variant[2] references missing file: themes/Black-LIN.theme
2026-05-30 15:50:49,985 [WARNING] ThemeLauncher: Component 'themes' variant[3] references missing file: themes/Black-Mac.theme
2026-05-30 15:50:49,985 [WARNING] ThemeLauncher: Component 'themes' variant[4] references missing file: themes/Black-NU.theme
2026-05-30 15:50:49,985 [WARNING] ThemeLauncher: Component 'themes' variant[5] references missing file: themes/Black-Round.theme
2026-05-30 15:50:49,985 [WARNING] ThemeLauncher: Component 'themes' variant[6] references missing file: themes/Black-SLASH.theme
2026-05-30 15:50:49,985 [WARNING] ThemeLauncher: Component 'themes' variant[7] references missing file: themes/Black-Win.theme
2026-05-30 15:50:49,985 [WARNING] ThemeLauncher: Component 'themes' variant[8] references missing file: themes/Dark-DASH.theme
2026-05-30 15:50:49,985 [WARNING] ThemeLauncher: Component 'themes' variant[9] references missing file: themes/Dark-DOTS.theme
2026-05-30 15:50:49,986 [WARNING] ThemeLauncher: Component 'themes' variant[10] references missing file: themes/Dark-LIN.theme
2026-05-30 15:50:49,986 [WARNING] ThemeLauncher: Component 'themes' variant[11] references missing file: themes/Dark-Mac.theme
2026-05-30 15:50:49,986 [WARNING] ThemeLauncher: Component 'themes' variant[12] references missing file: themes/Dark-NU.theme
2026-05-30 15:50:49,986 [WARNING] ThemeLauncher: Component 'themes' variant[13] references missing file: themes/Dark-Round.theme
2026-05-30 15:50:49,986 [WARNING] ThemeLauncher: Component 'themes' variant[14] references missing file: themes/Dark-SLASH.theme
2026-05-30 15:50:49,986 [WARNING] ThemeLauncher: Component 'themes' variant[15] references missing file: themes/Dark-Win.theme
2026-05-30 15:50:49,986 [INFO] ThemeLauncher: Loaded theme: BlackIsBack
2026-05-30 15:50:49,994 [INFO] ThemeLauncher: Loaded theme: Buuf OS2
2026-05-30 15:50:50,002 [WARNING] ThemeLauncher: Component 'wallpapers' variant[0] references missing file: wallpapers/Delta v1/casey-horner-NIIVU-unsplash.jpg
2026-05-30 15:50:50,002 [WARNING] ThemeLauncher: Component 'wallpapers' variant[1] references missing file: wallpapers/Delta v1/daniel-mirlea-NIIVU-unsplash.jpg
2026-05-30 15:50:50,002 [WARNING] ThemeLauncher: Component 'wallpapers' variant[2] references missing file: wallpapers/Delta v1/joshua-earle-NIIVU-unsplash.jpg
2026-05-30 15:50:50,002 [WARNING] ThemeLauncher: Component 'wallpapers' variant[3] references missing file: wallpapers/Delta v1/petr-slovacek-NIIVU-unsplash.jpg
2026-05-30 15:50:50,002 [WARNING] ThemeLauncher: Component 'wallpapers' variant[4] references missing file: wallpapers/Delta v1/waves.jpeg
2026-05-30 15:50:50,003 [WARNING] ThemeLauncher: Component 'wallpapers' variant[5] references missing file: wallpapers/Delta v1/foggy.jpeg
2026-05-30 15:50:50,003 [WARNING] ThemeLauncher: Component 'wallpapers' variant[6] references missing file: wallpapers/Delta v1/geo.jpeg
2026-05-30 15:50:50,003 [WARNING] ThemeLauncher: Component 'wallpapers' variant[7] references missing file: wallpapers/Delta v1/nebula.jpeg
2026-05-30 15:50:50,003 [WARNING] ThemeLauncher: Component 'wallpapers' variant[8] references missing file: wallpapers/Delta v1/waterfall.jpeg
2026-05-30 15:50:50,003 [WARNING] ThemeLauncher: Component 'wallpapers' variant[9] references missing file: wallpapers/Delta v1/drip.jpeg
2026-05-30 15:50:50,003 [INFO] ThemeLauncher: Loaded theme: Delta v1
2026-05-30 15:50:50,010 [INFO] ThemeLauncher: Loaded theme: Delta v2
2026-05-30 15:50:50,018 [WARNING] ThemeLauncher: Component 'msstyles' variant[0] references missing file: msstyles/MAC/DRK 25 MAC.msstyles
2026-05-30 15:50:50,018 [WARNING] ThemeLauncher: Component 'msstyles' variant[1] references missing file: msstyles/MAC/DRK 25 MAC - dark.msstyles
2026-05-30 15:50:50,018 [WARNING] ThemeLauncher: Component 'msstyles' variant[2] references missing file: msstyles/MAC/DRK 25 MAC - light.msstyles
2026-05-30 15:50:50,018 [WARNING] ThemeLauncher: Component 'msstyles' variant[3] references missing file: msstyles/SQR/DRK 25 SQR.msstyles
2026-05-30 15:50:50,018 [WARNING] ThemeLauncher: Component 'msstyles' variant[4] references missing file: msstyles/SQR/DRK 25 SQR - dark.msstyles
2026-05-30 15:50:50,018 [WARNING] ThemeLauncher: Component 'msstyles' variant[5] references missing file: msstyles/SQR/DRK 25 SQR - light.msstyles
2026-05-30 15:50:50,018 [WARNING] ThemeLauncher: Component 'themes' variant[0] references missing file: themes/MAC/DRK 25 MAC.theme
2026-05-30 15:50:50,018 [WARNING] ThemeLauncher: Component 'themes' variant[1] references missing file: themes/MAC/DRK 25 MAC - Dark.theme
2026-05-30 15:50:50,018 [WARNING] ThemeLauncher: Component 'themes' variant[2] references missing file: themes/MAC/DRK 25 MAC - Light.theme
2026-05-30 15:50:50,018 [WARNING] ThemeLauncher: Component 'themes' variant[3] references missing file: themes/SQR/DRK 25 SQR.theme
2026-05-30 15:50:50,018 [WARNING] ThemeLauncher: Component 'themes' variant[4] references missing file: themes/SQR/DRK 25 SQR - Dark.theme
2026-05-30 15:50:50,018 [WARNING] ThemeLauncher: Component 'themes' variant[5] references missing file: themes/SQR/DRK 25 SQR - Light.theme
2026-05-30 15:50:50,018 [WARNING] ThemeLauncher: Component 'themes' variant[6] references missing file: themes/WIN/DRK 25 WIN.theme
2026-05-30 15:50:50,018 [WARNING] ThemeLauncher: Component 'themes' variant[7] references missing file: themes/WIN/DRK 25 WIN - Dark.theme
2026-05-30 15:50:50,019 [WARNING] ThemeLauncher: Component 'themes' variant[8] references missing file: themes/WIN/DRK 25 WIN - Light.theme
2026-05-30 15:50:50,019 [INFO] ThemeLauncher: Loaded theme: DRK 25
2026-05-30 15:50:50,019 [WARNING] ThemeLauncher: Skipping Extras: No manifest.json found in C:\\Users\\kyleh\\.gemini\\Themes\Extras
2026-05-30 15:50:50,027 [INFO] ThemeLauncher: Loaded theme: Gruvbox
2026-05-30 15:50:50,034 [INFO] ThemeLauncher: Loaded theme: iWin
2026-05-30 15:50:50,041 [INFO] ThemeLauncher: Loaded theme: Janguru
2026-05-30 15:50:50,049 [INFO] ThemeLauncher: Loaded theme: Japan 26
2026-05-30 15:50:50,057 [INFO] ThemeLauncher: Loaded theme: Kanagawa
2026-05-30 15:50:50,065 [INFO] ThemeLauncher: Loaded theme: Kripton
2026-05-30 15:50:50,073 [INFO] ThemeLauncher: Loaded theme: Night Owl
2026-05-30 15:50:50,079 [WARNING] ThemeLauncher: Component 'themes' variant[0] references missing file: themes/Paranoid Android - LUV - dark.theme
2026-05-30 15:50:50,080 [WARNING] ThemeLauncher: Component 'themes' variant[1] references missing file: themes/Paranoid Android - LUV - light.theme
2026-05-30 15:50:50,080 [WARNING] ThemeLauncher: Component 'themes' variant[2] references missing file: themes/Paranoid Android - LUV - night.theme
2026-05-30 15:50:50,080 [WARNING] ThemeLauncher: Component 'themes' variant[3] references missing file: themes/Paranoid Android - Nebula - dark.theme
2026-05-30 15:50:50,080 [WARNING] ThemeLauncher: Component 'themes' variant[4] references missing file: themes/Paranoid Android - Nebula - light.theme
2026-05-30 15:50:50,080 [WARNING] ThemeLauncher: Component 'themes' variant[5] references missing file: themes/Paranoid Android - Nebula - night.theme
2026-05-30 15:50:50,080 [WARNING] ThemeLauncher: Component 'themes' variant[6] references missing file: themes/Paranoid Android - Sweet - dark.theme
2026-05-30 15:50:50,080 [WARNING] ThemeLauncher: Component 'themes' variant[7] references missing file: themes/Paranoid Android - Sweet - light.theme
2026-05-30 15:50:50,080 [WARNING] ThemeLauncher: Component 'themes' variant[8] references missing file: themes/Paranoid Android - Sweet - night.theme
2026-05-30 15:50:50,080 [WARNING] ThemeLauncher: Component 'startorb' variant[0] references missing file: orbs/Paranoid Start Orb.svg
2026-05-30 15:50:50,081 [WARNING] ThemeLauncher: Component 'startorb' variant[1] references missing file: orbs/StartAllBack explorer.png
2026-05-30 15:50:50,081 [WARNING] ThemeLauncher: Component 'startorb' variant[2] references missing file: orbs/StartAllBack taskbar.png
2026-05-30 15:50:50,081 [INFO] ThemeLauncher: Loaded theme: Paranoid Android
2026-05-30 15:50:50,087 [INFO] ThemeLauncher: Loaded theme: Retro
2026-05-30 15:50:50,095 [WARNING] ThemeLauncher: Component 'cursors' references missing path: cursors
2026-05-30 15:50:50,095 [INFO] ThemeLauncher: Loaded theme: Rose Pine
2026-05-30 15:50:50,103 [INFO] ThemeLauncher: Loaded theme: Solarized
2026-05-30 15:50:50,109 [WARNING] ThemeLauncher: Component 'themes' variant[0] references missing file: themes/SynthWave '84 dark - luv.theme
2026-05-30 15:50:50,109 [WARNING] ThemeLauncher: Component 'themes' variant[1] references missing file: themes/SynthWave '84 dark - mac.theme
2026-05-30 15:50:50,109 [WARNING] ThemeLauncher: Component 'themes' variant[2] references missing file: themes/SynthWave '84 dark - mac gloss.theme
2026-05-30 15:50:50,109 [WARNING] ThemeLauncher: Component 'themes' variant[3] references missing file: themes/SynthWave '84 dark - nude.theme
2026-05-30 15:50:50,109 [WARNING] ThemeLauncher: Component 'themes' variant[4] references missing file: themes/SynthWave '84 night - luv.theme
2026-05-30 15:50:50,109 [WARNING] ThemeLauncher: Component 'themes' variant[5] references missing file: themes/SynthWave '84 night - mac.theme
2026-05-30 15:50:50,109 [WARNING] ThemeLauncher: Component 'themes' variant[6] references missing file: themes/SynthWave '84 night - mac gloss.theme
2026-05-30 15:50:50,109 [WARNING] ThemeLauncher: Component 'themes' variant[7] references missing file: themes/SynthWave '84 night - nude.theme
2026-05-30 15:50:50,111 [INFO] ThemeLauncher: Loaded theme: SynthWave '84
2026-05-30 15:50:50,117 [WARNING] ThemeLauncher: Component 'themes' variant[0] references missing file: themes/Tokyo Dark Night Circle Fill NA.theme
2026-05-30 15:50:50,117 [WARNING] ThemeLauncher: Component 'themes' variant[8] references missing file: themes/Tokyo Dark Storm Circle Fill NA.theme
2026-05-30 15:50:50,118 [INFO] ThemeLauncher: Loaded theme: Tokyo Night
2026-05-30 15:52:30,483 [WARNING] ThemeLauncher: Skipping .vscode: No manifest.json found in C:\\Users\\kyleh\\.gemini\\Themes\.vscode
2026-05-30 15:52:30,484 [WARNING] ThemeLauncher: Component 'themes' variant[0] references missing file: themes/Black-DASH.theme
2026-05-30 15:52:30,484 [WARNING] ThemeLauncher: Component 'themes' variant[1] references missing file: themes/Black-DOTS.theme
2026-05-30 15:52:30,484 [WARNING] ThemeLauncher: Component 'themes' variant[2] references missing file: themes/Black-LIN.theme
2026-05-30 15:52:30,485 [WARNING] ThemeLauncher: Component 'themes' variant[3] references missing file: themes/Black-Mac.theme
2026-05-30 15:52:30,485 [WARNING] ThemeLauncher: Component 'themes' variant[4] references missing file: themes/Black-NU.theme
2026-05-30 15:52:30,485 [WARNING] ThemeLauncher: Component 'themes' variant[5] references missing file: themes/Black-Round.theme
2026-05-30 15:52:30,485 [WARNING] ThemeLauncher: Component 'themes' variant[6] references missing file: themes/Black-SLASH.theme
2026-05-30 15:52:30,485 [WARNING] ThemeLauncher: Component 'themes' variant[7] references missing file: themes/Black-Win.theme
2026-05-30 15:52:30,485 [WARNING] ThemeLauncher: Component 'themes' variant[8] references missing file: themes/Dark-DASH.theme
2026-05-30 15:52:30,485 [WARNING] ThemeLauncher: Component 'themes' variant[9] references missing file: themes/Dark-DOTS.theme
2026-05-30 15:52:30,485 [WARNING] ThemeLauncher: Component 'themes' variant[10] references missing file: themes/Dark-LIN.theme
2026-05-30 15:52:30,485 [WARNING] ThemeLauncher: Component 'themes' variant[11] references missing file: themes/Dark-Mac.theme
2026-05-30 15:52:30,485 [WARNING] ThemeLauncher: Component 'themes' variant[12] references missing file: themes/Dark-NU.theme
2026-05-30 15:52:30,485 [WARNING] ThemeLauncher: Component 'themes' variant[13] references missing file: themes/Dark-Round.theme
2026-05-30 15:52:30,485 [WARNING] ThemeLauncher: Component 'themes' variant[14] references missing file: themes/Dark-SLASH.theme
2026-05-30 15:52:30,485 [WARNING] ThemeLauncher: Component 'themes' variant[15] references missing file: themes/Dark-Win.theme
2026-05-30 15:52:30,485 [INFO] ThemeLauncher: Loaded theme: BlackIsBack
2026-05-30 15:52:30,487 [INFO] ThemeLauncher: Loaded theme: Buuf OS2
2026-05-30 15:52:30,487 [WARNING] ThemeLauncher: Component 'wallpapers' variant[0] references missing file: wallpapers/Delta v1/casey-horner-NIIVU-unsplash.jpg
2026-05-30 15:52:30,488 [WARNING] ThemeLauncher: Component 'wallpapers' variant[1] references missing file: wallpapers/Delta v1/daniel-mirlea-NIIVU-unsplash.jpg
2026-05-30 15:52:30,488 [WARNING] ThemeLauncher: Component 'wallpapers' variant[2] references missing file: wallpapers/Delta v1/joshua-earle-NIIVU-unsplash.jpg
2026-05-30 15:52:30,488 [WARNING] ThemeLauncher: Component 'wallpapers' variant[3] references missing file: wallpapers/Delta v1/petr-slovacek-NIIVU-unsplash.jpg
2026-05-30 15:52:30,488 [WARNING] ThemeLauncher: Component 'wallpapers' variant[4] references missing file: wallpapers/Delta v1/waves.jpeg
2026-05-30 15:52:30,488 [WARNING] ThemeLauncher: Component 'wallpapers' variant[5] references missing file: wallpapers/Delta v1/foggy.jpeg
2026-05-30 15:52:30,488 [WARNING] ThemeLauncher: Component 'wallpapers' variant[6] references missing file: wallpapers/Delta v1/geo.jpeg
2026-05-30 15:52:30,488 [WARNING] ThemeLauncher: Component 'wallpapers' variant[7] references missing file: wallpapers/Delta v1/nebula.jpeg
2026-05-30 15:52:30,488 [WARNING] ThemeLauncher: Component 'wallpapers' variant[8] references missing file: wallpapers/Delta v1/waterfall.jpeg
2026-05-30 15:52:30,488 [WARNING] ThemeLauncher: Component 'wallpapers' variant[9] references missing file: wallpapers/Delta v1/drip.jpeg
2026-05-30 15:52:30,488 [INFO] ThemeLauncher: Loaded theme: Delta v1
2026-05-30 15:52:30,489 [INFO] ThemeLauncher: Loaded theme: Delta v2
2026-05-30 15:52:30,489 [WARNING] ThemeLauncher: Component 'msstyles' variant[0] references missing file: msstyles/MAC/DRK 25 MAC.msstyles
2026-05-30 15:52:30,489 [WARNING] ThemeLauncher: Component 'msstyles' variant[1] references missing file: msstyles/MAC/DRK 25 MAC - dark.msstyles
2026-05-30 15:52:30,489 [WARNING] ThemeLauncher: Component 'msstyles' variant[2] references missing file: msstyles/MAC/DRK 25 MAC - light.msstyles
2026-05-30 15:52:30,489 [WARNING] ThemeLauncher: Component 'msstyles' variant[3] references missing file: msstyles/SQR/DRK 25 SQR.msstyles
2026-05-30 15:52:30,489 [WARNING] ThemeLauncher: Component 'msstyles' variant[4] references missing file: msstyles/SQR/DRK 25 SQR - dark.msstyles
2026-05-30 15:52:30,489 [WARNING] ThemeLauncher: Component 'msstyles' variant[5] references missing file: msstyles/SQR/DRK 25 SQR - light.msstyles
2026-05-30 15:52:30,489 [WARNING] ThemeLauncher: Component 'themes' variant[0] references missing file: themes/MAC/DRK 25 MAC.theme
2026-05-30 15:52:30,489 [WARNING] ThemeLauncher: Component 'themes' variant[1] references missing file: themes/MAC/DRK 25 MAC - Dark.theme
2026-05-30 15:52:30,489 [WARNING] ThemeLauncher: Component 'themes' variant[2] references missing file: themes/MAC/DRK 25 MAC - Light.theme
2026-05-30 15:52:30,489 [WARNING] ThemeLauncher: Component 'themes' variant[3] references missing file: themes/SQR/DRK 25 SQR.theme
2026-05-30 15:52:30,490 [WARNING] ThemeLauncher: Component 'themes' variant[4] references missing file: themes/SQR/DRK 25 SQR - Dark.theme
2026-05-30 15:52:30,490 [WARNING] ThemeLauncher: Component 'themes' variant[5] references missing file: themes/SQR/DRK 25 SQR - Light.theme
2026-05-30 15:52:30,490 [WARNING] ThemeLauncher: Component 'themes' variant[6] references missing file: themes/WIN/DRK 25 WIN.theme
2026-05-30 15:52:30,490 [WARNING] ThemeLauncher: Component 'themes' variant[7] references missing file: themes/WIN/DRK 25 WIN - Dark.theme
2026-05-30 15:52:30,490 [WARNING] ThemeLauncher: Component 'themes' variant[8] references missing file: themes/WIN/DRK 25 WIN - Light.theme
2026-05-30 15:52:30,490 [INFO] ThemeLauncher: Loaded theme: DRK 25
2026-05-30 15:52:30,490 [WARNING] ThemeLauncher: Skipping Extras: No manifest.json found in C:\\Users\\kyleh\\.gemini\\Themes\Extras
2026-05-30 15:52:30,491 [INFO] ThemeLauncher: Loaded theme: Gruvbox
2026-05-30 15:52:30,493 [INFO] ThemeLauncher: Loaded theme: iWin
2026-05-30 15:52:30,494 [INFO] ThemeLauncher: Loaded theme: Janguru
2026-05-30 15:52:30,495 [INFO] ThemeLauncher: Loaded theme: Japan 26
2026-05-30 15:52:30,496 [INFO] ThemeLauncher: Loaded theme: Kanagawa
2026-05-30 15:52:30,497 [INFO] ThemeLauncher: Loaded theme: Kripton
2026-05-30 15:52:30,499 [INFO] ThemeLauncher: Loaded theme: Night Owl
2026-05-30 15:52:30,500 [WARNING] ThemeLauncher: Component 'themes' variant[0] references missing file: themes/Paranoid Android - LUV - dark.theme
2026-05-30 15:52:30,500 [WARNING] ThemeLauncher: Component 'themes' variant[1] references missing file: themes/Paranoid Android - LUV - light.theme
2026-05-30 15:52:30,500 [WARNING] ThemeLauncher: Component 'themes' variant[2] references missing file: themes/Paranoid Android - LUV - night.theme
2026-05-30 15:52:30,500 [WARNING] ThemeLauncher: Component 'themes' variant[3] references missing file: themes/Paranoid Android - Nebula - dark.theme
2026-05-30 15:52:30,500 [WARNING] ThemeLauncher: Component 'themes' variant[4] references missing file: themes/Paranoid Android - Nebula - light.theme
2026-05-30 15:52:30,500 [WARNING] ThemeLauncher: Component 'themes' variant[5] references missing file: themes/Paranoid Android - Nebula - night.theme
2026-05-30 15:52:30,500 [WARNING] ThemeLauncher: Component 'themes' variant[6] references missing file: themes/Paranoid Android - Sweet - dark.theme
2026-05-30 15:52:30,500 [WARNING] ThemeLauncher: Component 'themes' variant[7] references missing file: themes/Paranoid Android - Sweet - light.theme
2026-05-30 15:52:30,500 [WARNING] ThemeLauncher: Component 'themes' variant[8] references missing file: themes/Paranoid Android - Sweet - night.theme
2026-05-30 15:52:30,501 [WARNING] ThemeLauncher: Component 'startorb' variant[0] references missing file: orbs/Paranoid Start Orb.svg
2026-05-30 15:52:30,501 [WARNING] ThemeLauncher: Component 'startorb' variant[1] references missing file: orbs/StartAllBack explorer.png
2026-05-30 15:52:30,501 [WARNING] ThemeLauncher: Component 'startorb' variant[2] references missing file: orbs/StartAllBack taskbar.png
2026-05-30 15:52:30,501 [INFO] ThemeLauncher: Loaded theme: Paranoid Android
2026-05-30 15:52:30,501 [INFO] ThemeLauncher: Loaded theme: Retro
2026-05-30 15:52:30,503 [WARNING] ThemeLauncher: Component 'cursors' references missing path: cursors
2026-05-30 15:52:30,503 [INFO] ThemeLauncher: Loaded theme: Rose Pine
2026-05-30 15:52:30,505 [INFO] ThemeLauncher: Loaded theme: Solarized
2026-05-30 15:52:30,505 [WARNING] ThemeLauncher: Component 'themes' variant[0] references missing file: themes/SynthWave '84 dark - luv.theme
2026-05-30 15:52:30,505 [WARNING] ThemeLauncher: Component 'themes' variant[1] references missing file: themes/SynthWave '84 dark - mac.theme
2026-05-30 15:52:30,506 [WARNING] ThemeLauncher: Component 'themes' variant[2] references missing file: themes/SynthWave '84 dark - mac gloss.theme
2026-05-30 15:52:30,506 [WARNING] ThemeLauncher: Component 'themes' variant[3] references missing file: themes/SynthWave '84 dark - nude.theme
2026-05-30 15:52:30,506 [WARNING] ThemeLauncher: Component 'themes' variant[4] references missing file: themes/SynthWave '84 night - luv.theme
2026-05-30 15:52:30,506 [WARNING] ThemeLauncher: Component 'themes' variant[5] references missing file: themes/SynthWave '84 night - mac.theme
2026-05-30 15:52:30,506 [WARNING] ThemeLauncher: Component 'themes' variant[6] references missing file: themes/SynthWave '84 night - mac gloss.theme
2026-05-30 15:52:30,506 [WARNING] ThemeLauncher: Component 'themes' variant[7] references missing file: themes/SynthWave '84 night - nude.theme
2026-05-30 15:52:30,506 [INFO] ThemeLauncher: Loaded theme: SynthWave '84
2026-05-30 15:52:30,508 [WARNING] ThemeLauncher: Component 'themes' variant[0] references missing file: themes/Tokyo Dark Night Circle Fill NA.theme
2026-05-30 15:52:30,508 [WARNING] ThemeLauncher: Component 'themes' variant[8] references missing file: themes/Tokyo Dark Storm Circle Fill NA.theme
2026-05-30 15:52:30,509 [INFO] ThemeLauncher: Loaded theme: Tokyo Night
2026-05-30 15:52:39,656 [WARNING] ThemeLauncher: Skipping .vscode: No manifest.json found in C:\\Users\\kyleh\\.gemini\\Themes\.vscode
2026-05-30 15:52:39,657 [WARNING] ThemeLauncher: Component 'themes' variant[0] references missing file: themes/Black-DASH.theme
2026-05-30 15:52:39,657 [WARNING] ThemeLauncher: Component 'themes' variant[1] references missing file: themes/Black-DOTS.theme
2026-05-30 15:52:39,657 [WARNING] ThemeLauncher: Component 'themes' variant[2] references missing file: themes/Black-LIN.theme
2026-05-30 15:52:39,657 [WARNING] ThemeLauncher: Component 'themes' variant[3] references missing file: themes/Black-Mac.theme
2026-05-30 15:52:39,657 [WARNING] ThemeLauncher: Component 'themes' variant[4] references missing file: themes/Black-NU.theme
2026-05-30 15:52:39,657 [WARNING] ThemeLauncher: Component 'themes' variant[5] references missing file: themes/Black-Round.theme
2026-05-30 15:52:39,657 [WARNING] ThemeLauncher: Component 'themes' variant[6] references missing file: themes/Black-SLASH.theme
2026-05-30 15:52:39,658 [WARNING] ThemeLauncher: Component 'themes' variant[7] references missing file: themes/Black-Win.theme
2026-05-30 15:52:39,658 [WARNING] ThemeLauncher: Component 'themes' variant[8] references missing file: themes/Dark-DASH.theme
2026-05-30 15:52:39,658 [WARNING] ThemeLauncher: Component 'themes' variant[9] references missing file: themes/Dark-DOTS.theme
2026-05-30 15:52:39,658 [WARNING] ThemeLauncher: Component 'themes' variant[10] references missing file: themes/Dark-LIN.theme
2026-05-30 15:52:39,658 [WARNING] ThemeLauncher: Component 'themes' variant[11] references missing file: themes/Dark-Mac.theme
2026-05-30 15:52:39,658 [WARNING] ThemeLauncher: Component 'themes' variant[12] references missing file: themes/Dark-NU.theme
2026-05-30 15:52:39,658 [WARNING] ThemeLauncher: Component 'themes' variant[13] references missing file: themes/Dark-Round.theme
2026-05-30 15:52:39,658 [WARNING] ThemeLauncher: Component 'themes' variant[14] references missing file: themes/Dark-SLASH.theme
2026-05-30 15:52:39,658 [WARNING] ThemeLauncher: Component 'themes' variant[15] references missing file: themes/Dark-Win.theme
2026-05-30 15:52:39,658 [INFO] ThemeLauncher: Loaded theme: BlackIsBack
2026-05-30 15:52:39,658 [INFO] ThemeLauncher: Loaded theme: Buuf OS2
2026-05-30 15:52:39,659 [WARNING] ThemeLauncher: Component 'wallpapers' variant[0] references missing file: wallpapers/Delta v1/casey-horner-NIIVU-unsplash.jpg
2026-05-30 15:52:39,659 [WARNING] ThemeLauncher: Component 'wallpapers' variant[1] references missing file: wallpapers/Delta v1/daniel-mirlea-NIIVU-unsplash.jpg
2026-05-30 15:52:39,659 [WARNING] ThemeLauncher: Component 'wallpapers' variant[2] references missing file: wallpapers/Delta v1/joshua-earle-NIIVU-unsplash.jpg
2026-05-30 15:52:39,659 [WARNING] ThemeLauncher: Component 'wallpapers' variant[3] references missing file: wallpapers/Delta v1/petr-slovacek-NIIVU-unsplash.jpg
2026-05-30 15:52:39,659 [WARNING] ThemeLauncher: Component 'wallpapers' variant[4] references missing file: wallpapers/Delta v1/waves.jpeg
2026-05-30 15:52:39,659 [WARNING] ThemeLauncher: Component 'wallpapers' variant[5] references missing file: wallpapers/Delta v1/foggy.jpeg
2026-05-30 15:52:39,659 [WARNING] ThemeLauncher: Component 'wallpapers' variant[6] references missing file: wallpapers/Delta v1/geo.jpeg
2026-05-30 15:52:39,659 [WARNING] ThemeLauncher: Component 'wallpapers' variant[7] references missing file: wallpapers/Delta v1/nebula.jpeg
2026-05-30 15:52:39,659 [WARNING] ThemeLauncher: Component 'wallpapers' variant[8] references missing file: wallpapers/Delta v1/waterfall.jpeg
2026-05-30 15:52:39,660 [WARNING] ThemeLauncher: Component 'wallpapers' variant[9] references missing file: wallpapers/Delta v1/drip.jpeg
2026-05-30 15:52:39,660 [INFO] ThemeLauncher: Loaded theme: Delta v1
2026-05-30 15:52:39,660 [INFO] ThemeLauncher: Loaded theme: Delta v2
2026-05-30 15:52:39,661 [WARNING] ThemeLauncher: Component 'msstyles' variant[0] references missing file: msstyles/MAC/DRK 25 MAC.msstyles
2026-05-30 15:52:39,661 [WARNING] ThemeLauncher: Component 'msstyles' variant[1] references missing file: msstyles/MAC/DRK 25 MAC - dark.msstyles
2026-05-30 15:52:39,661 [WARNING] ThemeLauncher: Component 'msstyles' variant[2] references missing file: msstyles/MAC/DRK 25 MAC - light.msstyles
2026-05-30 15:52:39,661 [WARNING] ThemeLauncher: Component 'msstyles' variant[3] references missing file: msstyles/SQR/DRK 25 SQR.msstyles
2026-05-30 15:52:39,661 [WARNING] ThemeLauncher: Component 'msstyles' variant[4] references missing file: msstyles/SQR/DRK 25 SQR - dark.msstyles
2026-05-30 15:52:39,661 [WARNING] ThemeLauncher: Component 'msstyles' variant[5] references missing file: msstyles/SQR/DRK 25 SQR - light.msstyles
2026-05-30 15:52:39,661 [WARNING] ThemeLauncher: Component 'themes' variant[0] references missing file: themes/MAC/DRK 25 MAC.theme
2026-05-30 15:52:39,661 [WARNING] ThemeLauncher: Component 'themes' variant[1] references missing file: themes/MAC/DRK 25 MAC - Dark.theme
2026-05-30 15:52:39,661 [WARNING] ThemeLauncher: Component 'themes' variant[2] references missing file: themes/MAC/DRK 25 MAC - Light.theme
2026-05-30 15:52:39,661 [WARNING] ThemeLauncher: Component 'themes' variant[3] references missing file: themes/SQR/DRK 25 SQR.theme
2026-05-30 15:52:39,661 [WARNING] ThemeLauncher: Component 'themes' variant[4] references missing file: themes/SQR/DRK 25 SQR - Dark.theme
2026-05-30 15:52:39,662 [WARNING] ThemeLauncher: Component 'themes' variant[5] references missing file: themes/SQR/DRK 25 SQR - Light.theme
2026-05-30 15:52:39,662 [WARNING] ThemeLauncher: Component 'themes' variant[6] references missing file: themes/WIN/DRK 25 WIN.theme
2026-05-30 15:52:39,662 [WARNING] ThemeLauncher: Component 'themes' variant[7] references missing file: themes/WIN/DRK 25 WIN - Dark.theme
2026-05-30 15:52:39,662 [WARNING] ThemeLauncher: Component 'themes' variant[8] references missing file: themes/WIN/DRK 25 WIN - Light.theme
2026-05-30 15:52:39,662 [INFO] ThemeLauncher: Loaded theme: DRK 25
2026-05-30 15:52:39,662 [WARNING] ThemeLauncher: Skipping Extras: No manifest.json found in C:\\Users\\kyleh\\.gemini\\Themes\Extras
2026-05-30 15:52:39,663 [INFO] ThemeLauncher: Loaded theme: Gruvbox
2026-05-30 15:52:39,664 [INFO] ThemeLauncher: Loaded theme: iWin
2026-05-30 15:52:39,665 [INFO] ThemeLauncher: Loaded theme: Janguru
2026-05-30 15:52:39,666 [INFO] ThemeLauncher: Loaded theme: Japan 26
2026-05-30 15:52:39,667 [INFO] ThemeLauncher: Loaded theme: Kanagawa
2026-05-30 15:52:39,669 [INFO] ThemeLauncher: Loaded theme: Kripton
2026-05-30 15:52:39,670 [INFO] ThemeLauncher: Loaded theme: Night Owl
2026-05-30 15:52:39,670 [WARNING] ThemeLauncher: Component 'themes' variant[0] references missing file: themes/Paranoid Android - LUV - dark.theme
2026-05-30 15:52:39,671 [WARNING] ThemeLauncher: Component 'themes' variant[1] references missing file: themes/Paranoid Android - LUV - light.theme
2026-05-30 15:52:39,671 [WARNING] ThemeLauncher: Component 'themes' variant[2] references missing file: themes/Paranoid Android - LUV - night.theme
2026-05-30 15:52:39,671 [WARNING] ThemeLauncher: Component 'themes' variant[3] references missing file: themes/Paranoid Android - Nebula - dark.theme
2026-05-30 15:52:39,671 [WARNING] ThemeLauncher: Component 'themes' variant[4] references missing file: themes/Paranoid Android - Nebula - light.theme
2026-05-30 15:52:39,671 [WARNING] ThemeLauncher: Component 'themes' variant[5] references missing file: themes/Paranoid Android - Nebula - night.theme
2026-05-30 15:52:39,671 [WARNING] ThemeLauncher: Component 'themes' variant[6] references missing file: themes/Paranoid Android - Sweet - dark.theme
2026-05-30 15:52:39,671 [WARNING] ThemeLauncher: Component 'themes' variant[7] references missing file: themes/Paranoid Android - Sweet - light.theme
2026-05-30 15:52:39,671 [WARNING] ThemeLauncher: Component 'themes' variant[8] references missing file: themes/Paranoid Android - Sweet - night.theme
2026-05-30 15:52:39,671 [WARNING] ThemeLauncher: Component 'startorb' variant[0] references missing file: orbs/Paranoid Start Orb.svg
2026-05-30 15:52:39,671 [WARNING] ThemeLauncher: Component 'startorb' variant[1] references missing file: orbs/StartAllBack explorer.png
2026-05-30 15:52:39,671 [WARNING] ThemeLauncher: Component 'startorb' variant[2] references missing file: orbs/StartAllBack taskbar.png
2026-05-30 15:52:39,671 [INFO] ThemeLauncher: Loaded theme: Paranoid Android
2026-05-30 15:52:39,671 [INFO] ThemeLauncher: Loaded theme: Retro
2026-05-30 15:52:39,672 [WARNING] ThemeLauncher: Component 'cursors' references missing path: cursors
2026-05-30 15:52:39,673 [INFO] ThemeLauncher: Loaded theme: Rose Pine
2026-05-30 15:52:39,673 [INFO] ThemeLauncher: Loaded theme: Solarized
2026-05-30 15:52:39,673 [WARNING] ThemeLauncher: Component 'themes' variant[0] references missing file: themes/SynthWave '84 dark - luv.theme
2026-05-30 15:52:39,675 [WARNING] ThemeLauncher: Component 'themes' variant[1] references missing file: themes/SynthWave '84 dark - mac.theme
2026-05-30 15:52:39,675 [WARNING] ThemeLauncher: Component 'themes' variant[2] references missing file: themes/SynthWave '84 dark - mac gloss.theme
2026-05-30 15:52:39,675 [WARNING] ThemeLauncher: Component 'themes' variant[3] references missing file: themes/SynthWave '84 dark - nude.theme
2026-05-30 15:52:39,675 [WARNING] ThemeLauncher: Component 'themes' variant[4] references missing file: themes/SynthWave '84 night - luv.theme
2026-05-30 15:52:39,675 [WARNING] ThemeLauncher: Component 'themes' variant[5] references missing file: themes/SynthWave '84 night - mac.theme
2026-05-30 15:52:39,675 [WARNING] ThemeLauncher: Component 'themes' variant[6] references missing file: themes/SynthWave '84 night - mac gloss.theme
2026-05-30 15:52:39,675 [WARNING] ThemeLauncher: Component 'themes' variant[7] references missing file: themes/SynthWave '84 night - nude.theme
2026-05-30 15:52:39,675 [INFO] ThemeLauncher: Loaded theme: SynthWave '84
2026-05-30 15:52:39,676 [WARNING] ThemeLauncher: Component 'themes' variant[0] references missing file: themes/Tokyo Dark Night Circle Fill NA.theme
2026-05-30 15:52:39,676 [WARNING] ThemeLauncher: Component 'themes' variant[8] references missing file: themes/Tokyo Dark Storm Circle Fill NA.theme
2026-05-30 15:52:39,677 [INFO] ThemeLauncher: Loaded theme: Tokyo Night
2026-05-30 15:53:49,590 [WARNING] ThemeLauncher: Skipping .vscode: No manifest.json found in C:\\Users\\kyleh\\.gemini\\Themes\.vscode
2026-05-30 15:53:49,591 [WARNING] ThemeLauncher: Component 'themes' variant[0] references missing file: themes/Black-DASH.theme
2026-05-30 15:53:49,591 [WARNING] ThemeLauncher: Component 'themes' variant[1] references missing file: themes/Black-DOTS.theme
2026-05-30 15:53:49,591 [WARNING] ThemeLauncher: Component 'themes' variant[2] references missing file: themes/Black-LIN.theme
2026-05-30 15:53:49,591 [WARNING] ThemeLauncher: Component 'themes' variant[3] references missing file: themes/Black-Mac.theme
2026-05-30 15:53:49,591 [WARNING] ThemeLauncher: Component 'themes' variant[4] references missing file: themes/Black-NU.theme
2026-05-30 15:53:49,591 [WARNING] ThemeLauncher: Component 'themes' variant[5] references missing file: themes/Black-Round.theme
2026-05-30 15:53:49,591 [WARNING] ThemeLauncher: Component 'themes' variant[6] references missing file: themes/Black-SLASH.theme
2026-05-30 15:53:49,591 [WARNING] ThemeLauncher: Component 'themes' variant[7] references missing file: themes/Black-Win.theme
2026-05-30 15:53:49,591 [WARNING] ThemeLauncher: Component 'themes' variant[8] references missing file: themes/Dark-DASH.theme
2026-05-30 15:53:49,591 [WARNING] ThemeLauncher: Component 'themes' variant[9] references missing file: themes/Dark-DOTS.theme
2026-05-30 15:53:49,591 [WARNING] ThemeLauncher: Component 'themes' variant[10] references missing file: themes/Dark-LIN.theme
2026-05-30 15:53:49,591 [WARNING] ThemeLauncher: Component 'themes' variant[11] references missing file: themes/Dark-Mac.theme
2026-05-30 15:53:49,591 [WARNING] ThemeLauncher: Component 'themes' variant[12] references missing file: themes/Dark-NU.theme
2026-05-30 15:53:49,591 [WARNING] ThemeLauncher: Component 'themes' variant[13] references missing file: themes/Dark-Round.theme
2026-05-30 15:53:49,591 [WARNING] ThemeLauncher: Component 'themes' variant[14] references missing file: themes/Dark-SLASH.theme
2026-05-30 15:53:49,591 [WARNING] ThemeLauncher: Component 'themes' variant[15] references missing file: themes/Dark-Win.theme
2026-05-30 15:53:49,593 [INFO] ThemeLauncher: Loaded theme: BlackIsBack
2026-05-30 15:53:49,593 [INFO] ThemeLauncher: Loaded theme: Buuf OS2
2026-05-30 15:53:49,594 [WARNING] ThemeLauncher: Component 'wallpapers' variant[0] references missing file: wallpapers/Delta v1/casey-horner-NIIVU-unsplash.jpg
2026-05-30 15:53:49,594 [WARNING] ThemeLauncher: Component 'wallpapers' variant[1] references missing file: wallpapers/Delta v1/daniel-mirlea-NIIVU-unsplash.jpg
2026-05-30 15:53:49,594 [WARNING] ThemeLauncher: Component 'wallpapers' variant[2] references missing file: wallpapers/Delta v1/joshua-earle-NIIVU-unsplash.jpg
2026-05-30 15:53:49,594 [WARNING] ThemeLauncher: Component 'wallpapers' variant[3] references missing file: wallpapers/Delta v1/petr-slovacek-NIIVU-unsplash.jpg
2026-05-30 15:53:49,594 [WARNING] ThemeLauncher: Component 'wallpapers' variant[4] references missing file: wallpapers/Delta v1/waves.jpeg
2026-05-30 15:53:49,594 [WARNING] ThemeLauncher: Component 'wallpapers' variant[5] references missing file: wallpapers/Delta v1/foggy.jpeg
2026-05-30 15:53:49,594 [WARNING] ThemeLauncher: Component 'wallpapers' variant[6] references missing file: wallpapers/Delta v1/geo.jpeg
2026-05-30 15:53:49,594 [WARNING] ThemeLauncher: Component 'wallpapers' variant[7] references missing file: wallpapers/Delta v1/nebula.jpeg
2026-05-30 15:53:49,594 [WARNING] ThemeLauncher: Component 'wallpapers' variant[8] references missing file: wallpapers/Delta v1/waterfall.jpeg
2026-05-30 15:53:49,594 [WARNING] ThemeLauncher: Component 'wallpapers' variant[9] references missing file: wallpapers/Delta v1/drip.jpeg
2026-05-30 15:53:49,594 [INFO] ThemeLauncher: Loaded theme: Delta v1
2026-05-30 15:53:49,595 [INFO] ThemeLauncher: Loaded theme: Delta v2
2026-05-30 15:53:49,595 [WARNING] ThemeLauncher: Component 'msstyles' variant[0] references missing file: msstyles/MAC/DRK 25 MAC.msstyles
2026-05-30 15:53:49,595 [WARNING] ThemeLauncher: Component 'msstyles' variant[1] references missing file: msstyles/MAC/DRK 25 MAC - dark.msstyles
2026-05-30 15:53:49,595 [WARNING] ThemeLauncher: Component 'msstyles' variant[2] references missing file: msstyles/MAC/DRK 25 MAC - light.msstyles
2026-05-30 15:53:49,595 [WARNING] ThemeLauncher: Component 'msstyles' variant[3] references missing file: msstyles/SQR/DRK 25 SQR.msstyles
2026-05-30 15:53:49,595 [WARNING] ThemeLauncher: Component 'msstyles' variant[4] references missing file: msstyles/SQR/DRK 25 SQR - dark.msstyles
2026-05-30 15:53:49,596 [WARNING] ThemeLauncher: Component 'msstyles' variant[5] references missing file: msstyles/SQR/DRK 25 SQR - light.msstyles
2026-05-30 15:53:49,596 [WARNING] ThemeLauncher: Component 'themes' variant[0] references missing file: themes/MAC/DRK 25 MAC.theme
2026-05-30 15:53:49,596 [WARNING] ThemeLauncher: Component 'themes' variant[1] references missing file: themes/MAC/DRK 25 MAC - Dark.theme
2026-05-30 15:53:49,596 [WARNING] ThemeLauncher: Component 'themes' variant[2] references missing file: themes/MAC/DRK 25 MAC - Light.theme
2026-05-30 15:53:49,596 [WARNING] ThemeLauncher: Component 'themes' variant[3] references missing file: themes/SQR/DRK 25 SQR.theme
2026-05-30 15:53:49,596 [WARNING] ThemeLauncher: Component 'themes' variant[4] references missing file: themes/SQR/DRK 25 SQR - Dark.theme
2026-05-30 15:53:49,596 [WARNING] ThemeLauncher: Component 'themes' variant[5] references missing file: themes/SQR/DRK 25 SQR - Light.theme
2026-05-30 15:53:49,596 [WARNING] ThemeLauncher: Component 'themes' variant[6] references missing file: themes/WIN/DRK 25 WIN.theme
2026-05-30 15:53:49,596 [WARNING] ThemeLauncher: Component 'themes' variant[7] references missing file: themes/WIN/DRK 25 WIN - Dark.theme
2026-05-30 15:53:49,596 [WARNING] ThemeLauncher: Component 'themes' variant[8] references missing file: themes/WIN/DRK 25 WIN - Light.theme
2026-05-30 15:53:49,596 [INFO] ThemeLauncher: Loaded theme: DRK 25
2026-05-30 15:53:49,596 [WARNING] ThemeLauncher: Skipping Extras: No manifest.json found in C:\\Users\\kyleh\\.gemini\\Themes\Extras
2026-05-30 15:53:49,597 [INFO] ThemeLauncher: Loaded theme: Gruvbox
2026-05-30 15:53:49,598 [INFO] ThemeLauncher: Loaded theme: iWin
2026-05-30 15:53:49,599 [INFO] ThemeLauncher: Loaded theme: Janguru
2026-05-30 15:53:49,599 [INFO] ThemeLauncher: Loaded theme: Japan 26
2026-05-30 15:53:49,600 [INFO] ThemeLauncher: Loaded theme: Kanagawa
2026-05-30 15:53:49,601 [INFO] ThemeLauncher: Loaded theme: Kripton
2026-05-30 15:53:49,603 [INFO] ThemeLauncher: Loaded theme: Night Owl
2026-05-30 15:53:49,603 [WARNING] ThemeLauncher: Component 'themes' variant[0] references missing file: themes/Paranoid Android - LUV - dark.theme
2026-05-30 15:53:49,604 [WARNING] ThemeLauncher: Component 'themes' variant[1] references missing file: themes/Paranoid Android - LUV - light.theme
2026-05-30 15:53:49,604 [WARNING] ThemeLauncher: Component 'themes' variant[2] references missing file: themes/Paranoid Android - LUV - night.theme
2026-05-30 15:53:49,604 [WARNING] ThemeLauncher: Component 'themes' variant[3] references missing file: themes/Paranoid Android - Nebula - dark.theme
2026-05-30 15:53:49,604 [WARNING] ThemeLauncher: Component 'themes' variant[4] references missing file: themes/Paranoid Android - Nebula - light.theme
2026-05-30 15:53:49,604 [WARNING] ThemeLauncher: Component 'themes' variant[5] references missing file: themes/Paranoid Android - Nebula - night.theme
2026-05-30 15:53:49,604 [WARNING] ThemeLauncher: Component 'themes' variant[6] references missing file: themes/Paranoid Android - Sweet - dark.theme
2026-05-30 15:53:49,604 [WARNING] ThemeLauncher: Component 'themes' variant[7] references missing file: themes/Paranoid Android - Sweet - light.theme
2026-05-30 15:53:49,604 [WARNING] ThemeLauncher: Component 'themes' variant[8] references missing file: themes/Paranoid Android - Sweet - night.theme
2026-05-30 15:53:49,604 [WARNING] ThemeLauncher: Component 'startorb' variant[0] references missing file: orbs/Paranoid Start Orb.svg
2026-05-30 15:53:49,604 [WARNING] ThemeLauncher: Component 'startorb' variant[1] references missing file: orbs/StartAllBack explorer.png
2026-05-30 15:53:49,604 [WARNING] ThemeLauncher: Component 'startorb' variant[2] references missing file: orbs/StartAllBack taskbar.png
2026-05-30 15:53:49,604 [INFO] ThemeLauncher: Loaded theme: Paranoid Android
2026-05-30 15:53:49,605 [INFO] ThemeLauncher: Loaded theme: Retro
2026-05-30 15:53:49,606 [WARNING] ThemeLauncher: Component 'cursors' references missing path: cursors
2026-05-30 15:53:49,606 [INFO] ThemeLauncher: Loaded theme: Rose Pine
2026-05-30 15:53:49,607 [INFO] ThemeLauncher: Loaded theme: Solarized
2026-05-30 15:53:49,607 [WARNING] ThemeLauncher: Component 'themes' variant[0] references missing file: themes/SynthWave '84 dark - luv.theme
2026-05-30 15:53:49,608 [WARNING] ThemeLauncher: Component 'themes' variant[1] references missing file: themes/SynthWave '84 dark - mac.theme
2026-05-30 15:53:49,608 [WARNING] ThemeLauncher: Component 'themes' variant[2] references missing file: themes/SynthWave '84 dark - mac gloss.theme
2026-05-30 15:53:49,608 [WARNING] ThemeLauncher: Component 'themes' variant[3] references missing file: themes/SynthWave '84 dark - nude.theme
2026-05-30 15:53:49,608 [WARNING] ThemeLauncher: Component 'themes' variant[4] references missing file: themes/SynthWave '84 night - luv.theme
2026-05-30 15:53:49,608 [WARNING] ThemeLauncher: Component 'themes' variant[5] references missing file: themes/SynthWave '84 night - mac.theme
2026-05-30 15:53:49,608 [WARNING] ThemeLauncher: Component 'themes' variant[6] references missing file: themes/SynthWave '84 night - mac gloss.theme
2026-05-30 15:53:49,608 [WARNING] ThemeLauncher: Component 'themes' variant[7] references missing file: themes/SynthWave '84 night - nude.theme
2026-05-30 15:53:49,608 [INFO] ThemeLauncher: Loaded theme: SynthWave '84
2026-05-30 15:53:49,609 [WARNING] ThemeLauncher: Component 'themes' variant[0] references missing file: themes/Tokyo Dark Night Circle Fill NA.theme
2026-05-30 15:53:49,609 [WARNING] ThemeLauncher: Component 'themes' variant[8] references missing file: themes/Tokyo Dark Storm Circle Fill NA.theme
2026-05-30 15:53:49,609 [INFO] ThemeLauncher: Loaded theme: Tokyo Night
2026-05-30 15:54:52,747 [WARNING] ThemeLauncher: Skipping .vscode: No manifest.json found in C:\\Users\\kyleh\\.gemini\\Themes\.vscode
2026-05-30 15:54:52,747 [WARNING] ThemeLauncher: Component 'themes' variant[0] references missing file: themes/Black-DASH.theme
2026-05-30 15:54:52,748 [WARNING] ThemeLauncher: Component 'themes' variant[1] references missing file: themes/Black-DOTS.theme
2026-05-30 15:54:52,748 [WARNING] ThemeLauncher: Component 'themes' variant[2] references missing file: themes/Black-LIN.theme
2026-05-30 15:54:52,748 [WARNING] ThemeLauncher: Component 'themes' variant[3] references missing file: themes/Black-Mac.theme
2026-05-30 15:54:52,748 [WARNING] ThemeLauncher: Component 'themes' variant[4] references missing file: themes/Black-NU.theme
2026-05-30 15:54:52,748 [WARNING] ThemeLauncher: Component 'themes' variant[5] references missing file: themes/Black-Round.theme
2026-05-30 15:54:52,748 [WARNING] ThemeLauncher: Component 'themes' variant[6] references missing file: themes/Black-SLASH.theme
2026-05-30 15:54:52,748 [WARNING] ThemeLauncher: Component 'themes' variant[7] references missing file: themes/Black-Win.theme
2026-05-30 15:54:52,748 [WARNING] ThemeLauncher: Component 'themes' variant[8] references missing file: themes/Dark-DASH.theme
2026-05-30 15:54:52,748 [WARNING] ThemeLauncher: Component 'themes' variant[9] references missing file: themes/Dark-DOTS.theme
2026-05-30 15:54:52,748 [WARNING] ThemeLauncher: Component 'themes' variant[10] references missing file: themes/Dark-LIN.theme
2026-05-30 15:54:52,748 [WARNING] ThemeLauncher: Component 'themes' variant[11] references missing file: themes/Dark-Mac.theme
2026-05-30 15:54:52,748 [WARNING] ThemeLauncher: Component 'themes' variant[12] references missing file: themes/Dark-NU.theme
2026-05-30 15:54:52,748 [WARNING] ThemeLauncher: Component 'themes' variant[13] references missing file: themes/Dark-Round.theme
2026-05-30 15:54:52,748 [WARNING] ThemeLauncher: Component 'themes' variant[14] references missing file: themes/Dark-SLASH.theme
2026-05-30 15:54:52,748 [WARNING] ThemeLauncher: Component 'themes' variant[15] references missing file: themes/Dark-Win.theme
2026-05-30 15:54:52,749 [INFO] ThemeLauncher: Loaded theme: BlackIsBack
2026-05-30 15:54:52,749 [INFO] ThemeLauncher: Loaded theme: Buuf OS2
2026-05-30 15:54:52,750 [WARNING] ThemeLauncher: Component 'wallpapers' variant[0] references missing file: wallpapers/Delta v1/casey-horner-NIIVU-unsplash.jpg
2026-05-30 15:54:52,750 [WARNING] ThemeLauncher: Component 'wallpapers' variant[1] references missing file: wallpapers/Delta v1/daniel-mirlea-NIIVU-unsplash.jpg
2026-05-30 15:54:52,750 [WARNING] ThemeLauncher: Component 'wallpapers' variant[2] references missing file: wallpapers/Delta v1/joshua-earle-NIIVU-unsplash.jpg
2026-05-30 15:54:52,750 [WARNING] ThemeLauncher: Component 'wallpapers' variant[3] references missing file: wallpapers/Delta v1/petr-slovacek-NIIVU-unsplash.jpg
2026-05-30 15:54:52,750 [WARNING] ThemeLauncher: Component 'wallpapers' variant[4] references missing file: wallpapers/Delta v1/waves.jpeg
2026-05-30 15:54:52,750 [WARNING] ThemeLauncher: Component 'wallpapers' variant[5] references missing file: wallpapers/Delta v1/foggy.jpeg
2026-05-30 15:54:52,750 [WARNING] ThemeLauncher: Component 'wallpapers' variant[6] references missing file: wallpapers/Delta v1/geo.jpeg
2026-05-30 15:54:52,750 [WARNING] ThemeLauncher: Component 'wallpapers' variant[7] references missing file: wallpapers/Delta v1/nebula.jpeg
2026-05-30 15:54:52,750 [WARNING] ThemeLauncher: Component 'wallpapers' variant[8] references missing file: wallpapers/Delta v1/waterfall.jpeg
2026-05-30 15:54:52,750 [WARNING] ThemeLauncher: Component 'wallpapers' variant[9] references missing file: wallpapers/Delta v1/drip.jpeg
2026-05-30 15:54:52,750 [INFO] ThemeLauncher: Loaded theme: Delta v1
2026-05-30 15:54:52,752 [INFO] ThemeLauncher: Loaded theme: Delta v2
2026-05-30 15:54:52,752 [WARNING] ThemeLauncher: Component 'msstyles' variant[0] references missing file: msstyles/MAC/DRK 25 MAC.msstyles
2026-05-30 15:54:52,752 [WARNING] ThemeLauncher: Component 'msstyles' variant[1] references missing file: msstyles/MAC/DRK 25 MAC - dark.msstyles
2026-05-30 15:54:52,752 [WARNING] ThemeLauncher: Component 'msstyles' variant[2] references missing file: msstyles/MAC/DRK 25 MAC - light.msstyles
2026-05-30 15:54:52,752 [WARNING] ThemeLauncher: Component 'msstyles' variant[3] references missing file: msstyles/SQR/DRK 25 SQR.msstyles
2026-05-30 15:54:52,752 [WARNING] ThemeLauncher: Component 'msstyles' variant[4] references missing file: msstyles/SQR/DRK 25 SQR - dark.msstyles
2026-05-30 15:54:52,752 [WARNING] ThemeLauncher: Component 'msstyles' variant[5] references missing file: msstyles/SQR/DRK 25 SQR - light.msstyles
2026-05-30 15:54:52,752 [WARNING] ThemeLauncher: Component 'themes' variant[0] references missing file: themes/MAC/DRK 25 MAC.theme
2026-05-30 15:54:52,752 [WARNING] ThemeLauncher: Component 'themes' variant[1] references missing file: themes/MAC/DRK 25 MAC - Dark.theme
2026-05-30 15:54:52,753 [WARNING] ThemeLauncher: Component 'themes' variant[2] references missing file: themes/MAC/DRK 25 MAC - Light.theme
2026-05-30 15:54:52,753 [WARNING] ThemeLauncher: Component 'themes' variant[3] references missing file: themes/SQR/DRK 25 SQR.theme
2026-05-30 15:54:52,753 [WARNING] ThemeLauncher: Component 'themes' variant[4] references missing file: themes/SQR/DRK 25 SQR - Dark.theme
2026-05-30 15:54:52,753 [WARNING] ThemeLauncher: Component 'themes' variant[5] references missing file: themes/SQR/DRK 25 SQR - Light.theme
2026-05-30 15:54:52,753 [WARNING] ThemeLauncher: Component 'themes' variant[6] references missing file: themes/WIN/DRK 25 WIN.theme
2026-05-30 15:54:52,753 [WARNING] ThemeLauncher: Component 'themes' variant[7] references missing file: themes/WIN/DRK 25 WIN - Dark.theme
2026-05-30 15:54:52,753 [WARNING] ThemeLauncher: Component 'themes' variant[8] references missing file: themes/WIN/DRK 25 WIN - Light.theme
2026-05-30 15:54:52,753 [INFO] ThemeLauncher: Loaded theme: DRK 25
2026-05-30 15:54:52,753 [WARNING] ThemeLauncher: Skipping Extras: No manifest.json found in C:\\Users\\kyleh\\.gemini\\Themes\Extras
2026-05-30 15:54:52,754 [INFO] ThemeLauncher: Loaded theme: Gruvbox
2026-05-30 15:54:52,755 [INFO] ThemeLauncher: Loaded theme: iWin
2026-05-30 15:54:52,756 [INFO] ThemeLauncher: Loaded theme: Janguru
2026-05-30 15:54:52,757 [INFO] ThemeLauncher: Loaded theme: Japan 26
2026-05-30 15:54:52,757 [INFO] ThemeLauncher: Loaded theme: Kanagawa
2026-05-30 15:54:52,758 [INFO] ThemeLauncher: Loaded theme: Kripton
2026-05-30 15:54:52,759 [INFO] ThemeLauncher: Loaded theme: Night Owl
2026-05-30 15:54:52,760 [WARNING] ThemeLauncher: Component 'themes' variant[0] references missing file: themes/Paranoid Android - LUV - dark.theme
2026-05-30 15:54:52,760 [WARNING] ThemeLauncher: Component 'themes' variant[1] references missing file: themes/Paranoid Android - LUV - light.theme
2026-05-30 15:54:52,760 [WARNING] ThemeLauncher: Component 'themes' variant[2] references missing file: themes/Paranoid Android - LUV - night.theme
2026-05-30 15:54:52,760 [WARNING] ThemeLauncher: Component 'themes' variant[3] references missing file: themes/Paranoid Android - Nebula - dark.theme
2026-05-30 15:54:52,760 [WARNING] ThemeLauncher: Component 'themes' variant[4] references missing file: themes/Paranoid Android - Nebula - light.theme
2026-05-30 15:54:52,760 [WARNING] ThemeLauncher: Component 'themes' variant[5] references missing file: themes/Paranoid Android - Nebula - night.theme
2026-05-30 15:54:52,760 [WARNING] ThemeLauncher: Component 'themes' variant[6] references missing file: themes/Paranoid Android - Sweet - dark.theme
2026-05-30 15:54:52,760 [WARNING] ThemeLauncher: Component 'themes' variant[7] references missing file: themes/Paranoid Android - Sweet - light.theme
2026-05-30 15:54:52,760 [WARNING] ThemeLauncher: Component 'themes' variant[8] references missing file: themes/Paranoid Android - Sweet - night.theme
2026-05-30 15:54:52,760 [WARNING] ThemeLauncher: Component 'startorb' variant[0] references missing file: orbs/Paranoid Start Orb.svg
2026-05-30 15:54:52,760 [WARNING] ThemeLauncher: Component 'startorb' variant[1] references missing file: orbs/StartAllBack explorer.png
2026-05-30 15:54:52,761 [WARNING] ThemeLauncher: Component 'startorb' variant[2] references missing file: orbs/StartAllBack taskbar.png
2026-05-30 15:54:52,761 [INFO] ThemeLauncher: Loaded theme: Paranoid Android
2026-05-30 15:54:52,761 [INFO] ThemeLauncher: Loaded theme: Retro
2026-05-30 15:54:52,763 [WARNING] ThemeLauncher: Component 'cursors' references missing path: cursors
2026-05-30 15:54:52,763 [INFO] ThemeLauncher: Loaded theme: Rose Pine
2026-05-30 15:54:52,764 [INFO] ThemeLauncher: Loaded theme: Solarized
2026-05-30 15:54:52,765 [WARNING] ThemeLauncher: Component 'themes' variant[0] references missing file: themes/SynthWave '84 dark - luv.theme
2026-05-30 15:54:52,765 [WARNING] ThemeLauncher: Component 'themes' variant[1] references missing file: themes/SynthWave '84 dark - mac.theme
2026-05-30 15:54:52,765 [WARNING] ThemeLauncher: Component 'themes' variant[2] references missing file: themes/SynthWave '84 dark - mac gloss.theme
2026-05-30 15:54:52,765 [WARNING] ThemeLauncher: Component 'themes' variant[3] references missing file: themes/SynthWave '84 dark - nude.theme
2026-05-30 15:54:52,765 [WARNING] ThemeLauncher: Component 'themes' variant[4] references missing file: themes/SynthWave '84 night - luv.theme
2026-05-30 15:54:52,765 [WARNING] ThemeLauncher: Component 'themes' variant[5] references missing file: themes/SynthWave '84 night - mac.theme
2026-05-30 15:54:52,765 [WARNING] ThemeLauncher: Component 'themes' variant[6] references missing file: themes/SynthWave '84 night - mac gloss.theme
2026-05-30 15:54:52,765 [WARNING] ThemeLauncher: Component 'themes' variant[7] references missing file: themes/SynthWave '84 night - nude.theme
2026-05-30 15:54:52,766 [INFO] ThemeLauncher: Loaded theme: SynthWave '84
2026-05-30 15:54:52,766 [WARNING] ThemeLauncher: Component 'themes' variant[0] references missing file: themes/Tokyo Dark Night Circle Fill NA.theme
2026-05-30 15:54:52,766 [WARNING] ThemeLauncher: Component 'themes' variant[8] references missing file: themes/Tokyo Dark Storm Circle Fill NA.theme
2026-05-30 15:54:52,767 [INFO] ThemeLauncher: Loaded theme: Tokyo Night
2026-05-30 20:05:02,829 [WARNING] ThemeLauncher: Skipping .vscode: No manifest.json found in C:\\Users\\kyleh\\.gemini\\Themes\.vscode
2026-05-30 20:05:02,836 [WARNING] ThemeLauncher: Component 'themes' variant[0] references missing file: themes/Black-DASH.theme
2026-05-30 20:05:02,836 [WARNING] ThemeLauncher: Component 'themes' variant[1] references missing file: themes/Black-DOTS.theme
2026-05-30 20:05:02,836 [WARNING] ThemeLauncher: Component 'themes' variant[2] references missing file: themes/Black-LIN.theme
2026-05-30 20:05:02,836 [WARNING] ThemeLauncher: Component 'themes' variant[3] references missing file: themes/Black-Mac.theme
2026-05-30 20:05:02,836 [WARNING] ThemeLauncher: Component 'themes' variant[4] references missing file: themes/Black-NU.theme
2026-05-30 20:05:02,836 [WARNING] ThemeLauncher: Component 'themes' variant[5] references missing file: themes/Black-Round.theme
2026-05-30 20:05:02,836 [WARNING] ThemeLauncher: Component 'themes' variant[6] references missing file: themes/Black-SLASH.theme
2026-05-30 20:05:02,836 [WARNING] ThemeLauncher: Component 'themes' variant[7] references missing file: themes/Black-Win.theme
2026-05-30 20:05:02,836 [WARNING] ThemeLauncher: Component 'themes' variant[8] references missing file: themes/Dark-DASH.theme
2026-05-30 20:05:02,836 [WARNING] ThemeLauncher: Component 'themes' variant[9] references missing file: themes/Dark-DOTS.theme
2026-05-30 20:05:02,836 [WARNING] ThemeLauncher: Component 'themes' variant[10] references missing file: themes/Dark-LIN.theme
2026-05-30 20:05:02,836 [WARNING] ThemeLauncher: Component 'themes' variant[11] references missing file: themes/Dark-Mac.theme
2026-05-30 20:05:02,837 [WARNING] ThemeLauncher: Component 'themes' variant[12] references missing file: themes/Dark-NU.theme
2026-05-30 20:05:02,837 [WARNING] ThemeLauncher: Component 'themes' variant[13] references missing file: themes/Dark-Round.theme
2026-05-30 20:05:02,837 [WARNING] ThemeLauncher: Component 'themes' variant[14] references missing file: themes/Dark-SLASH.theme
2026-05-30 20:05:02,837 [WARNING] ThemeLauncher: Component 'themes' variant[15] references missing file: themes/Dark-Win.theme
2026-05-30 20:05:02,837 [INFO] ThemeLauncher: Loaded theme: BlackIsBack
2026-05-30 20:05:02,844 [INFO] ThemeLauncher: Loaded theme: Buuf OS2
2026-05-30 20:05:02,851 [WARNING] ThemeLauncher: Component 'wallpapers' variant[0] references missing file: wallpapers/Delta v1/casey-horner-NIIVU-unsplash.jpg
2026-05-30 20:05:02,851 [WARNING] ThemeLauncher: Component 'wallpapers' variant[1] references missing file: wallpapers/Delta v1/daniel-mirlea-NIIVU-unsplash.jpg
2026-05-30 20:05:02,851 [WARNING] ThemeLauncher: Component 'wallpapers' variant[2] references missing file: wallpapers/Delta v1/joshua-earle-NIIVU-unsplash.jpg
2026-05-30 20:05:02,851 [WARNING] ThemeLauncher: Component 'wallpapers' variant[3] references missing file: wallpapers/Delta v1/petr-slovacek-NIIVU-unsplash.jpg
2026-05-30 20:05:02,851 [WARNING] ThemeLauncher: Component 'wallpapers' variant[4] references missing file: wallpapers/Delta v1/waves.jpeg
2026-05-30 20:05:02,851 [WARNING] ThemeLauncher: Component 'wallpapers' variant[5] references missing file: wallpapers/Delta v1/foggy.jpeg
2026-05-30 20:05:02,851 [WARNING] ThemeLauncher: Component 'wallpapers' variant[6] references missing file: wallpapers/Delta v1/geo.jpeg
2026-05-30 20:05:02,851 [WARNING] ThemeLauncher: Component 'wallpapers' variant[7] references missing file: wallpapers/Delta v1/nebula.jpeg
2026-05-30 20:05:02,851 [WARNING] ThemeLauncher: Component 'wallpapers' variant[8] references missing file: wallpapers/Delta v1/waterfall.jpeg
2026-05-30 20:05:02,852 [WARNING] ThemeLauncher: Component 'wallpapers' variant[9] references missing file: wallpapers/Delta v1/drip.jpeg
2026-05-30 20:05:02,852 [INFO] ThemeLauncher: Loaded theme: Delta v1
2026-05-30 20:05:02,858 [INFO] ThemeLauncher: Loaded theme: Delta v2
2026-05-30 20:05:02,865 [WARNING] ThemeLauncher: Component 'msstyles' variant[0] references missing file: msstyles/MAC/DRK 25 MAC.msstyles
2026-05-30 20:05:02,865 [WARNING] ThemeLauncher: Component 'msstyles' variant[1] references missing file: msstyles/MAC/DRK 25 MAC - dark.msstyles
2026-05-30 20:05:02,865 [WARNING] ThemeLauncher: Component 'msstyles' variant[2] references missing file: msstyles/MAC/DRK 25 MAC - light.msstyles
2026-05-30 20:05:02,865 [WARNING] ThemeLauncher: Component 'msstyles' variant[3] references missing file: msstyles/SQR/DRK 25 SQR.msstyles
2026-05-30 20:05:02,865 [WARNING] ThemeLauncher: Component 'msstyles' variant[4] references missing file: msstyles/SQR/DRK 25 SQR - dark.msstyles
2026-05-30 20:05:02,865 [WARNING] ThemeLauncher: Component 'msstyles' variant[5] references missing file: msstyles/SQR/DRK 25 SQR - light.msstyles
2026-05-30 20:05:02,866 [WARNING] ThemeLauncher: Component 'themes' variant[0] references missing file: themes/MAC/DRK 25 MAC.theme
2026-05-30 20:05:02,866 [WARNING] ThemeLauncher: Component 'themes' variant[1] references missing file: themes/MAC/DRK 25 MAC - Dark.theme
2026-05-30 20:05:02,866 [WARNING] ThemeLauncher: Component 'themes' variant[2] references missing file: themes/MAC/DRK 25 MAC - Light.theme
2026-05-30 20:05:02,866 [WARNING] ThemeLauncher: Component 'themes' variant[3] references missing file: themes/SQR/DRK 25 SQR.theme
2026-05-30 20:05:02,866 [WARNING] ThemeLauncher: Component 'themes' variant[4] references missing file: themes/SQR/DRK 25 SQR - Dark.theme
2026-05-30 20:05:02,866 [WARNING] ThemeLauncher: Component 'themes' variant[5] references missing file: themes/SQR/DRK 25 SQR - Light.theme
2026-05-30 20:05:02,866 [WARNING] ThemeLauncher: Component 'themes' variant[6] references missing file: themes/WIN/DRK 25 WIN.theme
2026-05-30 20:05:02,866 [WARNING] ThemeLauncher: Component 'themes' variant[7] references missing file: themes/WIN/DRK 25 WIN - Dark.theme
2026-05-30 20:05:02,866 [WARNING] ThemeLauncher: Component 'themes' variant[8] references missing file: themes/WIN/DRK 25 WIN - Light.theme
2026-05-30 20:05:02,867 [INFO] ThemeLauncher: Loaded theme: DRK 25
2026-05-30 20:05:02,867 [WARNING] ThemeLauncher: Skipping Extras: No manifest.json found in C:\\Users\\kyleh\\.gemini\\Themes\Extras
2026-05-30 20:05:02,874 [INFO] ThemeLauncher: Loaded theme: Gruvbox
2026-05-30 20:05:02,881 [INFO] ThemeLauncher: Loaded theme: iWin
2026-05-30 20:05:02,887 [INFO] ThemeLauncher: Loaded theme: Janguru
2026-05-30 20:05:02,895 [INFO] ThemeLauncher: Loaded theme: Japan 26
2026-05-30 20:05:02,902 [INFO] ThemeLauncher: Loaded theme: Kanagawa
2026-05-30 20:05:02,908 [INFO] ThemeLauncher: Loaded theme: Kripton
2026-05-30 20:05:02,916 [INFO] ThemeLauncher: Loaded theme: Night Owl
2026-05-30 20:05:02,918 [WARNING] ThemeLauncher: Component 'themes' variant[0] references missing file: themes/Paranoid Android - LUV - dark.theme
2026-05-30 20:05:02,918 [WARNING] ThemeLauncher: Component 'themes' variant[1] references missing file: themes/Paranoid Android - LUV - light.theme
2026-05-30 20:05:02,918 [WARNING] ThemeLauncher: Component 'themes' variant[2] references missing file: themes/Paranoid Android - LUV - night.theme
2026-05-30 20:05:02,918 [WARNING] ThemeLauncher: Component 'themes' variant[3] references missing file: themes/Paranoid Android - Nebula - dark.theme
2026-05-30 20:05:02,919 [WARNING] ThemeLauncher: Component 'themes' variant[4] references missing file: themes/Paranoid Android - Nebula - light.theme
2026-05-30 20:05:02,919 [WARNING] ThemeLauncher: Component 'themes' variant[5] references missing file: themes/Paranoid Android - Nebula - night.theme
2026-05-30 20:05:02,919 [WARNING] ThemeLauncher: Component 'themes' variant[6] references missing file: themes/Paranoid Android - Sweet - dark.theme
2026-05-30 20:05:02,919 [WARNING] ThemeLauncher: Component 'themes' variant[7] references missing file: themes/Paranoid Android - Sweet - light.theme
2026-05-30 20:05:02,919 [WARNING] ThemeLauncher: Component 'themes' variant[8] references missing file: themes/Paranoid Android - Sweet - night.theme
2026-05-30 20:05:02,919 [WARNING] ThemeLauncher: Component 'startorb' variant[0] references missing file: orbs/Paranoid Start Orb.svg
2026-05-30 20:05:02,919 [WARNING] ThemeLauncher: Component 'startorb' variant[1] references missing file: orbs/StartAllBack explorer.png
2026-05-30 20:05:02,919 [WARNING] ThemeLauncher: Component 'startorb' variant[2] references missing file: orbs/StartAllBack taskbar.png
2026-05-30 20:05:02,919 [INFO] ThemeLauncher: Loaded theme: Paranoid Android
2026-05-30 20:05:02,927 [INFO] ThemeLauncher: Loaded theme: Retro
2026-05-30 20:05:02,935 [WARNING] ThemeLauncher: Component 'cursors' references missing path: cursors
2026-05-30 20:05:02,935 [INFO] ThemeLauncher: Loaded theme: Rose Pine
2026-05-30 20:05:02,942 [INFO] ThemeLauncher: Loaded theme: Solarized
2026-05-30 20:05:02,951 [WARNING] ThemeLauncher: Component 'themes' variant[0] references missing file: themes/SynthWave '84 dark - luv.theme
2026-05-30 20:05:02,951 [WARNING] ThemeLauncher: Component 'themes' variant[1] references missing file: themes/SynthWave '84 dark - mac.theme
2026-05-30 20:05:02,951 [WARNING] ThemeLauncher: Component 'themes' variant[2] references missing file: themes/SynthWave '84 dark - mac gloss.theme
2026-05-30 20:05:02,951 [WARNING] ThemeLauncher: Component 'themes' variant[3] references missing file: themes/SynthWave '84 dark - nude.theme
2026-05-30 20:05:02,951 [WARNING] ThemeLauncher: Component 'themes' variant[4] references missing file: themes/SynthWave '84 night - luv.theme
2026-05-30 20:05:02,951 [WARNING] ThemeLauncher: Component 'themes' variant[5] references missing file: themes/SynthWave '84 night - mac.theme
2026-05-30 20:05:02,952 [WARNING] ThemeLauncher: Component 'themes' variant[6] references missing file: themes/SynthWave '84 night - mac gloss.theme
2026-05-30 20:05:02,952 [WARNING] ThemeLauncher: Component 'themes' variant[7] references missing file: themes/SynthWave '84 night - nude.theme
2026-05-30 20:05:02,952 [INFO] ThemeLauncher: Loaded theme: SynthWave '84
2026-05-30 20:05:02,959 [WARNING] ThemeLauncher: Component 'themes' variant[0] references missing file: themes/Tokyo Dark Night Circle Fill NA.theme
2026-05-30 20:05:02,959 [WARNING] ThemeLauncher: Component 'themes' variant[8] references missing file: themes/Tokyo Dark Storm Circle Fill NA.theme
2026-05-30 20:05:02,961 [INFO] ThemeLauncher: Loaded theme: Tokyo Night
2026-05-30 20:06:26,057 [WARNING] ThemeLauncher: Skipping .vscode: No manifest.json found in C:\\Users\\kyleh\\.gemini\\Themes\.vscode
2026-05-30 20:06:26,058 [WARNING] ThemeLauncher: Component 'themes' variant[0] references missing file: themes/Black-DASH.theme
2026-05-30 20:06:26,058 [WARNING] ThemeLauncher: Component 'themes' variant[1] references missing file: themes/Black-DOTS.theme
2026-05-30 20:06:26,058 [WARNING] ThemeLauncher: Component 'themes' variant[2] references missing file: themes/Black-LIN.theme
2026-05-30 20:06:26,058 [WARNING] ThemeLauncher: Component 'themes' variant[3] references missing file: themes/Black-Mac.theme
2026-05-30 20:06:26,058 [WARNING] ThemeLauncher: Component 'themes' variant[4] references missing file: themes/Black-NU.theme
2026-05-30 20:06:26,058 [WARNING] ThemeLauncher: Component 'themes' variant[5] references missing file: themes/Black-Round.theme
2026-05-30 20:06:26,058 [WARNING] ThemeLauncher: Component 'themes' variant[6] references missing file: themes/Black-SLASH.theme
2026-05-30 20:06:26,059 [WARNING] ThemeLauncher: Component 'themes' variant[7] references missing file: themes/Black-Win.theme
2026-05-30 20:06:26,059 [WARNING] ThemeLauncher: Component 'themes' variant[8] references missing file: themes/Dark-DASH.theme
2026-05-30 20:06:26,059 [WARNING] ThemeLauncher: Component 'themes' variant[9] references missing file: themes/Dark-DOTS.theme
2026-05-30 20:06:26,059 [WARNING] ThemeLauncher: Component 'themes' variant[10] references missing file: themes/Dark-LIN.theme
2026-05-30 20:06:26,059 [WARNING] ThemeLauncher: Component 'themes' variant[11] references missing file: themes/Dark-Mac.theme
2026-05-30 20:06:26,059 [WARNING] ThemeLauncher: Component 'themes' variant[12] references missing file: themes/Dark-NU.theme
2026-05-30 20:06:26,059 [WARNING] ThemeLauncher: Component 'themes' variant[13] references missing file: themes/Dark-Round.theme
2026-05-30 20:06:26,059 [WARNING] ThemeLauncher: Component 'themes' variant[14] references missing file: themes/Dark-SLASH.theme
2026-05-30 20:06:26,059 [WARNING] ThemeLauncher: Component 'themes' variant[15] references missing file: themes/Dark-Win.theme
2026-05-30 20:06:26,059 [INFO] ThemeLauncher: Loaded theme: BlackIsBack
2026-05-30 20:06:26,060 [INFO] ThemeLauncher: Loaded theme: Buuf OS2
2026-05-30 20:06:26,060 [WARNING] ThemeLauncher: Component 'wallpapers' variant[0] references missing file: wallpapers/Delta v1/casey-horner-NIIVU-unsplash.jpg
2026-05-30 20:06:26,060 [WARNING] ThemeLauncher: Component 'wallpapers' variant[1] references missing file: wallpapers/Delta v1/daniel-mirlea-NIIVU-unsplash.jpg
2026-05-30 20:06:26,060 [WARNING] ThemeLauncher: Component 'wallpapers' variant[2] references missing file: wallpapers/Delta v1/joshua-earle-NIIVU-unsplash.jpg
2026-05-30 20:06:26,060 [WARNING] ThemeLauncher: Component 'wallpapers' variant[3] references missing file: wallpapers/Delta v1/petr-slovacek-NIIVU-unsplash.jpg
2026-05-30 20:06:26,061 [WARNING] ThemeLauncher: Component 'wallpapers' variant[4] references missing file: wallpapers/Delta v1/waves.jpeg
2026-05-30 20:06:26,061 [WARNING] ThemeLauncher: Component 'wallpapers' variant[5] references missing file: wallpapers/Delta v1/foggy.jpeg
2026-05-30 20:06:26,061 [WARNING] ThemeLauncher: Component 'wallpapers' variant[6] references missing file: wallpapers/Delta v1/geo.jpeg
2026-05-30 20:06:26,061 [WARNING] ThemeLauncher: Component 'wallpapers' variant[7] references missing file: wallpapers/Delta v1/nebula.jpeg
2026-05-30 20:06:26,061 [WARNING] ThemeLauncher: Component 'wallpapers' variant[8] references missing file: wallpapers/Delta v1/waterfall.jpeg
2026-05-30 20:06:26,061 [WARNING] ThemeLauncher: Component 'wallpapers' variant[9] references missing file: wallpapers/Delta v1/drip.jpeg
2026-05-30 20:06:26,061 [INFO] ThemeLauncher: Loaded theme: Delta v1
2026-05-30 20:06:26,062 [INFO] ThemeLauncher: Loaded theme: Delta v2
2026-05-30 20:06:26,062 [WARNING] ThemeLauncher: Component 'msstyles' variant[0] references missing file: msstyles/MAC/DRK 25 MAC.msstyles
2026-05-30 20:06:26,062 [WARNING] ThemeLauncher: Component 'msstyles' variant[1] references missing file: msstyles/MAC/DRK 25 MAC - dark.msstyles
2026-05-30 20:06:26,062 [WARNING] ThemeLauncher: Component 'msstyles' variant[2] references missing file: msstyles/MAC/DRK 25 MAC - light.msstyles
2026-05-30 20:06:26,062 [WARNING] ThemeLauncher: Component 'msstyles' variant[3] references missing file: msstyles/SQR/DRK 25 SQR.msstyles
2026-05-30 20:06:26,062 [WARNING] ThemeLauncher: Component 'msstyles' variant[4] references missing file: msstyles/SQR/DRK 25 SQR - dark.msstyles
2026-05-30 20:06:26,062 [WARNING] ThemeLauncher: Component 'msstyles' variant[5] references missing file: msstyles/SQR/DRK 25 SQR - light.msstyles
2026-05-30 20:06:26,062 [WARNING] ThemeLauncher: Component 'themes' variant[0] references missing file: themes/MAC/DRK 25 MAC.theme
2026-05-30 20:06:26,062 [WARNING] ThemeLauncher: Component 'themes' variant[1] references missing file: themes/MAC/DRK 25 MAC - Dark.theme
2026-05-30 20:06:26,062 [WARNING] ThemeLauncher: Component 'themes' variant[2] references missing file: themes/MAC/DRK 25 MAC - Light.theme
2026-05-30 20:06:26,063 [WARNING] ThemeLauncher: Component 'themes' variant[3] references missing file: themes/SQR/DRK 25 SQR.theme
2026-05-30 20:06:26,063 [WARNING] ThemeLauncher: Component 'themes' variant[4] references missing file: themes/SQR/DRK 25 SQR - Dark.theme
2026-05-30 20:06:26,063 [WARNING] ThemeLauncher: Component 'themes' variant[5] references missing file: themes/SQR/DRK 25 SQR - Light.theme
2026-05-30 20:06:26,063 [WARNING] ThemeLauncher: Component 'themes' variant[6] references missing file: themes/WIN/DRK 25 WIN.theme
2026-05-30 20:06:26,063 [WARNING] ThemeLauncher: Component 'themes' variant[7] references missing file: themes/WIN/DRK 25 WIN - Dark.theme
2026-05-30 20:06:26,063 [WARNING] ThemeLauncher: Component 'themes' variant[8] references missing file: themes/WIN/DRK 25 WIN - Light.theme
2026-05-30 20:06:26,063 [INFO] ThemeLauncher: Loaded theme: DRK 25
2026-05-30 20:06:26,063 [WARNING] ThemeLauncher: Skipping Extras: No manifest.json found in C:\\Users\\kyleh\\.gemini\\Themes\Extras
2026-05-30 20:06:26,064 [INFO] ThemeLauncher: Loaded theme: Gruvbox
2026-05-30 20:06:26,065 [INFO] ThemeLauncher: Loaded theme: iWin
2026-05-30 20:06:26,066 [INFO] ThemeLauncher: Loaded theme: Janguru
2026-05-30 20:06:26,067 [INFO] ThemeLauncher: Loaded theme: Japan 26
2026-05-30 20:06:26,067 [INFO] ThemeLauncher: Loaded theme: Kanagawa
2026-05-30 20:06:26,068 [INFO] ThemeLauncher: Loaded theme: Kripton
2026-05-30 20:06:26,071 [INFO] ThemeLauncher: Loaded theme: Night Owl
2026-05-30 20:06:26,071 [WARNING] ThemeLauncher: Component 'themes' variant[0] references missing file: themes/Paranoid Android - LUV - dark.theme
2026-05-30 20:06:26,071 [WARNING] ThemeLauncher: Component 'themes' variant[1] references missing file: themes/Paranoid Android - LUV - light.theme
2026-05-30 20:06:26,071 [WARNING] ThemeLauncher: Component 'themes' variant[2] references missing file: themes/Paranoid Android - LUV - night.theme
2026-05-30 20:06:26,071 [WARNING] ThemeLauncher: Component 'themes' variant[3] references missing file: themes/Paranoid Android - Nebula - dark.theme
2026-05-30 20:06:26,071 [WARNING] ThemeLauncher: Component 'themes' variant[4] references missing file: themes/Paranoid Android - Nebula - light.theme
2026-05-30 20:06:26,071 [WARNING] ThemeLauncher: Component 'themes' variant[5] references missing file: themes/Paranoid Android - Nebula - night.theme
2026-05-30 20:06:26,071 [WARNING] ThemeLauncher: Component 'themes' variant[6] references missing file: themes/Paranoid Android - Sweet - dark.theme
2026-05-30 20:06:26,072 [WARNING] ThemeLauncher: Component 'themes' variant[7] references missing file: themes/Paranoid Android - Sweet - light.theme
2026-05-30 20:06:26,072 [WARNING] ThemeLauncher: Component 'themes' variant[8] references missing file: themes/Paranoid Android - Sweet - night.theme
2026-05-30 20:06:26,072 [WARNING] ThemeLauncher: Component 'startorb' variant[0] references missing file: orbs/Paranoid Start Orb.svg
2026-05-30 20:06:26,072 [WARNING] ThemeLauncher: Component 'startorb' variant[1] references missing file: orbs/StartAllBack explorer.png
2026-05-30 20:06:26,072 [WARNING] ThemeLauncher: Component 'startorb' variant[2] references missing file: orbs/StartAllBack taskbar.png
2026-05-30 20:06:26,072 [INFO] ThemeLauncher: Loaded theme: Paranoid Android
2026-05-30 20:06:26,072 [INFO] ThemeLauncher: Loaded theme: Retro
2026-05-30 20:06:26,073 [WARNING] ThemeLauncher: Component 'cursors' references missing path: cursors
2026-05-30 20:06:26,073 [INFO] ThemeLauncher: Loaded theme: Rose Pine
2026-05-30 20:06:26,075 [INFO] ThemeLauncher: Loaded theme: Solarized
2026-05-30 20:06:26,075 [WARNING] ThemeLauncher: Component 'themes' variant[0] references missing file: themes/SynthWave '84 dark - luv.theme
2026-05-30 20:06:26,075 [WARNING] ThemeLauncher: Component 'themes' variant[1] references missing file: themes/SynthWave '84 dark - mac.theme
2026-05-30 20:06:26,075 [WARNING] ThemeLauncher: Component 'themes' variant[2] references missing file: themes/SynthWave '84 dark - mac gloss.theme
2026-05-30 20:06:26,075 [WARNING] ThemeLauncher: Component 'themes' variant[3] references missing file: themes/SynthWave '84 dark - nude.theme
2026-05-30 20:06:26,075 [WARNING] ThemeLauncher: Component 'themes' variant[4] references missing file: themes/SynthWave '84 night - luv.theme
2026-05-30 20:06:26,075 [WARNING] ThemeLauncher: Component 'themes' variant[5] references missing file: themes/SynthWave '84 night - mac.theme
2026-05-30 20:06:26,075 [WARNING] ThemeLauncher: Component 'themes' variant[6] references missing file: themes/SynthWave '84 night - mac gloss.theme
2026-05-30 20:06:26,075 [WARNING] ThemeLauncher: Component 'themes' variant[7] references missing file: themes/SynthWave '84 night - nude.theme
2026-05-30 20:06:26,076 [INFO] ThemeLauncher: Loaded theme: SynthWave '84
2026-05-30 20:06:26,076 [WARNING] ThemeLauncher: Component 'themes' variant[0] references missing file: themes/Tokyo Dark Night Circle Fill NA.theme
2026-05-30 20:06:26,076 [WARNING] ThemeLauncher: Component 'themes' variant[8] references missing file: themes/Tokyo Dark Storm Circle Fill NA.theme
2026-05-30 20:06:26,077 [INFO] ThemeLauncher: Loaded theme: Tokyo Night
2026-05-30 20:06:33,997 [WARNING] ThemeLauncher: Skipping .vscode: No manifest.json found in C:\\Users\\kyleh\\.gemini\\Themes\.vscode
2026-05-30 20:06:33,997 [WARNING] ThemeLauncher: Component 'themes' variant[0] references missing file: themes/Black-DASH.theme
2026-05-30 20:06:33,997 [WARNING] ThemeLauncher: Component 'themes' variant[1] references missing file: themes/Black-DOTS.theme
2026-05-30 20:06:33,997 [WARNING] ThemeLauncher: Component 'themes' variant[2] references missing file: themes/Black-LIN.theme
2026-05-30 20:06:33,997 [WARNING] ThemeLauncher: Component 'themes' variant[3] references missing file: themes/Black-Mac.theme
2026-05-30 20:06:33,997 [WARNING] ThemeLauncher: Component 'themes' variant[4] references missing file: themes/Black-NU.theme
2026-05-30 20:06:33,997 [WARNING] ThemeLauncher: Component 'themes' variant[5] references missing file: themes/Black-Round.theme
2026-05-30 20:06:33,998 [WARNING] ThemeLauncher: Component 'themes' variant[6] references missing file: themes/Black-SLASH.theme
2026-05-30 20:06:33,998 [WARNING] ThemeLauncher: Component 'themes' variant[7] references missing file: themes/Black-Win.theme
2026-05-30 20:06:33,998 [WARNING] ThemeLauncher: Component 'themes' variant[8] references missing file: themes/Dark-DASH.theme
2026-05-30 20:06:33,998 [WARNING] ThemeLauncher: Component 'themes' variant[9] references missing file: themes/Dark-DOTS.theme
2026-05-30 20:06:33,998 [WARNING] ThemeLauncher: Component 'themes' variant[10] references missing file: themes/Dark-LIN.theme
2026-05-30 20:06:33,998 [WARNING] ThemeLauncher: Component 'themes' variant[11] references missing file: themes/Dark-Mac.theme
2026-05-30 20:06:33,998 [WARNING] ThemeLauncher: Component 'themes' variant[12] references missing file: themes/Dark-NU.theme
2026-05-30 20:06:33,998 [WARNING] ThemeLauncher: Component 'themes' variant[13] references missing file: themes/Dark-Round.theme
2026-05-30 20:06:33,998 [WARNING] ThemeLauncher: Component 'themes' variant[14] references missing file: themes/Dark-SLASH.theme
2026-05-30 20:06:33,998 [WARNING] ThemeLauncher: Component 'themes' variant[15] references missing file: themes/Dark-Win.theme
2026-05-30 20:06:33,998 [INFO] ThemeLauncher: Loaded theme: BlackIsBack
2026-05-30 20:06:33,999 [INFO] ThemeLauncher: Loaded theme: Buuf OS2
2026-05-30 20:06:33,999 [WARNING] ThemeLauncher: Component 'wallpapers' variant[0] references missing file: wallpapers/Delta v1/casey-horner-NIIVU-unsplash.jpg
2026-05-30 20:06:33,999 [WARNING] ThemeLauncher: Component 'wallpapers' variant[1] references missing file: wallpapers/Delta v1/daniel-mirlea-NIIVU-unsplash.jpg
2026-05-30 20:06:33,999 [WARNING] ThemeLauncher: Component 'wallpapers' variant[2] references missing file: wallpapers/Delta v1/joshua-earle-NIIVU-unsplash.jpg
2026-05-30 20:06:33,999 [WARNING] ThemeLauncher: Component 'wallpapers' variant[3] references missing file: wallpapers/Delta v1/petr-slovacek-NIIVU-unsplash.jpg
2026-05-30 20:06:34,000 [WARNING] ThemeLauncher: Component 'wallpapers' variant[4] references missing file: wallpapers/Delta v1/waves.jpeg
2026-05-30 20:06:34,000 [WARNING] ThemeLauncher: Component 'wallpapers' variant[5] references missing file: wallpapers/Delta v1/foggy.jpeg
2026-05-30 20:06:34,000 [WARNING] ThemeLauncher: Component 'wallpapers' variant[6] references missing file: wallpapers/Delta v1/geo.jpeg
2026-05-30 20:06:34,000 [WARNING] ThemeLauncher: Component 'wallpapers' variant[7] references missing file: wallpapers/Delta v1/nebula.jpeg
2026-05-30 20:06:34,000 [WARNING] ThemeLauncher: Component 'wallpapers' variant[8] references missing file: wallpapers/Delta v1/waterfall.jpeg
2026-05-30 20:06:34,000 [WARNING] ThemeLauncher: Component 'wallpapers' variant[9] references missing file: wallpapers/Delta v1/drip.jpeg
2026-05-30 20:06:34,000 [INFO] ThemeLauncher: Loaded theme: Delta v1
2026-05-30 20:06:34,001 [INFO] ThemeLauncher: Loaded theme: Delta v2
2026-05-30 20:06:34,001 [WARNING] ThemeLauncher: Component 'msstyles' variant[0] references missing file: msstyles/MAC/DRK 25 MAC.msstyles
2026-05-30 20:06:34,001 [WARNING] ThemeLauncher: Component 'msstyles' variant[1] references missing file: msstyles/MAC/DRK 25 MAC - dark.msstyles
2026-05-30 20:06:34,001 [WARNING] ThemeLauncher: Component 'msstyles' variant[2] references missing file: msstyles/MAC/DRK 25 MAC - light.msstyles
2026-05-30 20:06:34,001 [WARNING] ThemeLauncher: Component 'msstyles' variant[3] references missing file: msstyles/SQR/DRK 25 SQR.msstyles
2026-05-30 20:06:34,001 [WARNING] ThemeLauncher: Component 'msstyles' variant[4] references missing file: msstyles/SQR/DRK 25 SQR - dark.msstyles
2026-05-30 20:06:34,001 [WARNING] ThemeLauncher: Component 'msstyles' variant[5] references missing file: msstyles/SQR/DRK 25 SQR - light.msstyles
2026-05-30 20:06:34,001 [WARNING] ThemeLauncher: Component 'themes' variant[0] references missing file: themes/MAC/DRK 25 MAC.theme
2026-05-30 20:06:34,001 [WARNING] ThemeLauncher: Component 'themes' variant[1] references missing file: themes/MAC/DRK 25 MAC - Dark.theme
2026-05-30 20:06:34,001 [WARNING] ThemeLauncher: Component 'themes' variant[2] references missing file: themes/MAC/DRK 25 MAC - Light.theme
2026-05-30 20:06:34,001 [WARNING] ThemeLauncher: Component 'themes' variant[3] references missing file: themes/SQR/DRK 25 SQR.theme
2026-05-30 20:06:34,001 [WARNING] ThemeLauncher: Component 'themes' variant[4] references missing file: themes/SQR/DRK 25 SQR - Dark.theme
2026-05-30 20:06:34,002 [WARNING] ThemeLauncher: Component 'themes' variant[5] references missing file: themes/SQR/DRK 25 SQR - Light.theme
2026-05-30 20:06:34,002 [WARNING] ThemeLauncher: Component 'themes' variant[6] references missing file: themes/WIN/DRK 25 WIN.theme
2026-05-30 20:06:34,002 [WARNING] ThemeLauncher: Component 'themes' variant[7] references missing file: themes/WIN/DRK 25 WIN - Dark.theme
2026-05-30 20:06:34,002 [WARNING] ThemeLauncher: Component 'themes' variant[8] references missing file: themes/WIN/DRK 25 WIN - Light.theme
2026-05-30 20:06:34,002 [INFO] ThemeLauncher: Loaded theme: DRK 25
2026-05-30 20:06:34,002 [WARNING] ThemeLauncher: Skipping Extras: No manifest.json found in C:\\Users\\kyleh\\.gemini\\Themes\Extras
2026-05-30 20:06:34,003 [INFO] ThemeLauncher: Loaded theme: Gruvbox
2026-05-30 20:06:34,004 [INFO] ThemeLauncher: Loaded theme: iWin
2026-05-30 20:06:34,005 [INFO] ThemeLauncher: Loaded theme: Janguru
2026-05-30 20:06:34,005 [INFO] ThemeLauncher: Loaded theme: Japan 26
2026-05-30 20:06:34,006 [INFO] ThemeLauncher: Loaded theme: Kanagawa
2026-05-30 20:06:34,007 [INFO] ThemeLauncher: Loaded theme: Kripton
2026-05-30 20:06:34,009 [INFO] ThemeLauncher: Loaded theme: Night Owl
2026-05-30 20:06:34,009 [WARNING] ThemeLauncher: Component 'themes' variant[0] references missing file: themes/Paranoid Android - LUV - dark.theme
2026-05-30 20:06:34,009 [WARNING] ThemeLauncher: Component 'themes' variant[1] references missing file: themes/Paranoid Android - LUV - light.theme
2026-05-30 20:06:34,009 [WARNING] ThemeLauncher: Component 'themes' variant[2] references missing file: themes/Paranoid Android - LUV - night.theme
2026-05-30 20:06:34,009 [WARNING] ThemeLauncher: Component 'themes' variant[3] references missing file: themes/Paranoid Android - Nebula - dark.theme
2026-05-30 20:06:34,010 [WARNING] ThemeLauncher: Component 'themes' variant[4] references missing file: themes/Paranoid Android - Nebula - light.theme
2026-05-30 20:06:34,010 [WARNING] ThemeLauncher: Component 'themes' variant[5] references missing file: themes/Paranoid Android - Nebula - night.theme
2026-05-30 20:06:34,010 [WARNING] ThemeLauncher: Component 'themes' variant[6] references missing file: themes/Paranoid Android - Sweet - dark.theme
2026-05-30 20:06:34,010 [WARNING] ThemeLauncher: Component 'themes' variant[7] references missing file: themes/Paranoid Android - Sweet - light.theme
2026-05-30 20:06:34,010 [WARNING] ThemeLauncher: Component 'themes' variant[8] references missing file: themes/Paranoid Android - Sweet - night.theme
2026-05-30 20:06:34,010 [WARNING] ThemeLauncher: Component 'startorb' variant[0] references missing file: orbs/Paranoid Start Orb.svg
2026-05-30 20:06:34,010 [WARNING] ThemeLauncher: Component 'startorb' variant[1] references missing file: orbs/StartAllBack explorer.png
2026-05-30 20:06:34,010 [WARNING] ThemeLauncher: Component 'startorb' variant[2] references missing file: orbs/StartAllBack taskbar.png
2026-05-30 20:06:34,010 [INFO] ThemeLauncher: Loaded theme: Paranoid Android
2026-05-30 20:06:34,010 [INFO] ThemeLauncher: Loaded theme: Retro
2026-05-30 20:06:34,011 [WARNING] ThemeLauncher: Component 'cursors' references missing path: cursors
2026-05-30 20:06:34,011 [INFO] ThemeLauncher: Loaded theme: Rose Pine
2026-05-30 20:06:34,013 [INFO] ThemeLauncher: Loaded theme: Solarized
2026-05-30 20:06:34,013 [WARNING] ThemeLauncher: Component 'themes' variant[0] references missing file: themes/SynthWave '84 dark - luv.theme
2026-05-30 20:06:34,013 [WARNING] ThemeLauncher: Component 'themes' variant[1] references missing file: themes/SynthWave '84 dark - mac.theme
2026-05-30 20:06:34,013 [WARNING] ThemeLauncher: Component 'themes' variant[2] references missing file: themes/SynthWave '84 dark - mac gloss.theme
2026-05-30 20:06:34,013 [WARNING] ThemeLauncher: Component 'themes' variant[3] references missing file: themes/SynthWave '84 dark - nude.theme
2026-05-30 20:06:34,013 [WARNING] ThemeLauncher: Component 'themes' variant[4] references missing file: themes/SynthWave '84 night - luv.theme
2026-05-30 20:06:34,013 [WARNING] ThemeLauncher: Component 'themes' variant[5] references missing file: themes/SynthWave '84 night - mac.theme
2026-05-30 20:06:34,013 [WARNING] ThemeLauncher: Component 'themes' variant[6] references missing file: themes/SynthWave '84 night - mac gloss.theme
2026-05-30 20:06:34,013 [WARNING] ThemeLauncher: Component 'themes' variant[7] references missing file: themes/SynthWave '84 night - nude.theme
2026-05-30 20:06:34,014 [INFO] ThemeLauncher: Loaded theme: SynthWave '84
2026-05-30 20:06:34,014 [WARNING] ThemeLauncher: Component 'themes' variant[0] references missing file: themes/Tokyo Dark Night Circle Fill NA.theme
2026-05-30 20:06:34,014 [WARNING] ThemeLauncher: Component 'themes' variant[8] references missing file: themes/Tokyo Dark Storm Circle Fill NA.theme
2026-05-30 20:06:34,015 [INFO] ThemeLauncher: Loaded theme: Tokyo Night
2026-05-30 20:06:48,159 [WARNING] ThemeLauncher: Skipping .vscode: No manifest.json found in C:\\Users\\kyleh\\.gemini\\Themes\.vscode
2026-05-30 20:06:48,160 [WARNING] ThemeLauncher: Component 'themes' variant[0] references missing file: themes/Black-DASH.theme
2026-05-30 20:06:48,160 [WARNING] ThemeLauncher: Component 'themes' variant[1] references missing file: themes/Black-DOTS.theme
2026-05-30 20:06:48,160 [WARNING] ThemeLauncher: Component 'themes' variant[2] references missing file: themes/Black-LIN.theme
2026-05-30 20:06:48,160 [WARNING] ThemeLauncher: Component 'themes' variant[3] references missing file: themes/Black-Mac.theme
2026-05-30 20:06:48,160 [WARNING] ThemeLauncher: Component 'themes' variant[4] references missing file: themes/Black-NU.theme
2026-05-30 20:06:48,160 [WARNING] ThemeLauncher: Component 'themes' variant[5] references missing file: themes/Black-Round.theme
2026-05-30 20:06:48,160 [WARNING] ThemeLauncher: Component 'themes' variant[6] references missing file: themes/Black-SLASH.theme
2026-05-30 20:06:48,161 [WARNING] ThemeLauncher: Component 'themes' variant[7] references missing file: themes/Black-Win.theme
2026-05-30 20:06:48,161 [WARNING] ThemeLauncher: Component 'themes' variant[8] references missing file: themes/Dark-DASH.theme
2026-05-30 20:06:48,161 [WARNING] ThemeLauncher: Component 'themes' variant[9] references missing file: themes/Dark-DOTS.theme
2026-05-30 20:06:48,161 [WARNING] ThemeLauncher: Component 'themes' variant[10] references missing file: themes/Dark-LIN.theme
2026-05-30 20:06:48,161 [WARNING] ThemeLauncher: Component 'themes' variant[11] references missing file: themes/Dark-Mac.theme
2026-05-30 20:06:48,161 [WARNING] ThemeLauncher: Component 'themes' variant[12] references missing file: themes/Dark-NU.theme
2026-05-30 20:06:48,161 [WARNING] ThemeLauncher: Component 'themes' variant[13] references missing file: themes/Dark-Round.theme
2026-05-30 20:06:48,161 [WARNING] ThemeLauncher: Component 'themes' variant[14] references missing file: themes/Dark-SLASH.theme
2026-05-30 20:06:48,161 [WARNING] ThemeLauncher: Component 'themes' variant[15] references missing file: themes/Dark-Win.theme
2026-05-30 20:06:48,161 [INFO] ThemeLauncher: Loaded theme: BlackIsBack
2026-05-30 20:06:48,162 [INFO] ThemeLauncher: Loaded theme: Buuf OS2
2026-05-30 20:06:48,162 [WARNING] ThemeLauncher: Component 'wallpapers' variant[0] references missing file: wallpapers/Delta v1/casey-horner-NIIVU-unsplash.jpg
2026-05-30 20:06:48,162 [WARNING] ThemeLauncher: Component 'wallpapers' variant[1] references missing file: wallpapers/Delta v1/daniel-mirlea-NIIVU-unsplash.jpg
2026-05-30 20:06:48,162 [WARNING] ThemeLauncher: Component 'wallpapers' variant[2] references missing file: wallpapers/Delta v1/joshua-earle-NIIVU-unsplash.jpg
2026-05-30 20:06:48,162 [WARNING] ThemeLauncher: Component 'wallpapers' variant[3] references missing file: wallpapers/Delta v1/petr-slovacek-NIIVU-unsplash.jpg
2026-05-30 20:06:48,162 [WARNING] ThemeLauncher: Component 'wallpapers' variant[4] references missing file: wallpapers/Delta v1/waves.jpeg
2026-05-30 20:06:48,163 [WARNING] ThemeLauncher: Component 'wallpapers' variant[5] references missing file: wallpapers/Delta v1/foggy.jpeg
2026-05-30 20:06:48,163 [WARNING] ThemeLauncher: Component 'wallpapers' variant[6] references missing file: wallpapers/Delta v1/geo.jpeg
2026-05-30 20:06:48,163 [WARNING] ThemeLauncher: Component 'wallpapers' variant[7] references missing file: wallpapers/Delta v1/nebula.jpeg
2026-05-30 20:06:48,163 [WARNING] ThemeLauncher: Component 'wallpapers' variant[8] references missing file: wallpapers/Delta v1/waterfall.jpeg
2026-05-30 20:06:48,163 [WARNING] ThemeLauncher: Component 'wallpapers' variant[9] references missing file: wallpapers/Delta v1/drip.jpeg
2026-05-30 20:06:48,163 [INFO] ThemeLauncher: Loaded theme: Delta v1
2026-05-30 20:06:48,164 [INFO] ThemeLauncher: Loaded theme: Delta v2
2026-05-30 20:06:48,164 [WARNING] ThemeLauncher: Component 'msstyles' variant[0] references missing file: msstyles/MAC/DRK 25 MAC.msstyles
2026-05-30 20:06:48,164 [WARNING] ThemeLauncher: Component 'msstyles' variant[1] references missing file: msstyles/MAC/DRK 25 MAC - dark.msstyles
2026-05-30 20:06:48,164 [WARNING] ThemeLauncher: Component 'msstyles' variant[2] references missing file: msstyles/MAC/DRK 25 MAC - light.msstyles
2026-05-30 20:06:48,164 [WARNING] ThemeLauncher: Component 'msstyles' variant[3] references missing file: msstyles/SQR/DRK 25 SQR.msstyles
2026-05-30 20:06:48,164 [WARNING] ThemeLauncher: Component 'msstyles' variant[4] references missing file: msstyles/SQR/DRK 25 SQR - dark.msstyles
2026-05-30 20:06:48,164 [WARNING] ThemeLauncher: Component 'msstyles' variant[5] references missing file: msstyles/SQR/DRK 25 SQR - light.msstyles
2026-05-30 20:06:48,164 [WARNING] ThemeLauncher: Component 'themes' variant[0] references missing file: themes/MAC/DRK 25 MAC.theme
2026-05-30 20:06:48,164 [WARNING] ThemeLauncher: Component 'themes' variant[1] references missing file: themes/MAC/DRK 25 MAC - Dark.theme
2026-05-30 20:06:48,164 [WARNING] ThemeLauncher: Component 'themes' variant[2] references missing file: themes/MAC/DRK 25 MAC - Light.theme
2026-05-30 20:06:48,164 [WARNING] ThemeLauncher: Component 'themes' variant[3] references missing file: themes/SQR/DRK 25 SQR.theme
2026-05-30 20:06:48,164 [WARNING] ThemeLauncher: Component 'themes' variant[4] references missing file: themes/SQR/DRK 25 SQR - Dark.theme
2026-05-30 20:06:48,164 [WARNING] ThemeLauncher: Component 'themes' variant[5] references missing file: themes/SQR/DRK 25 SQR - Light.theme
2026-05-30 20:06:48,165 [WARNING] ThemeLauncher: Component 'themes' variant[6] references missing file: themes/WIN/DRK 25 WIN.theme
2026-05-30 20:06:48,165 [WARNING] ThemeLauncher: Component 'themes' variant[7] references missing file: themes/WIN/DRK 25 WIN - Dark.theme
2026-05-30 20:06:48,165 [WARNING] ThemeLauncher: Component 'themes' variant[8] references missing file: themes/WIN/DRK 25 WIN - Light.theme
2026-05-30 20:06:48,165 [INFO] ThemeLauncher: Loaded theme: DRK 25
2026-05-30 20:06:48,165 [WARNING] ThemeLauncher: Skipping Extras: No manifest.json found in C:\\Users\\kyleh\\.gemini\\Themes\Extras
2026-05-30 20:06:48,166 [INFO] ThemeLauncher: Loaded theme: Gruvbox
2026-05-30 20:06:48,167 [INFO] ThemeLauncher: Loaded theme: iWin
2026-05-30 20:06:48,167 [INFO] ThemeLauncher: Loaded theme: Janguru
2026-05-30 20:06:48,168 [INFO] ThemeLauncher: Loaded theme: Japan 26
2026-05-30 20:06:48,170 [INFO] ThemeLauncher: Loaded theme: Kanagawa
2026-05-30 20:06:48,171 [INFO] ThemeLauncher: Loaded theme: Kripton
2026-05-30 20:06:48,172 [INFO] ThemeLauncher: Loaded theme: Night Owl
2026-05-30 20:06:48,172 [WARNING] ThemeLauncher: Component 'themes' variant[0] references missing file: themes/Paranoid Android - LUV - dark.theme
2026-05-30 20:06:48,172 [WARNING] ThemeLauncher: Component 'themes' variant[1] references missing file: themes/Paranoid Android - LUV - light.theme
2026-05-30 20:06:48,172 [WARNING] ThemeLauncher: Component 'themes' variant[2] references missing file: themes/Paranoid Android - LUV - night.theme
2026-05-30 20:06:48,172 [WARNING] ThemeLauncher: Component 'themes' variant[3] references missing file: themes/Paranoid Android - Nebula - dark.theme
2026-05-30 20:06:48,173 [WARNING] ThemeLauncher: Component 'themes' variant[4] references missing file: themes/Paranoid Android - Nebula - light.theme
2026-05-30 20:06:48,173 [WARNING] ThemeLauncher: Component 'themes' variant[5] references missing file: themes/Paranoid Android - Nebula - night.theme
2026-05-30 20:06:48,173 [WARNING] ThemeLauncher: Component 'themes' variant[6] references missing file: themes/Paranoid Android - Sweet - dark.theme
2026-05-30 20:06:48,173 [WARNING] ThemeLauncher: Component 'themes' variant[7] references missing file: themes/Paranoid Android - Sweet - light.theme
2026-05-30 20:06:48,173 [WARNING] ThemeLauncher: Component 'themes' variant[8] references missing file: themes/Paranoid Android - Sweet - night.theme
2026-05-30 20:06:48,173 [WARNING] ThemeLauncher: Component 'startorb' variant[0] references missing file: orbs/Paranoid Start Orb.svg
2026-05-30 20:06:48,173 [WARNING] ThemeLauncher: Component 'startorb' variant[1] references missing file: orbs/StartAllBack explorer.png
2026-05-30 20:06:48,173 [WARNING] ThemeLauncher: Component 'startorb' variant[2] references missing file: orbs/StartAllBack taskbar.png
2026-05-30 20:06:48,173 [INFO] ThemeLauncher: Loaded theme: Paranoid Android
2026-05-30 20:06:48,173 [INFO] ThemeLauncher: Loaded theme: Retro
2026-05-30 20:06:48,174 [WARNING] ThemeLauncher: Component 'cursors' references missing path: cursors
2026-05-30 20:06:48,175 [INFO] ThemeLauncher: Loaded theme: Rose Pine
2026-05-30 20:06:48,176 [INFO] ThemeLauncher: Loaded theme: Solarized
2026-05-30 20:06:48,176 [WARNING] ThemeLauncher: Component 'themes' variant[0] references missing file: themes/SynthWave '84 dark - luv.theme
2026-05-30 20:06:48,176 [WARNING] ThemeLauncher: Component 'themes' variant[1] references missing file: themes/SynthWave '84 dark - mac.theme
2026-05-30 20:06:48,176 [WARNING] ThemeLauncher: Component 'themes' variant[2] references missing file: themes/SynthWave '84 dark - mac gloss.theme
2026-05-30 20:06:48,176 [WARNING] ThemeLauncher: Component 'themes' variant[3] references missing file: themes/SynthWave '84 dark - nude.theme
2026-05-30 20:06:48,176 [WARNING] ThemeLauncher: Component 'themes' variant[4] references missing file: themes/SynthWave '84 night - luv.theme
2026-05-30 20:06:48,176 [WARNING] ThemeLauncher: Component 'themes' variant[5] references missing file: themes/SynthWave '84 night - mac.theme
2026-05-30 20:06:48,176 [WARNING] ThemeLauncher: Component 'themes' variant[6] references missing file: themes/SynthWave '84 night - mac gloss.theme
2026-05-30 20:06:48,176 [WARNING] ThemeLauncher: Component 'themes' variant[7] references missing file: themes/SynthWave '84 night - nude.theme
2026-05-30 20:06:48,177 [INFO] ThemeLauncher: Loaded theme: SynthWave '84
2026-05-30 20:06:48,177 [WARNING] ThemeLauncher: Component 'themes' variant[0] references missing file: themes/Tokyo Dark Night Circle Fill NA.theme
2026-05-30 20:06:48,177 [WARNING] ThemeLauncher: Component 'themes' variant[8] references missing file: themes/Tokyo Dark Storm Circle Fill NA.theme
2026-05-30 20:06:48,178 [INFO] ThemeLauncher: Loaded theme: Tokyo Night
2026-05-30 20:07:15,330 [WARNING] ThemeLauncher: Skipping .vscode: No manifest.json found in C:\\Users\\kyleh\\.gemini\\Themes\.vscode
2026-05-30 20:07:15,331 [WARNING] ThemeLauncher: Component 'themes' variant[0] references missing file: themes/Black-DASH.theme
2026-05-30 20:07:15,331 [WARNING] ThemeLauncher: Component 'themes' variant[1] references missing file: themes/Black-DOTS.theme
2026-05-30 20:07:15,331 [WARNING] ThemeLauncher: Component 'themes' variant[2] references missing file: themes/Black-LIN.theme
2026-05-30 20:07:15,331 [WARNING] ThemeLauncher: Component 'themes' variant[3] references missing file: themes/Black-Mac.theme
2026-05-30 20:07:15,331 [WARNING] ThemeLauncher: Component 'themes' variant[4] references missing file: themes/Black-NU.theme
2026-05-30 20:07:15,331 [WARNING] ThemeLauncher: Component 'themes' variant[5] references missing file: themes/Black-Round.theme
2026-05-30 20:07:15,331 [WARNING] ThemeLauncher: Component 'themes' variant[6] references missing file: themes/Black-SLASH.theme
2026-05-30 20:07:15,331 [WARNING] ThemeLauncher: Component 'themes' variant[7] references missing file: themes/Black-Win.theme
2026-05-30 20:07:15,331 [WARNING] ThemeLauncher: Component 'themes' variant[8] references missing file: themes/Dark-DASH.theme
2026-05-30 20:07:15,331 [WARNING] ThemeLauncher: Component 'themes' variant[9] references missing file: themes/Dark-DOTS.theme
2026-05-30 20:07:15,332 [WARNING] ThemeLauncher: Component 'themes' variant[10] references missing file: themes/Dark-LIN.theme
2026-05-30 20:07:15,332 [WARNING] ThemeLauncher: Component 'themes' variant[11] references missing file: themes/Dark-Mac.theme
2026-05-30 20:07:15,332 [WARNING] ThemeLauncher: Component 'themes' variant[12] references missing file: themes/Dark-NU.theme
2026-05-30 20:07:15,332 [WARNING] ThemeLauncher: Component 'themes' variant[13] references missing file: themes/Dark-Round.theme
2026-05-30 20:07:15,332 [WARNING] ThemeLauncher: Component 'themes' variant[14] references missing file: themes/Dark-SLASH.theme
2026-05-30 20:07:15,332 [WARNING] ThemeLauncher: Component 'themes' variant[15] references missing file: themes/Dark-Win.theme
2026-05-30 20:07:15,332 [INFO] ThemeLauncher: Loaded theme: BlackIsBack
2026-05-30 20:07:15,333 [INFO] ThemeLauncher: Loaded theme: Buuf OS2
2026-05-30 20:07:15,333 [WARNING] ThemeLauncher: Component 'wallpapers' variant[0] references missing file: wallpapers/Delta v1/casey-horner-NIIVU-unsplash.jpg
2026-05-30 20:07:15,333 [WARNING] ThemeLauncher: Component 'wallpapers' variant[1] references missing file: wallpapers/Delta v1/daniel-mirlea-NIIVU-unsplash.jpg
2026-05-30 20:07:15,333 [WARNING] ThemeLauncher: Component 'wallpapers' variant[2] references missing file: wallpapers/Delta v1/joshua-earle-NIIVU-unsplash.jpg
2026-05-30 20:07:15,333 [WARNING] ThemeLauncher: Component 'wallpapers' variant[3] references missing file: wallpapers/Delta v1/petr-slovacek-NIIVU-unsplash.jpg
2026-05-30 20:07:15,333 [WARNING] ThemeLauncher: Component 'wallpapers' variant[4] references missing file: wallpapers/Delta v1/waves.jpeg
2026-05-30 20:07:15,333 [WARNING] ThemeLauncher: Component 'wallpapers' variant[5] references missing file: wallpapers/Delta v1/foggy.jpeg
2026-05-30 20:07:15,333 [WARNING] ThemeLauncher: Component 'wallpapers' variant[6] references missing file: wallpapers/Delta v1/geo.jpeg
2026-05-30 20:07:15,333 [WARNING] ThemeLauncher: Component 'wallpapers' variant[7] references missing file: wallpapers/Delta v1/nebula.jpeg
2026-05-30 20:07:15,334 [WARNING] ThemeLauncher: Component 'wallpapers' variant[8] references missing file: wallpapers/Delta v1/waterfall.jpeg
2026-05-30 20:07:15,334 [WARNING] ThemeLauncher: Component 'wallpapers' variant[9] references missing file: wallpapers/Delta v1/drip.jpeg
2026-05-30 20:07:15,334 [INFO] ThemeLauncher: Loaded theme: Delta v1
2026-05-30 20:07:15,334 [INFO] ThemeLauncher: Loaded theme: Delta v2
2026-05-30 20:07:15,335 [WARNING] ThemeLauncher: Component 'msstyles' variant[0] references missing file: msstyles/MAC/DRK 25 MAC.msstyles
2026-05-30 20:07:15,335 [WARNING] ThemeLauncher: Component 'msstyles' variant[1] references missing file: msstyles/MAC/DRK 25 MAC - dark.msstyles
2026-05-30 20:07:15,335 [WARNING] ThemeLauncher: Component 'msstyles' variant[2] references missing file: msstyles/MAC/DRK 25 MAC - light.msstyles
2026-05-30 20:07:15,335 [WARNING] ThemeLauncher: Component 'msstyles' variant[3] references missing file: msstyles/SQR/DRK 25 SQR.msstyles
2026-05-30 20:07:15,335 [WARNING] ThemeLauncher: Component 'msstyles' variant[4] references missing file: msstyles/SQR/DRK 25 SQR - dark.msstyles
2026-05-30 20:07:15,335 [WARNING] ThemeLauncher: Component 'msstyles' variant[5] references missing file: msstyles/SQR/DRK 25 SQR - light.msstyles
2026-05-30 20:07:15,335 [WARNING] ThemeLauncher: Component 'themes' variant[0] references missing file: themes/MAC/DRK 25 MAC.theme
2026-05-30 20:07:15,335 [WARNING] ThemeLauncher: Component 'themes' variant[1] references missing file: themes/MAC/DRK 25 MAC - Dark.theme
2026-05-30 20:07:15,335 [WARNING] ThemeLauncher: Component 'themes' variant[2] references missing file: themes/MAC/DRK 25 MAC - Light.theme
2026-05-30 20:07:15,335 [WARNING] ThemeLauncher: Component 'themes' variant[3] references missing file: themes/SQR/DRK 25 SQR.theme
2026-05-30 20:07:15,335 [WARNING] ThemeLauncher: Component 'themes' variant[4] references missing file: themes/SQR/DRK 25 SQR - Dark.theme
2026-05-30 20:07:15,335 [WARNING] ThemeLauncher: Component 'themes' variant[5] references missing file: themes/SQR/DRK 25 SQR - Light.theme
2026-05-30 20:07:15,335 [WARNING] ThemeLauncher: Component 'themes' variant[6] references missing file: themes/WIN/DRK 25 WIN.theme
2026-05-30 20:07:15,336 [WARNING] ThemeLauncher: Component 'themes' variant[7] references missing file: themes/WIN/DRK 25 WIN - Dark.theme
2026-05-30 20:07:15,336 [WARNING] ThemeLauncher: Component 'themes' variant[8] references missing file: themes/WIN/DRK 25 WIN - Light.theme
2026-05-30 20:07:15,336 [INFO] ThemeLauncher: Loaded theme: DRK 25
2026-05-30 20:07:15,336 [WARNING] ThemeLauncher: Skipping Extras: No manifest.json found in C:\\Users\\kyleh\\.gemini\\Themes\Extras
2026-05-30 20:07:15,337 [INFO] ThemeLauncher: Loaded theme: Gruvbox
2026-05-30 20:07:15,338 [INFO] ThemeLauncher: Loaded theme: iWin
2026-05-30 20:07:15,338 [INFO] ThemeLauncher: Loaded theme: Janguru
2026-05-30 20:07:15,339 [INFO] ThemeLauncher: Loaded theme: Japan 26
2026-05-30 20:07:15,340 [INFO] ThemeLauncher: Loaded theme: Kanagawa
2026-05-30 20:07:15,341 [INFO] ThemeLauncher: Loaded theme: Kripton
2026-05-30 20:07:15,342 [INFO] ThemeLauncher: Loaded theme: Night Owl
2026-05-30 20:07:15,342 [WARNING] ThemeLauncher: Component 'themes' variant[0] references missing file: themes/Paranoid Android - LUV - dark.theme
2026-05-30 20:07:15,342 [WARNING] ThemeLauncher: Component 'themes' variant[1] references missing file: themes/Paranoid Android - LUV - light.theme
2026-05-30 20:07:15,343 [WARNING] ThemeLauncher: Component 'themes' variant[2] references missing file: themes/Paranoid Android - LUV - night.theme
2026-05-30 20:07:15,343 [WARNING] ThemeLauncher: Component 'themes' variant[3] references missing file: themes/Paranoid Android - Nebula - dark.theme
2026-05-30 20:07:15,343 [WARNING] ThemeLauncher: Component 'themes' variant[4] references missing file: themes/Paranoid Android - Nebula - light.theme
2026-05-30 20:07:15,343 [WARNING] ThemeLauncher: Component 'themes' variant[5] references missing file: themes/Paranoid Android - Nebula - night.theme
2026-05-30 20:07:15,343 [WARNING] ThemeLauncher: Component 'themes' variant[6] references missing file: themes/Paranoid Android - Sweet - dark.theme
2026-05-30 20:07:15,343 [WARNING] ThemeLauncher: Component 'themes' variant[7] references missing file: themes/Paranoid Android - Sweet - light.theme
2026-05-30 20:07:15,343 [WARNING] ThemeLauncher: Component 'themes' variant[8] references missing file: themes/Paranoid Android - Sweet - night.theme
2026-05-30 20:07:15,343 [WARNING] ThemeLauncher: Component 'startorb' variant[0] references missing file: orbs/Paranoid Start Orb.svg
2026-05-30 20:07:15,343 [WARNING] ThemeLauncher: Component 'startorb' variant[1] references missing file: orbs/StartAllBack explorer.png
2026-05-30 20:07:15,343 [WARNING] ThemeLauncher: Component 'startorb' variant[2] references missing file: orbs/StartAllBack taskbar.png
2026-05-30 20:07:15,343 [INFO] ThemeLauncher: Loaded theme: Paranoid Android
2026-05-30 20:07:15,343 [INFO] ThemeLauncher: Loaded theme: Retro
2026-05-30 20:07:15,344 [WARNING] ThemeLauncher: Component 'cursors' references missing path: cursors
2026-05-30 20:07:15,345 [INFO] ThemeLauncher: Loaded theme: Rose Pine
2026-05-30 20:07:15,346 [INFO] ThemeLauncher: Loaded theme: Solarized
2026-05-30 20:07:15,346 [WARNING] ThemeLauncher: Component 'themes' variant[0] references missing file: themes/SynthWave '84 dark - luv.theme
2026-05-30 20:07:15,346 [WARNING] ThemeLauncher: Component 'themes' variant[1] references missing file: themes/SynthWave '84 dark - mac.theme
2026-05-30 20:07:15,346 [WARNING] ThemeLauncher: Component 'themes' variant[2] references missing file: themes/SynthWave '84 dark - mac gloss.theme
2026-05-30 20:07:15,346 [WARNING] ThemeLauncher: Component 'themes' variant[3] references missing file: themes/SynthWave '84 dark - nude.theme
2026-05-30 20:07:15,346 [WARNING] ThemeLauncher: Component 'themes' variant[4] references missing file: themes/SynthWave '84 night - luv.theme
2026-05-30 20:07:15,346 [WARNING] ThemeLauncher: Component 'themes' variant[5] references missing file: themes/SynthWave '84 night - mac.theme
2026-05-30 20:07:15,346 [WARNING] ThemeLauncher: Component 'themes' variant[6] references missing file: themes/SynthWave '84 night - mac gloss.theme
2026-05-30 20:07:15,346 [WARNING] ThemeLauncher: Component 'themes' variant[7] references missing file: themes/SynthWave '84 night - nude.theme
2026-05-30 20:07:15,346 [INFO] ThemeLauncher: Loaded theme: SynthWave '84
2026-05-30 20:07:15,348 [WARNING] ThemeLauncher: Component 'themes' variant[0] references missing file: themes/Tokyo Dark Night Circle Fill NA.theme
2026-05-30 20:07:15,348 [WARNING] ThemeLauncher: Component 'themes' variant[8] references missing file: themes/Tokyo Dark Storm Circle Fill NA.theme
2026-05-30 20:07:15,349 [INFO] ThemeLauncher: Loaded theme: Tokyo Night
2026-05-30 20:09:22,879 [WARNING] ThemeLauncher: Skipping .vscode: No manifest.json found in C:\\Users\\kyleh\\.gemini\\Themes\.vscode
2026-05-30 20:09:22,879 [WARNING] ThemeLauncher: Component 'themes' variant[0] references missing file: themes/Black-DASH.theme
2026-05-30 20:09:22,880 [WARNING] ThemeLauncher: Component 'themes' variant[1] references missing file: themes/Black-DOTS.theme
2026-05-30 20:09:22,880 [WARNING] ThemeLauncher: Component 'themes' variant[2] references missing file: themes/Black-LIN.theme
2026-05-30 20:09:22,880 [WARNING] ThemeLauncher: Component 'themes' variant[3] references missing file: themes/Black-Mac.theme
2026-05-30 20:09:22,880 [WARNING] ThemeLauncher: Component 'themes' variant[4] references missing file: themes/Black-NU.theme
2026-05-30 20:09:22,880 [WARNING] ThemeLauncher: Component 'themes' variant[5] references missing file: themes/Black-Round.theme
2026-05-30 20:09:22,880 [WARNING] ThemeLauncher: Component 'themes' variant[6] references missing file: themes/Black-SLASH.theme
2026-05-30 20:09:22,880 [WARNING] ThemeLauncher: Component 'themes' variant[7] references missing file: themes/Black-Win.theme
2026-05-30 20:09:22,880 [WARNING] ThemeLauncher: Component 'themes' variant[8] references missing file: themes/Dark-DASH.theme
2026-05-30 20:09:22,880 [WARNING] ThemeLauncher: Component 'themes' variant[9] references missing file: themes/Dark-DOTS.theme
2026-05-30 20:09:22,880 [WARNING] ThemeLauncher: Component 'themes' variant[10] references missing file: themes/Dark-LIN.theme
2026-05-30 20:09:22,880 [WARNING] ThemeLauncher: Component 'themes' variant[11] references missing file: themes/Dark-Mac.theme
2026-05-30 20:09:22,880 [WARNING] ThemeLauncher: Component 'themes' variant[12] references missing file: themes/Dark-NU.theme
2026-05-30 20:09:22,880 [WARNING] ThemeLauncher: Component 'themes' variant[13] references missing file: themes/Dark-Round.theme
2026-05-30 20:09:22,880 [WARNING] ThemeLauncher: Component 'themes' variant[14] references missing file: themes/Dark-SLASH.theme
2026-05-30 20:09:22,881 [WARNING] ThemeLauncher: Component 'themes' variant[15] references missing file: themes/Dark-Win.theme
2026-05-30 20:09:22,881 [INFO] ThemeLauncher: Loaded theme: BlackIsBack
2026-05-30 20:09:22,881 [INFO] ThemeLauncher: Loaded theme: Buuf OS2
2026-05-30 20:09:22,882 [WARNING] ThemeLauncher: Component 'wallpapers' variant[0] references missing file: wallpapers/Delta v1/casey-horner-NIIVU-unsplash.jpg
2026-05-30 20:09:22,882 [WARNING] ThemeLauncher: Component 'wallpapers' variant[1] references missing file: wallpapers/Delta v1/daniel-mirlea-NIIVU-unsplash.jpg
2026-05-30 20:09:22,882 [WARNING] ThemeLauncher: Component 'wallpapers' variant[2] references missing file: wallpapers/Delta v1/joshua-earle-NIIVU-unsplash.jpg
2026-05-30 20:09:22,882 [WARNING] ThemeLauncher: Component 'wallpapers' variant[3] references missing file: wallpapers/Delta v1/petr-slovacek-NIIVU-unsplash.jpg
2026-05-30 20:09:22,882 [WARNING] ThemeLauncher: Component 'wallpapers' variant[4] references missing file: wallpapers/Delta v1/waves.jpeg
2026-05-30 20:09:22,882 [WARNING] ThemeLauncher: Component 'wallpapers' variant[5] references missing file: wallpapers/Delta v1/foggy.jpeg
2026-05-30 20:09:22,882 [WARNING] ThemeLauncher: Component 'wallpapers' variant[6] references missing file: wallpapers/Delta v1/geo.jpeg
2026-05-30 20:09:22,882 [WARNING] ThemeLauncher: Component 'wallpapers' variant[7] references missing file: wallpapers/Delta v1/nebula.jpeg
2026-05-30 20:09:22,882 [WARNING] ThemeLauncher: Component 'wallpapers' variant[8] references missing file: wallpapers/Delta v1/waterfall.jpeg
2026-05-30 20:09:22,882 [WARNING] ThemeLauncher: Component 'wallpapers' variant[9] references missing file: wallpapers/Delta v1/drip.jpeg
2026-05-30 20:09:22,882 [INFO] ThemeLauncher: Loaded theme: Delta v1
2026-05-30 20:09:22,883 [INFO] ThemeLauncher: Loaded theme: Delta v2
2026-05-30 20:09:22,883 [WARNING] ThemeLauncher: Component 'msstyles' variant[0] references missing file: msstyles/MAC/DRK 25 MAC.msstyles
2026-05-30 20:09:22,883 [WARNING] ThemeLauncher: Component 'msstyles' variant[1] references missing file: msstyles/MAC/DRK 25 MAC - dark.msstyles
2026-05-30 20:09:22,883 [WARNING] ThemeLauncher: Component 'msstyles' variant[2] references missing file: msstyles/MAC/DRK 25 MAC - light.msstyles
2026-05-30 20:09:22,883 [WARNING] ThemeLauncher: Component 'msstyles' variant[3] references missing file: msstyles/SQR/DRK 25 SQR.msstyles
2026-05-30 20:09:22,884 [WARNING] ThemeLauncher: Component 'msstyles' variant[4] references missing file: msstyles/SQR/DRK 25 SQR - dark.msstyles
2026-05-30 20:09:22,884 [WARNING] ThemeLauncher: Component 'msstyles' variant[5] references missing file: msstyles/SQR/DRK 25 SQR - light.msstyles
2026-05-30 20:09:22,884 [WARNING] ThemeLauncher: Component 'themes' variant[0] references missing file: themes/MAC/DRK 25 MAC.theme
2026-05-30 20:09:22,884 [WARNING] ThemeLauncher: Component 'themes' variant[1] references missing file: themes/MAC/DRK 25 MAC - Dark.theme
2026-05-30 20:09:22,884 [WARNING] ThemeLauncher: Component 'themes' variant[2] references missing file: themes/MAC/DRK 25 MAC - Light.theme
2026-05-30 20:09:22,884 [WARNING] ThemeLauncher: Component 'themes' variant[3] references missing file: themes/SQR/DRK 25 SQR.theme
2026-05-30 20:09:22,884 [WARNING] ThemeLauncher: Component 'themes' variant[4] references missing file: themes/SQR/DRK 25 SQR - Dark.theme
2026-05-30 20:09:22,884 [WARNING] ThemeLauncher: Component 'themes' variant[5] references missing file: themes/SQR/DRK 25 SQR - Light.theme
2026-05-30 20:09:22,884 [WARNING] ThemeLauncher: Component 'themes' variant[6] references missing file: themes/WIN/DRK 25 WIN.theme
2026-05-30 20:09:22,884 [WARNING] ThemeLauncher: Component 'themes' variant[7] references missing file: themes/WIN/DRK 25 WIN - Dark.theme
2026-05-30 20:09:22,884 [WARNING] ThemeLauncher: Component 'themes' variant[8] references missing file: themes/WIN/DRK 25 WIN - Light.theme
2026-05-30 20:09:22,884 [INFO] ThemeLauncher: Loaded theme: DRK 25
2026-05-30 20:09:22,884 [WARNING] ThemeLauncher: Skipping Extras: No manifest.json found in C:\\Users\\kyleh\\.gemini\\Themes\Extras
2026-05-30 20:09:22,885 [INFO] ThemeLauncher: Loaded theme: Gruvbox
2026-05-30 20:09:22,886 [INFO] ThemeLauncher: Loaded theme: iWin
2026-05-30 20:09:22,887 [INFO] ThemeLauncher: Loaded theme: Janguru
2026-05-30 20:09:22,887 [INFO] ThemeLauncher: Loaded theme: Japan 26
2026-05-30 20:09:22,889 [INFO] ThemeLauncher: Loaded theme: Kanagawa
2026-05-30 20:09:22,890 [INFO] ThemeLauncher: Loaded theme: Kripton
2026-05-30 20:09:22,892 [INFO] ThemeLauncher: Loaded theme: Night Owl
2026-05-30 20:09:22,892 [WARNING] ThemeLauncher: Component 'themes' variant[0] references missing file: themes/Paranoid Android - LUV - dark.theme
2026-05-30 20:09:22,892 [WARNING] ThemeLauncher: Component 'themes' variant[1] references missing file: themes/Paranoid Android - LUV - light.theme
2026-05-30 20:09:22,892 [WARNING] ThemeLauncher: Component 'themes' variant[2] references missing file: themes/Paranoid Android - LUV - night.theme
2026-05-30 20:09:22,893 [WARNING] ThemeLauncher: Component 'themes' variant[3] references missing file: themes/Paranoid Android - Nebula - dark.theme
2026-05-30 20:09:22,893 [WARNING] ThemeLauncher: Component 'themes' variant[4] references missing file: themes/Paranoid Android - Nebula - light.theme
2026-05-30 20:09:22,893 [WARNING] ThemeLauncher: Component 'themes' variant[5] references missing file: themes/Paranoid Android - Nebula - night.theme
2026-05-30 20:09:22,893 [WARNING] ThemeLauncher: Component 'themes' variant[6] references missing file: themes/Paranoid Android - Sweet - dark.theme
2026-05-30 20:09:22,893 [WARNING] ThemeLauncher: Component 'themes' variant[7] references missing file: themes/Paranoid Android - Sweet - light.theme
2026-05-30 20:09:22,893 [WARNING] ThemeLauncher: Component 'themes' variant[8] references missing file: themes/Paranoid Android - Sweet - night.theme
2026-05-30 20:09:22,893 [WARNING] ThemeLauncher: Component 'startorb' variant[0] references missing file: orbs/Paranoid Start Orb.svg
2026-05-30 20:09:22,893 [WARNING] ThemeLauncher: Component 'startorb' variant[1] references missing file: orbs/StartAllBack explorer.png
2026-05-30 20:09:22,893 [WARNING] ThemeLauncher: Component 'startorb' variant[2] references missing file: orbs/StartAllBack taskbar.png
2026-05-30 20:09:22,893 [INFO] ThemeLauncher: Loaded theme: Paranoid Android
2026-05-30 20:09:22,893 [INFO] ThemeLauncher: Loaded theme: Retro
2026-05-30 20:09:22,894 [WARNING] ThemeLauncher: Component 'cursors' references missing path: cursors
2026-05-30 20:09:22,894 [INFO] ThemeLauncher: Loaded theme: Rose Pine
2026-05-30 20:09:22,895 [INFO] ThemeLauncher: Loaded theme: Solarized
2026-05-30 20:09:22,897 [WARNING] ThemeLauncher: Component 'themes' variant[0] references missing file: themes/SynthWave '84 dark - luv.theme
2026-05-30 20:09:22,897 [WARNING] ThemeLauncher: Component 'themes' variant[1] references missing file: themes/SynthWave '84 dark - mac.theme
2026-05-30 20:09:22,897 [WARNING] ThemeLauncher: Component 'themes' variant[2] references missing file: themes/SynthWave '84 dark - mac gloss.theme
2026-05-30 20:09:22,897 [WARNING] ThemeLauncher: Component 'themes' variant[3] references missing file: themes/SynthWave '84 dark - nude.theme
2026-05-30 20:09:22,897 [WARNING] ThemeLauncher: Component 'themes' variant[4] references missing file: themes/SynthWave '84 night - luv.theme
2026-05-30 20:09:22,897 [WARNING] ThemeLauncher: Component 'themes' variant[5] references missing file: themes/SynthWave '84 night - mac.theme
2026-05-30 20:09:22,897 [WARNING] ThemeLauncher: Component 'themes' variant[6] references missing file: themes/SynthWave '84 night - mac gloss.theme
2026-05-30 20:09:22,897 [WARNING] ThemeLauncher: Component 'themes' variant[7] references missing file: themes/SynthWave '84 night - nude.theme
2026-05-30 20:09:22,897 [INFO] ThemeLauncher: Loaded theme: SynthWave '84
2026-05-30 20:09:22,897 [WARNING] ThemeLauncher: Component 'themes' variant[0] references missing file: themes/Tokyo Dark Night Circle Fill NA.theme
2026-05-30 20:09:22,897 [WARNING] ThemeLauncher: Component 'themes' variant[8] references missing file: themes/Tokyo Dark Storm Circle Fill NA.theme
2026-05-30 20:09:22,898 [INFO] ThemeLauncher: Loaded theme: Tokyo Night
2026-05-30 20:09:33,419 [WARNING] ThemeLauncher: Skipping .vscode: No manifest.json found in C:\\Users\\kyleh\\.gemini\\Themes\.vscode
2026-05-30 20:09:33,419 [WARNING] ThemeLauncher: Component 'themes' variant[0] references missing file: themes/Black-DASH.theme
2026-05-30 20:09:33,419 [WARNING] ThemeLauncher: Component 'themes' variant[1] references missing file: themes/Black-DOTS.theme
2026-05-30 20:09:33,420 [WARNING] ThemeLauncher: Component 'themes' variant[2] references missing file: themes/Black-LIN.theme
2026-05-30 20:09:33,420 [WARNING] ThemeLauncher: Component 'themes' variant[3] references missing file: themes/Black-Mac.theme
2026-05-30 20:09:33,420 [WARNING] ThemeLauncher: Component 'themes' variant[4] references missing file: themes/Black-NU.theme
2026-05-30 20:09:33,420 [WARNING] ThemeLauncher: Component 'themes' variant[5] references missing file: themes/Black-Round.theme
2026-05-30 20:09:33,420 [WARNING] ThemeLauncher: Component 'themes' variant[6] references missing file: themes/Black-SLASH.theme
2026-05-30 20:09:33,420 [WARNING] ThemeLauncher: Component 'themes' variant[7] references missing file: themes/Black-Win.theme
2026-05-30 20:09:33,420 [WARNING] ThemeLauncher: Component 'themes' variant[8] references missing file: themes/Dark-DASH.theme
2026-05-30 20:09:33,420 [WARNING] ThemeLauncher: Component 'themes' variant[9] references missing file: themes/Dark-DOTS.theme
2026-05-30 20:09:33,420 [WARNING] ThemeLauncher: Component 'themes' variant[10] references missing file: themes/Dark-LIN.theme
2026-05-30 20:09:33,420 [WARNING] ThemeLauncher: Component 'themes' variant[11] references missing file: themes/Dark-Mac.theme
2026-05-30 20:09:33,420 [WARNING] ThemeLauncher: Component 'themes' variant[12] references missing file: themes/Dark-NU.theme
2026-05-30 20:09:33,420 [WARNING] ThemeLauncher: Component 'themes' variant[13] references missing file: themes/Dark-Round.theme
2026-05-30 20:09:33,420 [WARNING] ThemeLauncher: Component 'themes' variant[14] references missing file: themes/Dark-SLASH.theme
2026-05-30 20:09:33,420 [WARNING] ThemeLauncher: Component 'themes' variant[15] references missing file: themes/Dark-Win.theme
2026-05-30 20:09:33,421 [INFO] ThemeLauncher: Loaded theme: BlackIsBack
2026-05-30 20:09:33,421 [INFO] ThemeLauncher: Loaded theme: Buuf OS2
2026-05-30 20:09:33,423 [WARNING] ThemeLauncher: Component 'wallpapers' variant[0] references missing file: wallpapers/Delta v1/casey-horner-NIIVU-unsplash.jpg
2026-05-30 20:09:33,423 [WARNING] ThemeLauncher: Component 'wallpapers' variant[1] references missing file: wallpapers/Delta v1/daniel-mirlea-NIIVU-unsplash.jpg
2026-05-30 20:09:33,423 [WARNING] ThemeLauncher: Component 'wallpapers' variant[2] references missing file: wallpapers/Delta v1/joshua-earle-NIIVU-unsplash.jpg
2026-05-30 20:09:33,423 [WARNING] ThemeLauncher: Component 'wallpapers' variant[3] references missing file: wallpapers/Delta v1/petr-slovacek-NIIVU-unsplash.jpg
2026-05-30 20:09:33,423 [WARNING] ThemeLauncher: Component 'wallpapers' variant[4] references missing file: wallpapers/Delta v1/waves.jpeg
2026-05-30 20:09:33,423 [WARNING] ThemeLauncher: Component 'wallpapers' variant[5] references missing file: wallpapers/Delta v1/foggy.jpeg
2026-05-30 20:09:33,423 [WARNING] ThemeLauncher: Component 'wallpapers' variant[6] references missing file: wallpapers/Delta v1/geo.jpeg
2026-05-30 20:09:33,423 [WARNING] ThemeLauncher: Component 'wallpapers' variant[7] references missing file: wallpapers/Delta v1/nebula.jpeg
2026-05-30 20:09:33,423 [WARNING] ThemeLauncher: Component 'wallpapers' variant[8] references missing file: wallpapers/Delta v1/waterfall.jpeg
2026-05-30 20:09:33,423 [WARNING] ThemeLauncher: Component 'wallpapers' variant[9] references missing file: wallpapers/Delta v1/drip.jpeg
2026-05-30 20:09:33,424 [INFO] ThemeLauncher: Loaded theme: Delta v1
2026-05-30 20:09:33,424 [INFO] ThemeLauncher: Loaded theme: Delta v2
2026-05-30 20:09:33,424 [WARNING] ThemeLauncher: Component 'msstyles' variant[0] references missing file: msstyles/MAC/DRK 25 MAC.msstyles
2026-05-30 20:09:33,424 [WARNING] ThemeLauncher: Component 'msstyles' variant[1] references missing file: msstyles/MAC/DRK 25 MAC - dark.msstyles
2026-05-30 20:09:33,424 [WARNING] ThemeLauncher: Component 'msstyles' variant[2] references missing file: msstyles/MAC/DRK 25 MAC - light.msstyles
2026-05-30 20:09:33,424 [WARNING] ThemeLauncher: Component 'msstyles' variant[3] references missing file: msstyles/SQR/DRK 25 SQR.msstyles
2026-05-30 20:09:33,424 [WARNING] ThemeLauncher: Component 'msstyles' variant[4] references missing file: msstyles/SQR/DRK 25 SQR - dark.msstyles
2026-05-30 20:09:33,424 [WARNING] ThemeLauncher: Component 'msstyles' variant[5] references missing file: msstyles/SQR/DRK 25 SQR - light.msstyles
2026-05-30 20:09:33,425 [WARNING] ThemeLauncher: Component 'themes' variant[0] references missing file: themes/MAC/DRK 25 MAC.theme
2026-05-30 20:09:33,425 [WARNING] ThemeLauncher: Component 'themes' variant[1] references missing file: themes/MAC/DRK 25 MAC - Dark.theme
2026-05-30 20:09:33,425 [WARNING] ThemeLauncher: Component 'themes' variant[2] references missing file: themes/MAC/DRK 25 MAC - Light.theme
2026-05-30 20:09:33,425 [WARNING] ThemeLauncher: Component 'themes' variant[3] references missing file: themes/SQR/DRK 25 SQR.theme
2026-05-30 20:09:33,425 [WARNING] ThemeLauncher: Component 'themes' variant[4] references missing file: themes/SQR/DRK 25 SQR - Dark.theme
2026-05-30 20:09:33,425 [WARNING] ThemeLauncher: Component 'themes' variant[5] references missing file: themes/SQR/DRK 25 SQR - Light.theme
2026-05-30 20:09:33,425 [WARNING] ThemeLauncher: Component 'themes' variant[6] references missing file: themes/WIN/DRK 25 WIN.theme
2026-05-30 20:09:33,425 [WARNING] ThemeLauncher: Component 'themes' variant[7] references missing file: themes/WIN/DRK 25 WIN - Dark.theme
2026-05-30 20:09:33,425 [WARNING] ThemeLauncher: Component 'themes' variant[8] references missing file: themes/WIN/DRK 25 WIN - Light.theme
2026-05-30 20:09:33,425 [INFO] ThemeLauncher: Loaded theme: DRK 25
2026-05-30 20:09:33,425 [WARNING] ThemeLauncher: Skipping Extras: No manifest.json found in C:\\Users\\kyleh\\.gemini\\Themes\Extras
2026-05-30 20:09:33,427 [INFO] ThemeLauncher: Loaded theme: Gruvbox
2026-05-30 20:09:33,428 [INFO] ThemeLauncher: Loaded theme: iWin
2026-05-30 20:09:33,429 [INFO] ThemeLauncher: Loaded theme: Janguru
2026-05-30 20:09:33,430 [INFO] ThemeLauncher: Loaded theme: Japan 26
2026-05-30 20:09:33,430 [INFO] ThemeLauncher: Loaded theme: Kanagawa
2026-05-30 20:09:33,433 [INFO] ThemeLauncher: Loaded theme: Kripton
2026-05-30 20:09:33,434 [INFO] ThemeLauncher: Loaded theme: Night Owl
2026-05-30 20:09:33,434 [WARNING] ThemeLauncher: Component 'themes' variant[0] references missing file: themes/Paranoid Android - LUV - dark.theme
2026-05-30 20:09:33,434 [WARNING] ThemeLauncher: Component 'themes' variant[1] references missing file: themes/Paranoid Android - LUV - light.theme
2026-05-30 20:09:33,434 [WARNING] ThemeLauncher: Component 'themes' variant[2] references missing file: themes/Paranoid Android - LUV - night.theme
2026-05-30 20:09:33,434 [WARNING] ThemeLauncher: Component 'themes' variant[3] references missing file: themes/Paranoid Android - Nebula - dark.theme
2026-05-30 20:09:33,434 [WARNING] ThemeLauncher: Component 'themes' variant[4] references missing file: themes/Paranoid Android - Nebula - light.theme
2026-05-30 20:09:33,434 [WARNING] ThemeLauncher: Component 'themes' variant[5] references missing file: themes/Paranoid Android - Nebula - night.theme
2026-05-30 20:09:33,434 [WARNING] ThemeLauncher: Component 'themes' variant[6] references missing file: themes/Paranoid Android - Sweet - dark.theme
2026-05-30 20:09:33,434 [WARNING] ThemeLauncher: Component 'themes' variant[7] references missing file: themes/Paranoid Android - Sweet - light.theme
2026-05-30 20:09:33,434 [WARNING] ThemeLauncher: Component 'themes' variant[8] references missing file: themes/Paranoid Android - Sweet - night.theme
2026-05-30 20:09:33,434 [WARNING] ThemeLauncher: Component 'startorb' variant[0] references missing file: orbs/Paranoid Start Orb.svg
2026-05-30 20:09:33,434 [WARNING] ThemeLauncher: Component 'startorb' variant[1] references missing file: orbs/StartAllBack explorer.png
2026-05-30 20:09:33,434 [WARNING] ThemeLauncher: Component 'startorb' variant[2] references missing file: orbs/StartAllBack taskbar.png
2026-05-30 20:09:33,434 [INFO] ThemeLauncher: Loaded theme: Paranoid Android
2026-05-30 20:09:33,435 [INFO] ThemeLauncher: Loaded theme: Retro
2026-05-30 20:09:33,436 [WARNING] ThemeLauncher: Component 'cursors' references missing path: cursors
2026-05-30 20:09:33,436 [INFO] ThemeLauncher: Loaded theme: Rose Pine
2026-05-30 20:09:33,437 [INFO] ThemeLauncher: Loaded theme: Solarized
2026-05-30 20:09:33,438 [WARNING] ThemeLauncher: Component 'themes' variant[0] references missing file: themes/SynthWave '84 dark - luv.theme
2026-05-30 20:09:33,438 [WARNING] ThemeLauncher: Component 'themes' variant[1] references missing file: themes/SynthWave '84 dark - mac.theme
2026-05-30 20:09:33,438 [WARNING] ThemeLauncher: Component 'themes' variant[2] references missing file: themes/SynthWave '84 dark - mac gloss.theme
2026-05-30 20:09:33,438 [WARNING] ThemeLauncher: Component 'themes' variant[3] references missing file: themes/SynthWave '84 dark - nude.theme
2026-05-30 20:09:33,438 [WARNING] ThemeLauncher: Component 'themes' variant[4] references missing file: themes/SynthWave '84 night - luv.theme
2026-05-30 20:09:33,438 [WARNING] ThemeLauncher: Component 'themes' variant[5] references missing file: themes/SynthWave '84 night - mac.theme
2026-05-30 20:09:33,438 [WARNING] ThemeLauncher: Component 'themes' variant[6] references missing file: themes/SynthWave '84 night - mac gloss.theme
2026-05-30 20:09:33,438 [WARNING] ThemeLauncher: Component 'themes' variant[7] references missing file: themes/SynthWave '84 night - nude.theme
2026-05-30 20:09:33,438 [INFO] ThemeLauncher: Loaded theme: SynthWave '84
2026-05-30 20:09:33,440 [WARNING] ThemeLauncher: Component 'themes' variant[0] references missing file: themes/Tokyo Dark Night Circle Fill NA.theme
2026-05-30 20:09:33,440 [WARNING] ThemeLauncher: Component 'themes' variant[8] references missing file: themes/Tokyo Dark Storm Circle Fill NA.theme
2026-05-30 20:09:33,440 [INFO] ThemeLauncher: Loaded theme: Tokyo Night
2026-05-30 22:19:29,987 [INFO] ThemeLauncher: Theme Launcher starting...
2026-05-30 22:19:29,989 [WARNING] ThemeLauncher: Not running as administrator. Font installation and some registry operations will fail. Re-launch with --admin flag for full functionality.
2026-05-30 22:19:29,990 [WARNING] ThemeLauncher: Skipping .vscode: No manifest.json found in C:\\Users\\kyleh\\.gemini\\Themes\.vscode
2026-05-30 22:19:29,991 [WARNING] ThemeLauncher: Component 'themes' variant[0] references missing file: themes/Black-DASH.theme
2026-05-30 22:19:29,991 [WARNING] ThemeLauncher: Component 'themes' variant[1] references missing file: themes/Black-DOTS.theme
2026-05-30 22:19:29,991 [WARNING] ThemeLauncher: Component 'themes' variant[2] references missing file: themes/Black-LIN.theme
2026-05-30 22:19:29,991 [WARNING] ThemeLauncher: Component 'themes' variant[3] references missing file: themes/Black-Mac.theme
2026-05-30 22:19:29,991 [WARNING] ThemeLauncher: Component 'themes' variant[4] references missing file: themes/Black-NU.theme
2026-05-30 22:19:29,991 [WARNING] ThemeLauncher: Component 'themes' variant[5] references missing file: themes/Black-Round.theme
2026-05-30 22:19:29,991 [WARNING] ThemeLauncher: Component 'themes' variant[6] references missing file: themes/Black-SLASH.theme
2026-05-30 22:19:29,991 [WARNING] ThemeLauncher: Component 'themes' variant[7] references missing file: themes/Black-Win.theme
2026-05-30 22:19:29,992 [WARNING] ThemeLauncher: Component 'themes' variant[8] references missing file: themes/Dark-DASH.theme
2026-05-30 22:19:29,992 [WARNING] ThemeLauncher: Component 'themes' variant[9] references missing file: themes/Dark-DOTS.theme
2026-05-30 22:19:29,992 [WARNING] ThemeLauncher: Component 'themes' variant[10] references missing file: themes/Dark-LIN.theme
2026-05-30 22:19:29,992 [WARNING] ThemeLauncher: Component 'themes' variant[11] references missing file: themes/Dark-Mac.theme
2026-05-30 22:19:29,992 [WARNING] ThemeLauncher: Component 'themes' variant[12] references missing file: themes/Dark-NU.theme
2026-05-30 22:19:29,992 [WARNING] ThemeLauncher: Component 'themes' variant[13] references missing file: themes/Dark-Round.theme
2026-05-30 22:19:29,992 [WARNING] ThemeLauncher: Component 'themes' variant[14] references missing file: themes/Dark-SLASH.theme
2026-05-30 22:19:29,992 [WARNING] ThemeLauncher: Component 'themes' variant[15] references missing file: themes/Dark-Win.theme
2026-05-30 22:19:29,992 [INFO] ThemeLauncher: Loaded theme: BlackIsBack
2026-05-30 22:19:29,993 [INFO] ThemeLauncher: Loaded theme: Buuf OS2
2026-05-30 22:19:29,994 [WARNING] ThemeLauncher: Component 'wallpapers' variant[0] references missing file: wallpapers/Delta v1/casey-horner-NIIVU-unsplash.jpg
2026-05-30 22:19:29,994 [WARNING] ThemeLauncher: Component 'wallpapers' variant[1] references missing file: wallpapers/Delta v1/daniel-mirlea-NIIVU-unsplash.jpg
2026-05-30 22:19:29,994 [WARNING] ThemeLauncher: Component 'wallpapers' variant[2] references missing file: wallpapers/Delta v1/joshua-earle-NIIVU-unsplash.jpg
2026-05-30 22:19:29,994 [WARNING] ThemeLauncher: Component 'wallpapers' variant[3] references missing file: wallpapers/Delta v1/petr-slovacek-NIIVU-unsplash.jpg
2026-05-30 22:19:29,994 [WARNING] ThemeLauncher: Component 'wallpapers' variant[4] references missing file: wallpapers/Delta v1/waves.jpeg
2026-05-30 22:19:29,994 [WARNING] ThemeLauncher: Component 'wallpapers' variant[5] references missing file: wallpapers/Delta v1/foggy.jpeg
2026-05-30 22:19:29,994 [WARNING] ThemeLauncher: Component 'wallpapers' variant[6] references missing file: wallpapers/Delta v1/geo.jpeg
2026-05-30 22:19:29,994 [WARNING] ThemeLauncher: Component 'wallpapers' variant[7] references missing file: wallpapers/Delta v1/nebula.jpeg
2026-05-30 22:19:29,994 [WARNING] ThemeLauncher: Component 'wallpapers' variant[8] references missing file: wallpapers/Delta v1/waterfall.jpeg
2026-05-30 22:19:29,994 [WARNING] ThemeLauncher: Component 'wallpapers' variant[9] references missing file: wallpapers/Delta v1/drip.jpeg
2026-05-30 22:19:29,995 [INFO] ThemeLauncher: Loaded theme: Delta v1
2026-05-30 22:19:29,995 [INFO] ThemeLauncher: Loaded theme: Delta v2
2026-05-30 22:19:29,996 [WARNING] ThemeLauncher: Component 'msstyles' variant[0] references missing file: msstyles/MAC/DRK 25 MAC.msstyles
2026-05-30 22:19:29,996 [WARNING] ThemeLauncher: Component 'msstyles' variant[1] references missing file: msstyles/MAC/DRK 25 MAC - dark.msstyles
2026-05-30 22:19:29,996 [WARNING] ThemeLauncher: Component 'msstyles' variant[2] references missing file: msstyles/MAC/DRK 25 MAC - light.msstyles
2026-05-30 22:19:29,996 [WARNING] ThemeLauncher: Component 'msstyles' variant[3] references missing file: msstyles/SQR/DRK 25 SQR.msstyles
2026-05-30 22:19:29,996 [WARNING] ThemeLauncher: Component 'msstyles' variant[4] references missing file: msstyles/SQR/DRK 25 SQR - dark.msstyles
2026-05-30 22:19:29,996 [WARNING] ThemeLauncher: Component 'msstyles' variant[5] references missing file: msstyles/SQR/DRK 25 SQR - light.msstyles
2026-05-30 22:19:29,996 [WARNING] ThemeLauncher: Component 'themes' variant[0] references missing file: themes/MAC/DRK 25 MAC.theme
2026-05-30 22:19:29,996 [WARNING] ThemeLauncher: Component 'themes' variant[1] references missing file: themes/MAC/DRK 25 MAC - Dark.theme
2026-05-30 22:19:29,996 [WARNING] ThemeLauncher: Component 'themes' variant[2] references missing file: themes/MAC/DRK 25 MAC - Light.theme
2026-05-30 22:19:29,996 [WARNING] ThemeLauncher: Component 'themes' variant[3] references missing file: themes/SQR/DRK 25 SQR.theme
2026-05-30 22:19:29,996 [WARNING] ThemeLauncher: Component 'themes' variant[4] references missing file: themes/SQR/DRK 25 SQR - Dark.theme
2026-05-30 22:19:29,997 [WARNING] ThemeLauncher: Component 'themes' variant[5] references missing file: themes/SQR/DRK 25 SQR - Light.theme
2026-05-30 22:19:29,997 [WARNING] ThemeLauncher: Component 'themes' variant[6] references missing file: themes/WIN/DRK 25 WIN.theme
2026-05-30 22:19:29,997 [WARNING] ThemeLauncher: Component 'themes' variant[7] references missing file: themes/WIN/DRK 25 WIN - Dark.theme
2026-05-30 22:19:29,997 [WARNING] ThemeLauncher: Component 'themes' variant[8] references missing file: themes/WIN/DRK 25 WIN - Light.theme
2026-05-30 22:19:29,997 [INFO] ThemeLauncher: Loaded theme: DRK 25
2026-05-30 22:19:29,997 [WARNING] ThemeLauncher: Skipping Extras: No manifest.json found in C:\\Users\\kyleh\\.gemini\\Themes\Extras
2026-05-30 22:19:29,999 [INFO] ThemeLauncher: Loaded theme: Gruvbox
2026-05-30 22:19:29,999 [INFO] ThemeLauncher: Loaded theme: iWin
2026-05-30 22:19:30,000 [INFO] ThemeLauncher: Loaded theme: Janguru
2026-05-30 22:19:30,001 [INFO] ThemeLauncher: Loaded theme: Japan 26
2026-05-30 22:19:30,002 [INFO] ThemeLauncher: Loaded theme: Kanagawa
2026-05-30 22:19:30,004 [INFO] ThemeLauncher: Loaded theme: Kripton
2026-05-30 22:19:30,005 [INFO] ThemeLauncher: Loaded theme: Night Owl
2026-05-30 22:19:30,005 [WARNING] ThemeLauncher: Component 'themes' variant[0] references missing file: themes/Paranoid Android - LUV - dark.theme
2026-05-30 22:19:30,006 [WARNING] ThemeLauncher: Component 'themes' variant[1] references missing file: themes/Paranoid Android - LUV - light.theme
2026-05-30 22:19:30,006 [WARNING] ThemeLauncher: Component 'themes' variant[2] references missing file: themes/Paranoid Android - LUV - night.theme
2026-05-30 22:19:30,006 [WARNING] ThemeLauncher: Component 'themes' variant[3] references missing file: themes/Paranoid Android - Nebula - dark.theme
2026-05-30 22:19:30,006 [WARNING] ThemeLauncher: Component 'themes' variant[4] references missing file: themes/Paranoid Android - Nebula - light.theme
2026-05-30 22:19:30,006 [WARNING] ThemeLauncher: Component 'themes' variant[5] references missing file: themes/Paranoid Android - Nebula - night.theme
2026-05-30 22:19:30,006 [WARNING] ThemeLauncher: Component 'themes' variant[6] references missing file: themes/Paranoid Android - Sweet - dark.theme
2026-05-30 22:19:30,006 [WARNING] ThemeLauncher: Component 'themes' variant[7] references missing file: themes/Paranoid Android - Sweet - light.theme
2026-05-30 22:19:30,006 [WARNING] ThemeLauncher: Component 'themes' variant[8] references missing file: themes/Paranoid Android - Sweet - night.theme
2026-05-30 22:19:30,006 [WARNING] ThemeLauncher: Component 'startorb' variant[0] references missing file: orbs/Paranoid Start Orb.svg
2026-05-30 22:19:30,006 [WARNING] ThemeLauncher: Component 'startorb' variant[1] references missing file: orbs/StartAllBack explorer.png
2026-05-30 22:19:30,007 [WARNING] ThemeLauncher: Component 'startorb' variant[2] references missing file: orbs/StartAllBack taskbar.png
2026-05-30 22:19:30,007 [INFO] ThemeLauncher: Loaded theme: Paranoid Android
2026-05-30 22:19:30,007 [INFO] ThemeLauncher: Loaded theme: Retro
2026-05-30 22:19:30,008 [WARNING] ThemeLauncher: Component 'cursors' references missing path: cursors
2026-05-30 22:19:30,008 [INFO] ThemeLauncher: Loaded theme: Rose Pine
2026-05-30 22:19:30,009 [INFO] ThemeLauncher: Loaded theme: Solarized
2026-05-30 22:19:30,010 [WARNING] ThemeLauncher: Component 'themes' variant[0] references missing file: themes/SynthWave '84 dark - luv.theme
2026-05-30 22:19:30,010 [WARNING] ThemeLauncher: Component 'themes' variant[1] references missing file: themes/SynthWave '84 dark - mac.theme
2026-05-30 22:19:30,010 [WARNING] ThemeLauncher: Component 'themes' variant[2] references missing file: themes/SynthWave '84 dark - mac gloss.theme
2026-05-30 22:19:30,010 [WARNING] ThemeLauncher: Component 'themes' variant[3] references missing file: themes/SynthWave '84 dark - nude.theme
2026-05-30 22:19:30,010 [WARNING] ThemeLauncher: Component 'themes' variant[4] references missing file: themes/SynthWave '84 night - luv.theme
2026-05-30 22:19:30,010 [WARNING] ThemeLauncher: Component 'themes' variant[5] references missing file: themes/SynthWave '84 night - mac.theme
2026-05-30 22:19:30,010 [WARNING] ThemeLauncher: Component 'themes' variant[6] references missing file: themes/SynthWave '84 night - mac gloss.theme
2026-05-30 22:19:30,010 [WARNING] ThemeLauncher: Component 'themes' variant[7] references missing file: themes/SynthWave '84 night - nude.theme
2026-05-30 22:19:30,011 [INFO] ThemeLauncher: Loaded theme: SynthWave '84
2026-05-30 22:19:30,011 [WARNING] ThemeLauncher: Component 'themes' variant[0] references missing file: themes/Tokyo Dark Night Circle Fill NA.theme
2026-05-30 22:19:30,012 [WARNING] ThemeLauncher: Component 'themes' variant[8] references missing file: themes/Tokyo Dark Storm Circle Fill NA.theme
2026-05-30 22:19:30,012 [INFO] ThemeLauncher: Loaded theme: Tokyo Night
2026-05-30 22:19:30,012 [WARNING] ThemeLauncher: Skipping .vscode: No manifest.json found in C:\\Users\\kyleh\\.gemini\\Themes\.vscode
2026-05-30 22:19:30,013 [WARNING] ThemeLauncher: Component 'themes' variant[0] references missing file: themes/Black-DASH.theme
2026-05-30 22:19:30,013 [WARNING] ThemeLauncher: Component 'themes' variant[1] references missing file: themes/Black-DOTS.theme
2026-05-30 22:19:30,013 [WARNING] ThemeLauncher: Component 'themes' variant[2] references missing file: themes/Black-LIN.theme
2026-05-30 22:19:30,013 [WARNING] ThemeLauncher: Component 'themes' variant[3] references missing file: themes/Black-Mac.theme
2026-05-30 22:19:30,013 [WARNING] ThemeLauncher: Component 'themes' variant[4] references missing file: themes/Black-NU.theme
2026-05-30 22:19:30,013 [WARNING] ThemeLauncher: Component 'themes' variant[5] references missing file: themes/Black-Round.theme
2026-05-30 22:19:30,013 [WARNING] ThemeLauncher: Component 'themes' variant[6] references missing file: themes/Black-SLASH.theme
2026-05-30 22:19:30,014 [WARNING] ThemeLauncher: Component 'themes' variant[7] references missing file: themes/Black-Win.theme
2026-05-30 22:19:30,014 [WARNING] ThemeLauncher: Component 'themes' variant[8] references missing file: themes/Dark-DASH.theme
2026-05-30 22:19:30,014 [WARNING] ThemeLauncher: Component 'themes' variant[9] references missing file: themes/Dark-DOTS.theme
2026-05-30 22:19:30,014 [WARNING] ThemeLauncher: Component 'themes' variant[10] references missing file: themes/Dark-LIN.theme
2026-05-30 22:19:30,014 [WARNING] ThemeLauncher: Component 'themes' variant[11] references missing file: themes/Dark-Mac.theme
2026-05-30 22:19:30,014 [WARNING] ThemeLauncher: Component 'themes' variant[12] references missing file: themes/Dark-NU.theme
2026-05-30 22:19:30,014 [WARNING] ThemeLauncher: Component 'themes' variant[13] references missing file: themes/Dark-Round.theme
2026-05-30 22:19:30,015 [WARNING] ThemeLauncher: Component 'themes' variant[14] references missing file: themes/Dark-SLASH.theme
2026-05-30 22:19:30,015 [WARNING] ThemeLauncher: Component 'themes' variant[15] references missing file: themes/Dark-Win.theme
2026-05-30 22:19:30,015 [INFO] ThemeLauncher: Loaded theme: BlackIsBack
2026-05-30 22:19:30,015 [INFO] ThemeLauncher: Loaded theme: Buuf OS2
2026-05-30 22:19:30,016 [WARNING] ThemeLauncher: Component 'wallpapers' variant[0] references missing file: wallpapers/Delta v1/casey-horner-NIIVU-unsplash.jpg
2026-05-30 22:19:30,016 [WARNING] ThemeLauncher: Component 'wallpapers' variant[1] references missing file: wallpapers/Delta v1/daniel-mirlea-NIIVU-unsplash.jpg
2026-05-30 22:19:30,016 [WARNING] ThemeLauncher: Component 'wallpapers' variant[2] references missing file: wallpapers/Delta v1/joshua-earle-NIIVU-unsplash.jpg
2026-05-30 22:19:30,016 [WARNING] ThemeLauncher: Component 'wallpapers' variant[3] references missing file: wallpapers/Delta v1/petr-slovacek-NIIVU-unsplash.jpg
2026-05-30 22:19:30,016 [WARNING] ThemeLauncher: Component 'wallpapers' variant[4] references missing file: wallpapers/Delta v1/waves.jpeg
2026-05-30 22:19:30,016 [WARNING] ThemeLauncher: Component 'wallpapers' variant[5] references missing file: wallpapers/Delta v1/foggy.jpeg
2026-05-30 22:19:30,016 [WARNING] ThemeLauncher: Component 'wallpapers' variant[6] references missing file: wallpapers/Delta v1/geo.jpeg
2026-05-30 22:19:30,017 [WARNING] ThemeLauncher: Component 'wallpapers' variant[7] references missing file: wallpapers/Delta v1/nebula.jpeg
2026-05-30 22:19:30,017 [WARNING] ThemeLauncher: Component 'wallpapers' variant[8] references missing file: wallpapers/Delta v1/waterfall.jpeg
2026-05-30 22:19:30,017 [WARNING] ThemeLauncher: Component 'wallpapers' variant[9] references missing file: wallpapers/Delta v1/drip.jpeg
2026-05-30 22:19:30,017 [INFO] ThemeLauncher: Loaded theme: Delta v1
2026-05-30 22:19:30,018 [INFO] ThemeLauncher: Loaded theme: Delta v2
2026-05-30 22:19:30,018 [WARNING] ThemeLauncher: Component 'msstyles' variant[0] references missing file: msstyles/MAC/DRK 25 MAC.msstyles
2026-05-30 22:19:30,018 [WARNING] ThemeLauncher: Component 'msstyles' variant[1] references missing file: msstyles/MAC/DRK 25 MAC - dark.msstyles
2026-05-30 22:19:30,018 [WARNING] ThemeLauncher: Component 'msstyles' variant[2] references missing file: msstyles/MAC/DRK 25 MAC - light.msstyles
2026-05-30 22:19:30,018 [WARNING] ThemeLauncher: Component 'msstyles' variant[3] references missing file: msstyles/SQR/DRK 25 SQR.msstyles
2026-05-30 22:19:30,018 [WARNING] ThemeLauncher: Component 'msstyles' variant[4] references missing file: msstyles/SQR/DRK 25 SQR - dark.msstyles
2026-05-30 22:19:30,018 [WARNING] ThemeLauncher: Component 'msstyles' variant[5] references missing file: msstyles/SQR/DRK 25 SQR - light.msstyles
2026-05-30 22:19:30,018 [WARNING] ThemeLauncher: Component 'themes' variant[0] references missing file: themes/MAC/DRK 25 MAC.theme
2026-05-30 22:19:30,019 [WARNING] ThemeLauncher: Component 'themes' variant[1] references missing file: themes/MAC/DRK 25 MAC - Dark.theme
2026-05-30 22:19:30,019 [WARNING] ThemeLauncher: Component 'themes' variant[2] references missing file: themes/MAC/DRK 25 MAC - Light.theme
2026-05-30 22:19:30,019 [WARNING] ThemeLauncher: Component 'themes' variant[3] references missing file: themes/SQR/DRK 25 SQR.theme
2026-05-30 22:19:30,019 [WARNING] ThemeLauncher: Component 'themes' variant[4] references missing file: themes/SQR/DRK 25 SQR - Dark.theme
2026-05-30 22:19:30,019 [WARNING] ThemeLauncher: Component 'themes' variant[5] references missing file: themes/SQR/DRK 25 SQR - Light.theme
2026-05-30 22:19:30,019 [WARNING] ThemeLauncher: Component 'themes' variant[6] references missing file: themes/WIN/DRK 25 WIN.theme
2026-05-30 22:19:30,019 [WARNING] ThemeLauncher: Component 'themes' variant[7] references missing file: themes/WIN/DRK 25 WIN - Dark.theme
2026-05-30 22:19:30,019 [WARNING] ThemeLauncher: Component 'themes' variant[8] references missing file: themes/WIN/DRK 25 WIN - Light.theme
2026-05-30 22:19:30,019 [INFO] ThemeLauncher: Loaded theme: DRK 25
2026-05-30 22:19:30,020 [WARNING] ThemeLauncher: Skipping Extras: No manifest.json found in C:\\Users\\kyleh\\.gemini\\Themes\Extras
2026-05-30 22:19:30,020 [INFO] ThemeLauncher: Loaded theme: Gruvbox
2026-05-30 22:19:30,021 [INFO] ThemeLauncher: Loaded theme: iWin
2026-05-30 22:19:30,022 [INFO] ThemeLauncher: Loaded theme: Janguru
2026-05-30 22:19:30,022 [INFO] ThemeLauncher: Loaded theme: Japan 26
2026-05-30 22:19:30,023 [INFO] ThemeLauncher: Loaded theme: Kanagawa
2026-05-30 22:19:30,024 [INFO] ThemeLauncher: Loaded theme: Kripton
2026-05-30 22:19:30,025 [INFO] ThemeLauncher: Loaded theme: Night Owl
2026-05-30 22:19:30,026 [WARNING] ThemeLauncher: Component 'themes' variant[0] references missing file: themes/Paranoid Android - LUV - dark.theme
2026-05-30 22:19:30,026 [WARNING] ThemeLauncher: Component 'themes' variant[1] references missing file: themes/Paranoid Android - LUV - light.theme
2026-05-30 22:19:30,026 [WARNING] ThemeLauncher: Component 'themes' variant[2] references missing file: themes/Paranoid Android - LUV - night.theme
2026-05-30 22:19:30,026 [WARNING] ThemeLauncher: Component 'themes' variant[3] references missing file: themes/Paranoid Android - Nebula - dark.theme
2026-05-30 22:19:30,026 [WARNING] ThemeLauncher: Component 'themes' variant[4] references missing file: themes/Paranoid Android - Nebula - light.theme
2026-05-30 22:19:30,026 [WARNING] ThemeLauncher: Component 'themes' variant[5] references missing file: themes/Paranoid Android - Nebula - night.theme
2026-05-30 22:19:30,026 [WARNING] ThemeLauncher: Component 'themes' variant[6] references missing file: themes/Paranoid Android - Sweet - dark.theme
2026-05-30 22:19:30,026 [WARNING] ThemeLauncher: Component 'themes' variant[7] references missing file: themes/Paranoid Android - Sweet - light.theme
2026-05-30 22:19:30,026 [WARNING] ThemeLauncher: Component 'themes' variant[8] references missing file: themes/Paranoid Android - Sweet - night.theme
2026-05-30 22:19:30,027 [WARNING] ThemeLauncher: Component 'startorb' variant[0] references missing file: orbs/Paranoid Start Orb.svg
2026-05-30 22:19:30,027 [WARNING] ThemeLauncher: Component 'startorb' variant[1] references missing file: orbs/StartAllBack explorer.png
2026-05-30 22:19:30,027 [WARNING] ThemeLauncher: Component 'startorb' variant[2] references missing file: orbs/StartAllBack taskbar.png
2026-05-30 22:19:30,027 [INFO] ThemeLauncher: Loaded theme: Paranoid Android
2026-05-30 22:19:30,027 [INFO] ThemeLauncher: Loaded theme: Retro
2026-05-30 22:19:30,028 [WARNING] ThemeLauncher: Component 'cursors' references missing path: cursors
2026-05-30 22:19:30,029 [INFO] ThemeLauncher: Loaded theme: Rose Pine
2026-05-30 22:19:30,030 [INFO] ThemeLauncher: Loaded theme: Solarized
2026-05-30 22:19:30,030 [WARNING] ThemeLauncher: Component 'themes' variant[0] references missing file: themes/SynthWave '84 dark - luv.theme
2026-05-30 22:19:30,030 [WARNING] ThemeLauncher: Component 'themes' variant[1] references missing file: themes/SynthWave '84 dark - mac.theme
2026-05-30 22:19:30,030 [WARNING] ThemeLauncher: Component 'themes' variant[2] references missing file: themes/SynthWave '84 dark - mac gloss.theme
2026-05-30 22:19:30,031 [WARNING] ThemeLauncher: Component 'themes' variant[3] references missing file: themes/SynthWave '84 dark - nude.theme
2026-05-30 22:19:30,031 [WARNING] ThemeLauncher: Component 'themes' variant[4] references missing file: themes/SynthWave '84 night - luv.theme
2026-05-30 22:19:30,031 [WARNING] ThemeLauncher: Component 'themes' variant[5] references missing file: themes/SynthWave '84 night - mac.theme
2026-05-30 22:19:30,031 [WARNING] ThemeLauncher: Component 'themes' variant[6] references missing file: themes/SynthWave '84 night - mac gloss.theme
2026-05-30 22:19:30,031 [WARNING] ThemeLauncher: Component 'themes' variant[7] references missing file: themes/SynthWave '84 night - nude.theme
2026-05-30 22:19:30,031 [INFO] ThemeLauncher: Loaded theme: SynthWave '84
2026-05-30 22:19:30,032 [WARNING] ThemeLauncher: Component 'themes' variant[0] references missing file: themes/Tokyo Dark Night Circle Fill NA.theme
2026-05-30 22:19:30,032 [WARNING] ThemeLauncher: Component 'themes' variant[8] references missing file: themes/Tokyo Dark Storm Circle Fill NA.theme
2026-05-30 22:19:30,033 [INFO] ThemeLauncher: Loaded theme: Tokyo Night
2026-05-30 22:19:30,033 [INFO] ThemeLauncher: Discovered 18 theme(s)
2026-05-30 22:19:30,033 [INFO] ThemeLauncher: Windows Update Resilience Monitor active
2026-05-30 22:19:30,034 [INFO] ThemeLauncher: Scheduled Theme Switcher active
2026-05-30 22:19:32,283 [INFO] ThemeLauncher: Status: Selected: Japan 26
2026-05-30 22:19:32,283 [INFO] ThemeLauncher: Theme Launcher UI ready
2026-05-30 22:20:08,749 [INFO] ThemeLauncher: ThemeColors: palette updated — broadcasting to 8 listener(s)
2026-05-30 22:20:11,116 [INFO] ThemeLauncher: Status: Selected: Buuf OS2
2026-05-30 22:20:16,289 [INFO] ThemeLauncher: ThemeColors: palette updated — broadcasting to 8 listener(s)
2026-05-30 22:20:17,818 [INFO] ThemeLauncher: Status: Selected: Delta v1
2026-05-30 22:20:58,798 [INFO] ThemeLauncher: ThemeColors: palette updated — broadcasting to 8 listener(s)
2026-05-30 22:21:01,557 [INFO] ThemeLauncher: Status: Selected: Gruvbox
2026-05-30 22:21:07,403 [INFO] ThemeLauncher: ThemeColors: palette updated — broadcasting to 8 listener(s)
2026-05-30 22:21:14,552 [INFO] ThemeLauncher: Status: Selected: iWin
2026-05-30 22:21:17,678 [INFO] ThemeLauncher: ThemeColors: palette updated — broadcasting to 8 listener(s)
2026-05-30 22:21:25,134 [INFO] ThemeLauncher: Status: Selected: Janguru
2026-05-30 22:21:33,623 [INFO] ThemeLauncher: ThemeColors: palette updated — broadcasting to 8 listener(s)
2026-05-30 22:21:37,778 [INFO] ThemeLauncher: Status: Selected: Kripton
2026-05-30 22:23:06,093 [INFO] ThemeLauncher: ThemeColors: palette updated — broadcasting to 8 listener(s)
2026-05-30 22:23:10,254 [INFO] ThemeLauncher: Status: Selected: Solarized
2026-05-30 22:23:10,263 [INFO] ThemeLauncher: ThemeColors: palette updated — broadcasting to 8 listener(s)
2026-05-30 22:23:14,952 [INFO] ThemeLauncher: Status: Selected: SynthWave '84
2026-05-30 22:23:54,727 [INFO] ThemeLauncher: Status: Restoring system defaults...
2026-05-30 22:23:54,764 [INFO] ThemeLauncher: Status: Restoring via Smart Rollback...
2026-05-30 22:23:56,025 [INFO] ThemeLauncher: Status: System defaults restored via Smart Rollback
2026-05-30 22:23:56,025 [INFO] ThemeLauncher: ThemeColors: palette updated — broadcasting to 8 listener(s)
2026-05-30 22:29:39,917 [INFO] ThemeLauncher: Status: Capturing safety snapshot...
2026-05-30 22:29:39,931 [INFO] ThemeLauncher: Safety snapshot captured: 2026-05-30T22-29-39
2026-05-30 22:29:39,932 [INFO] ThemeLauncher: Status: Applying theme...
2026-05-30 22:29:40,317 [INFO] ThemeLauncher: Wallpaper set to: C:\\Users\\kyleh\\.gemini\\Themes\SynthWave 84\wallpapers/UNSPLASH-NIIVU (1).jpg
2026-05-30 22:29:40,327 [INFO] ThemeLauncher: Status: Applied wallpapers
